id_hogar,localidad,periodo,personas,superficie_m2,aires_acondicionados,nivel_subsidio,temperatura_media,consumo_kwh,importe
H0001,Corrientes,2025-01,1,60,1,N3,27.3,419,"$ 58.483,50"
H0001,Corrientes,2025-02,1,60,1,N3,27.0,481,"$ 72.051,86"
H0001,Corrientes,2025-03,1,60,1,N3,24.3,267,"$ 37.667,11"
H0001,Corrientes,2025-04,1,60,1,N3,22.3,174,"$ 27.161,55"
H0001,Corrientes,2025-05,1,60,1,N3,18.7,217,"$ 33.265,72"
H0001,Corrientes,2025-06,1,60,1,N3,15.6,396,"$ 61.211,45"
H0001,Corrientes,2025-07,1,60,1,N3,15.0,491,"$ 83.729,28"
H0001,Corrientes,2025-08,1,60,1,N3,17.1,260,"$ 41.665,81"
H0001,Corrientes,2025-09,1,60,1,N3,19.2,150,"$ 27.388,48"
H0001,Corrientes,2025-10,1,60,1,N3,22.2,s/l,"$ 35.067,70"
H0001,Corrientes,2025-11,1,60,1,N3,24.9,301,"$ 50.868,38"
H0001,Corrientes,2025-12,1,60,1,N3,26.9,510,"$ 99.481,10"
H0002,Corrientes,2025-01,4,160,0,N3,27.3,262,"$ 35.280,60"
H0002,Corrientes,2025-02,4,160,0,N3,27.0,286,"$ 38.974,39"
H0002,Corrientes,2025-03,4,160,0,N3,24.3,349,"$ 47.514,20"
H0002,Corrientes,2025-04,4,160,0,N3,22.3,269,"$ 38.854,97"
H0002,Corrientes,2025-05,4,160,0,N3,18.7,443,"$ 69.601,47"
H0002,Corrientes,2025-06,4,160,0,N3,15.6,785,"$ 145.053,89"
H0002,Corrientes,2025-07,4,160,0,N3,15.0,695,"$ 128.797,29"
H0002,Corrientes,2025-08,4,160,0,N3,17.1,631,"$ 117.524,77"
H0002,Corrientes,2025-09,4,160,0,N3,19.2,452,"$ 78.915,96"
H0002,Corrientes,2025-10,4,160,0,N3,22.2,316,"$ 51.768,87"
H0002,Corrientes,2025-11,4,160,0,N3,24.9,314,"$ 52.770,46"
H0002,Corrientes,2025-12,4,160,0,N3,26.9,369,"$ 64.237,79"
H0003,Corrientes,2025-01,2,81,2,N3,27.3,589,"$ 90.868,50"
H0003,Corrientes,2025-02,2,81,2,N3,27.0,718,"$ 118.329,07"
H0003,Corrientes,2025-03,2,81,2,N3,24.3,406,"$ 58.842,35"
H0003,Corrientes,2025-04,2,81,2,N3,22.3,233,"$ 34.423,78"
H0003,Corrientes,2025-05,2,81,2,N3,18.7,231,"$ 35.032,04"
H0003,Corrientes,2025-06,2,81,2,N3,15.6,395,"$ 60.995,91"
H0003,Corrientes,2025-07,2,81,2,N3,15.0,520,"$ 90.136,01"
H0003,Corrientes,2025-08,2,81,2,N3,17.1,362,"$ 56.611,16"
H0003,Corrientes,2025-09,2,81,2,N3,19.2,186,"$ 32.401,96"
H0003,Corrientes,2025-10,2,81,2,N3,22.2,173,"$ 31.356,33"
H0003,Corrientes,2025-11,2,81,2,N3,24.9,477,"$ 89.007,48"
H0003,Corrientes,2025-12,2,81,2,N3,26.9,678,"$ 141.473,12"
H0004,Corrientes,2025-01,4,83,2,N3,27.3,509,"$ 75.628,50"
H0004,Corrientes,2025-02,4,83,2,N3,27.0,520,"$ 79.667,10"
H0004,Corrientes,2025-03,4,83,2,N3,24.3,290,"$ 40.429,10"
H0004,Corrientes,2025-04,4,83,2,N3,22.3,232,"$ 34.300,69"
H0004,Corrientes,2025-05,4,83,2,N3,18.7,277,"$ 40.835,67"
H0004,Corrientes,2025-06,4,83,2,N3,15.6,501,"$ 83.842,44"
H0004,Corrientes,2025-07,4,83,2,N3,15.0,632,"$ 114.879,23"
H0004,Corrientes,2025-08,4,83,2,N3,17.1,s/l,"$ 92.389,41"
H0004,Corrientes,2025-09,4,83,2,N3,19.2,213,"$ 36.162,08"
H0004,Corrientes,2025-10,4,83,2,N3,22.2,192,"$ 34.068,48"
H0004,Corrientes,2025-11,4,83,2,N3,24.9,495,"$ 93.396,89"
H0004,Corrientes,2025-12,4,83,2,N3,26.9,468,"$ 88.983,09"
H0005,Corrientes,2025-01,4,103,3,N1,27.3,890,"$ 174.879,00"
H0005,Corrientes,2025-02,4,103,3,N1,27.0,1238,"$ 247.202,33"
H0005,Corrientes,2025-03,4,103,3,N1,24.3,670,"$ 139.700,56"
H0005,Corrientes,2025-04,4,103,3,N1,22.3,309,"$ 69.134,76"
H0005,Corrientes,2025-05,4,103,3,N1,18.7,312,"$ 71.493,96"
H0005,Corrientes,2025-06,4,103,3,N1,15.6,565,"$ 127.811,23"
H0005,Corrientes,2025-07,4,103,3,N1,15.0,599,"$ 138.517,84"
H0005,Corrientes,2025-08,4,103,3,N1,17.1,478,"$ 114.580,99"
H0005,Corrientes,2025-09,4,103,3,N1,19.2,276,"$ 70.560,15"
H0005,Corrientes,2025-10,4,103,3,N1,22.2,279,"$ 73.037,88"
H0005,Corrientes,2025-11,4,103,3,N1,24.9,644,"$ 163.871,30"
H0005,Corrientes,2025-12,4,103,3,N1,26.9,1248,"$ 318.939,40"
H0006,Corrientes,2025-01,1,76,1,N2,27.3,402,"$ 44.132,50"
H0006,Corrientes,2025-02,1,76,1,N2,27.0,390,"$ 42.892,66"
H0006,Corrientes,2025-03,1,76,1,N2,24.3,203,"$ 23.210,04"
H0006,Corrientes,2025-04,1,76,1,N2,22.3,144,"$ 18.545,35"
H0006,Corrientes,2025-05,1,76,1,N2,18.7,198,"$ 23.929,45"
H0006,Corrientes,2025-06,1,76,1,N2,15.6,333,"$ 37.136,38"
H0006,Corrientes,2025-07,1,76,1,N2,15.0,394,"$ 49.412,80"
H0006,Corrientes,2025-08,1,76,1,N2,17.1,295,"$ 35.287,62"
H0006,Corrientes,2025-09,1,76,1,N2,19.2,161,"$ 22.692,21"
H0006,Corrientes,2025-10,1,76,1,N2,22.2,224,"$ 29.754,41"
H0006,Corrientes,2025-11,1,76,1,N2,24.9,292,"$ 37.683,90"
H0006,Corrientes,2025-12,1,76,1,N2,26.9,449,"$ 69.653,43"
H0007,Corrientes,2025-01,3,112,3,N3,27.3,1353,"$ 236.410,50"
H0007,Corrientes,2025-02,3,112,3,N3,27.0,1542,"$ 279.225,38"
H0007,Corrientes,2025-03,3,112,3,N3,24.3,722,"$ 122.087,88"
H0007,Corrientes,2025-04,3,112,3,N3,22.3,361,"$ 51.081,77"
H0007,Corrientes,2025-05,3,112,3,N3,18.7,350,"$ 50.045,77"
H0007,Corrientes,2025-06,3,112,3,N3,15.6,99999,"$ 132.552,96"
H0007,Corrientes,2025-07,3,112,3,N3,15.0,810,"$ 154.203,27"
H0007,Corrientes,2025-08,3,112,3,N3,17.1,492,"$ 86.048,96"
H0007,Corrientes,2025-09,3,112,3,N3,19.2,333,"$ 52.873,69"
H0007,Corrientes,2025-10,3,112,3,N3,22.2,305,"$ 50.198,67"
H0007,Corrientes,2025-11,3,112,3,N3,24.9,1037,"$ 225.566,90"
H0007,Corrientes,2025-12,3,112,3,N3,26.9,1405,"$ 323.188,59"
H0008,Corrientes,2025-01,4,68,1,N3,27.3,441,"$ 62.674,50"
H0008,Corrientes,2025-02,4,68,1,N3,27.0,383,"$ 52.916,14"
H0008,Corrientes,2025-03,4,68,1,N3,24.3,256,"$ 36.346,16"
H0008,Corrientes,2025-04,4,68,1,N3,22.3,205,"$ 30.977,30"
H0008,Corrientes,2025-05,4,68,1,N3,18.7,232,"$ 35.158,21"
H0008,Corrientes,2025-06,4,68,1,N3,15.6,398,"$ 61.642,51"
H0008,Corrientes,2025-07,4,68,1,N3,15.0,551,"$ 96.984,58"
H0008,Corrientes,2025-08,4,68,1,N3,17.1,375,"$ 59.554,94"
H0008,Corrientes,2025-09,4,68,1,N3,19.2,257,"$ 42.289,67"
H0008,Corrientes,2025-10,4,68,1,N3,22.2,171,"$ 31.070,84"
H0008,Corrientes,2025-11,4,68,1,N3,24.9,336,"$ 55.989,36"
H0008,Corrientes,2025-12,4,68,1,N3,26.9,357,"$ 61.238,36"
H0009,Corrientes,2025-01,3,71,1,N1,27.3,484,"$ 97.536,00"
H0009,Corrientes,2025-02,3,71,1,N1,27.0,492,"$ 101.536,50"
H0009,Corrientes,2025-03,3,71,1,N1,24.3,330,"$ 71.651,57"
H0009,Corrientes,2025-04,3,71,1,N1,22.3,200,"$ 46.773,67"
H0009,Corrientes,2025-05,3,71,1,N1,18.7,337,"$ 76.750,87"
H0009,Corrientes,2025-06,3,71,1,N1,15.6,536,"$ 121.560,76"
H0009,Corrientes,2025-07,3,71,1,N1,15.0,787,"$ 180.051,10"
H0009,Corrientes,2025-08,3,71,1,N1,17.1,366,"$ 89.219,19"
H0009,Corrientes,2025-09,3,71,1,N1,19.2,289,"$ 73.577,52"
H0009,Corrientes,2025-10,3,71,1,N1,22.2,197,"$ 53.529,39"
H0009,Corrientes,2025-11,3,71,1,N1,24.9,337,"$ 89.007,48"
H0009,Corrientes,2025-12,3,71,1,N1,26.9,374,"$ 100.480,91"
H0010,Corrientes,2025-01,4,81,1,N2,27.3,492,"$ 61.277,50"
H0010,Corrientes,2025-02,4,81,1,N2,27.0,499,"$ 64.176,28"
H0010,Corrientes,2025-03,4,81,1,N2,24.3,380,"$ 41.963,54"
H0010,Corrientes,2025-04,4,81,1,N2,22.3,280,"$ 30.635,38"
H0010,Corrientes,2025-05,4,81,1,N2,18.7,324,"$ 35.410,54"
H0010,Corrientes,2025-06,4,81,1,N2,15.6,631,"$ 99.288,99"
H0010,Corrientes,2025-07,4,81,1,N2,15.0,717,"$ 120.770,47"
H0010,Corrientes,2025-08,4,81,1,N2,17.1,502,"$ 75.104,14"
H0010,Corrientes,2025-09,4,81,1,N2,19.2,333,"$ 39.991,82"
H0010,Corrientes,2025-10,4,81,1,N2,22.2,248,"$ 32.228,66"
H0010,Corrientes,2025-11,4,81,1,N2,24.9,345,"$ 43.284,46"
H0010,Corrientes,2025-12,4,81,1,N2,26.9,518,"$ 86.900,16"
H0011,Corrientes,2025-01,3,78,1,N2,27.3,603,"$ 82.423,00"
H0011,Corrientes,2025-02,3,78,1,N2,27.0,624,"$ 88.584,09"
H0011,Corrientes,2025-03,3,78,1,N2,24.3,490,"$ 63.979,39"
H0011,Corrientes,2025-04,3,78,1,N2,22.3,341,"$ 36.058,12"
H0011,Corrientes,2025-05,3,78,1,N2,18.7,508,"$ 71.003,32"
H0011,Corrientes,2025-06,3,78,1,N2,15.6,816,"$ 139.162,64"
H0011,Corrientes,2025-07,3,78,1,N2,15.0,856,"$ 151.478,57"
H0011,Corrientes,2025-08,3,78,1,N2,17.1,686,"$ 116.769,95"
H0011,Corrientes,2025-09,3,78,1,N2,19.2,403,"$ 54.003,27"
H0011,Corrientes,2025-10,3,78,1,N2,22.2,362,"$ 45.599,11"
H0011,Corrientes,2025-11,3,78,1,N2,24.9,628,"$ 111.604,81"
H0011,Corrientes,2025-12,3,78,1,N2,26.9,784,"$ 153.387,52"
H0012,Corrientes,2025-01,5,183,2,N1,27.3,1119,"$ 218.503,50"
H0012,Corrientes,2025-02,5,183,2,N1,27.0,1015,"$ 203.658,79"
H0012,Corrientes,2025-03,5,183,2,N1,24.3,632,"$ 132.095,08"
H0012,Corrientes,2025-04,5,183,2,N1,22.3,531,"$ 114.677,54"
H0012,Corrientes,2025-05,5,183,2,N1,18.7,591,"$ 130.161,06"
H0012,Corrientes,2025-06,5,183,2,N1,15.6,1166,"$ 257.346,72"
H0012,Corrientes,2025-07,5,183,2,N1,15.0,1122,"$ 254.059,84"
H0012,Corrientes,2025-08,5,183,2,N1,17.1,867,"$ 202.667,95"
H0012,Corrientes,2025-09,5,183,2,N1,19.2,514,"$ 125.801,32"
H0012,Corrientes,2025-10,5,183,2,N1,22.2,397,"$ 101.111,07"
H0012,Corrientes,2025-11,5,183,2,N1,24.9,784,"$ 198.011,16"
H0012,Corrientes,2025-12,5,183,2,N1,26.9,833,"$ 215.209,11"
H0013,Corrientes,2025-01,5,119,1,N3,27.3,640,"$ 100.584,00"
H0013,Corrientes,2025-02,5,119,1,N3,27.0,888,"$ 151.523,70"
H0013,Corrientes,2025-03,5,119,1,N3,24.3,526,"$ 82.859,64"
H0013,Corrientes,2025-04,5,119,1,N3,22.3,406,"$ 60.313,41"
H0013,Corrientes,2025-05,5,119,1,N3,18.7,441,"$ 69.180,92"
H0013,Corrientes,2025-06,5,119,1,N3,15.6,753,"$ 138.156,82"
H0013,Corrientes,2025-07,5,119,1,N3,15.0,859,"$ 165.028,43"
H0013,Corrientes,2025-08,5,119,1,N3,17.1,707,"$ 134.734,56"
H0013,Corrientes,2025-09,5,119,1,N3,19.2,347,"$ 54.823,38"
H0013,Corrientes,2025-10,5,119,1,N3,22.2,450,"$ 80.413,04"
H0013,Corrientes,2025-11,5,119,1,N3,24.9,466,"$ 86.325,06"
H0013,Corrientes,2025-12,5,119,1,N3,26.9,592,"$ 119.977,20"
H0014,Corrientes,2025-01,4,73,0,N2,27.3,255,"$ 26.384,25"
H0014,Corrientes,2025-02,4,73,0,N2,27.0,232,"$ 25.097,74"
H0014,Corrientes,2025-03,4,73,0,N2,24.3,245,"$ 26.852,66"
H0014,Corrientes,2025-04,4,73,0,N2,22.3,169,"$ 20.767,78"
H0014,Corrientes,2025-05,4,73,0,N2,18.7,352,"$ 38.200,20"
H0014,Corrientes,2025-06,4,73,0,N2,15.6,704,"$ 115.022,92"
H0014,Corrientes,2025-07,4,73,0,N2,15.0,781,"$ 134.909,45"
H0014,Corrientes,2025-08,4,73,0,N2,17.1,671,"$ 113.373,28"
H0014,Corrientes,2025-09,4,73,0,N2,19.2,287,"$ 35.365,18"
H0014,Corrientes,2025-10,4,73,0,N2,22.2,228,"$ 30.166,78"
H0014,Corrientes,2025-11,4,73,0,N2,24.9,271,"$ 35.464,81"
H0014,Corrientes,2025-12,4,73,0,N2,26.9,170,"$ 25.411,84"
H0015,Corrientes,2025-01,4,94,3,N1,27.3,975,"$ 191.071,50"
H0015,Corrientes,2025-02,4,94,3,N1,27.0,1056,"$ 211.664,55"
H0015,Corrientes,2025-03,4,94,3,N1,24.3,604,"$ 126.491,05"
H0015,Corrientes,2025-04,4,94,3,N1,22.3,306,"$ 68.519,32"
H0015,Corrientes,2025-05,4,94,3,N1,18.7,355,"$ 80.535,84"
H0015,Corrientes,2025-06,4,94,3,N1,15.6,751,"$ 167.900,41"
H0015,Corrientes,2025-07,4,94,3,N1,15.0,590,"$ 136.529,55"
H0015,Corrientes,2025-08,4,94,3,N1,17.1,565,"$ 134.281,67"
H0015,Corrientes,2025-09,4,94,3,N1,19.2,265,"$ 68.006,99"
H0015,Corrientes,2025-10,4,94,3,N1,22.2,315,"$ 81.602,58"
H0015,Corrientes,2025-11,4,94,3,N1,24.9,870,"$ 218.982,78"
H0015,Corrientes,2025-12,4,94,3,N1,26.9,1181,"$ 302.192,58"
H0016,Corrientes,2025-01,2,121,2,N1,27.3,875,"$ 172.021,50"
H0016,Corrientes,2025-02,2,121,2,N1,27.0,835,"$ 168.511,54"
H0016,Corrientes,2025-03,2,121,2,N1,24.3,523,"$ 110.279,38"
H0016,Corrientes,2025-04,2,121,2,N1,22.3,258,"$ 58.672,23"
H0016,Corrientes,2025-05,2,121,2,N1,18.7,353,"$ 80.115,29"
H0016,Corrientes,2025-06,2,121,2,N1,15.6,575,"$ 129.966,56"
H0016,Corrientes,2025-07,2,121,2,N1,15.0,466,"$ 109.135,27"
H0016,Corrientes,2025-08,2,121,2,N1,17.1,481,"$ 115.260,32"
H0016,Corrientes,2025-09,2,121,2,N1,19.2,228,"$ 59.419,07"
H0016,Corrientes,2025-10,2,121,2,N1,22.2,312,"$ 80.888,85"
H0016,Corrientes,2025-11,2,121,2,N1,24.9,508,"$ 130.706,87"
H0016,Corrientes,2025-12,2,121,2,N1,26.9,s/l,"$ 270.198,66"
H0017,Corrientes,2025-01,3,72,0,N2,27.3,184,"$ 20.523,20"
H0017,Corrientes,2025-02,3,72,0,N2,27.0,179,"$ 20.613,21"
H0017,Corrientes,2025-03,3,72,0,N2,24.3,172,"$ 20.521,44"
H0017,Corrientes,2025-04,3,72,0,N2,22.3,137,"$ 17.923,07"
H0017,Corrientes,2025-05,3,72,0,N2,18.7,238,"$ 27.574,24"
H0017,Corrientes,2025-06,3,72,0,N2,15.6,634,"$ 99.935,59"
H0017,Corrientes,2025-07,3,72,0,N2,15.0,627,"$ 100.887,53"
H0017,Corrientes,2025-08,3,72,0,N2,17.1,433,"$ 59.479,46"
H0017,Corrientes,2025-09,3,72,0,N2,19.2,206,"$ 27.218,27"
H0017,Corrientes,2025-10,3,72,0,N2,22.2,150,"$ 22.125,48"
H0017,Corrientes,2025-11,3,72,0,N2,24.9,152,"$ 22.889,96"
H0017,Corrientes,2025-12,3,72,0,N2,26.9,169,"$ 25.303,53"
H0018,Corrientes,2025-01,3,64,0,N2,27.3,207,"$ 22.421,85"
H0018,Corrientes,2025-02,3,64,0,N2,27.0,229,"$ 24.843,90"
H0018,Corrientes,2025-03,3,64,0,N2,24.3,179,"$ 21.128,54"
H0018,Corrientes,2025-04,3,64,0,N2,22.3,186,"$ 22.279,04"
H0018,Corrientes,2025-05,3,64,0,N2,18.7,279,"$ 31.310,15"
H0018,Corrientes,2025-06,3,64,0,N2,15.6,470,"$ 64.588,13"
H0018,Corrientes,2025-07,3,64,0,N2,15.0,715,"$ 120.328,63"
H0018,Corrientes,2025-08,3,64,0,N2,17.1,376,"$ 46.572,11"
H0018,Corrientes,2025-09,3,64,0,N2,19.2,241,"$ 30.738,54"
H0018,Corrientes,2025-10,3,64,0,N2,22.2,181,"$ 25.321,38"
H0018,Corrientes,2025-11,3,64,0,N2,24.9,s/l,"$ 27.011,13"
H0018,Corrientes,2025-12,3,64,0,N2,26.9,177,"$ 26.170,03"
H0019,Corrientes,2025-01,3,87,1,N3,27.3,682,"$ 108.585,00"
H0019,Corrientes,2025-02,3,87,1,N3,27.0,670,"$ 108.956,48"
H0019,Corrientes,2025-03,3,87,1,N3,24.3,388,"$ 55.239,76"
H0019,Corrientes,2025-04,3,87,1,N3,22.3,251,"$ 36.639,37"
H0019,Corrientes,2025-05,3,87,1,N3,18.7,360,"$ 52.148,54"
H0019,Corrientes,2025-06,3,87,1,N3,15.6,617,"$ 108.844,30"
H0019,Corrientes,2025-07,3,87,1,N3,15.0,668,"$ 122.832,41"
H0019,Corrientes,2025-08,3,87,1,N3,17.1,509,"$ 89.898,52"
H0019,Corrientes,2025-09,3,87,1,N3,19.2,247,"$ 40.897,03"
H0019,Corrientes,2025-10,3,87,1,N3,22.2,269,"$ 45.059,85"
H0019,Corrientes,2025-11,3,87,1,N3,24.9,555,"$ 108.028,25"
H0019,Corrientes,2025-12,3,87,1,N3,26.9,551,"$ 109.729,15"
H0020,Corrientes,2025-01,2,94,2,N3,27.3,901,"$ 150.304,50"
H0020,Corrientes,2025-02,2,94,2,N3,27.0,750,"$ 124.577,48"
H0020,Corrientes,2025-03,2,94,2,N3,24.3,575,"$ 92.666,70"
H0020,Corrientes,2025-04,2,94,2,N3,22.3,281,"$ 40.332,03"
H0020,Corrientes,2025-05,2,94,2,N3,18.7,268,"$ 39.700,18"
H0020,Corrientes,2025-06,2,94,2,N3,15.6,700,"$ 126.733,56"
H0020,Corrientes,2025-07,2,94,2,N3,15.0,459,"$ 76.659,79"
H0020,Corrientes,2025-08,2,94,2,N3,17.1,393,"$ 63.630,94"
H0020,Corrientes,2025-09,2,94,2,N3,19.2,284,"$ 46.049,78"
H0020,Corrientes,2025-10,2,94,2,N3,22.2,232,"$ 39.778,28"
H0020,Corrientes,2025-11,2,94,2,N3,24.9,492,"$ 92.665,32"
H0020,Corrientes,2025-12,2,94,2,N3,26.9,676,"$ 140.973,21"
H0021,Corrientes,2025-01,6,91,0,N2,27.3,252,"$ 26.136,60"
H0021,Corrientes,2025-02,6,91,0,N2,27.0,271,"$ 28.397,68"
H0021,Corrientes,2025-03,6,91,0,N2,24.3,228,"$ 25.378,27"
H0021,Corrientes,2025-04,6,91,0,N2,22.3,282,"$ 30.813,18"
H0021,Corrientes,2025-05,6,91,0,N2,18.7,463,"$ 61.540,88"
H0021,Corrientes,2025-06,6,91,0,N2,15.6,904,"$ 158.129,57"
H0021,Corrientes,2025-07,6,91,0,N2,15.0,800,"$ 139.106,97"
H0021,Corrientes,2025-08,6,91,0,N2,17.1,675,"$ 114.279,06"
H0021,Corrientes,2025-09,6,91,0,N2,19.2,331,"$ 39.790,66"
H0021,Corrientes,2025-10,6,91,0,N2,22.2,265,"$ 33.981,25"
H0021,Corrientes,2025-11,6,91,0,N2,24.9,275,"$ 35.887,49"
H0021,Corrientes,2025-12,6,91,0,N2,26.9,332,"$ 42.958,50"
H0022,Corrientes,2025-01,6,103,3,N1,27.3,991,"$ 194.119,50"
H0022,Corrientes,2025-02,6,103,3,N1,27.0,908,"$ 182.765,70"
H0022,Corrientes,2025-03,6,103,3,N1,24.3,626,"$ 130.894,22"
H0022,Corrientes,2025-04,6,103,3,N1,22.3,264,"$ 59.903,12"
H0022,Corrientes,2025-05,6,103,3,N1,18.7,308,"$ 70.652,86"
H0022,Corrientes,2025-06,6,103,3,N1,15.6,660,"$ 148.286,89"
H0022,Corrientes,2025-07,6,103,3,N1,15.0,815,"$ 186.236,91"
H0022,Corrientes,2025-08,6,103,3,N1,17.1,541,"$ 128.847,00"
H0022,Corrientes,2025-09,6,103,3,N1,19.2,295,"$ 74.970,16"
H0022,Corrientes,2025-10,6,103,3,N1,22.2,342,"$ 88.026,11"
H0022,Corrientes,2025-11,6,103,3,N1,24.9,629,"$ 160.213,46"
H0022,Corrientes,2025-12,6,103,3,N1,26.9,835,"$ 215.709,01"
H0023,Corrientes,2025-01,6,103,3,N3,27.3,1416,"$ 248.412,00"
H0023,Corrientes,2025-02,6,103,3,N3,27.0,1586,"$ 287.816,92"
H0023,Corrientes,2025-03,6,103,3,N3,24.3,797,"$ 137.098,68"
H0023,Corrientes,2025-04,6,103,3,N3,22.3,545,"$ 88.828,94"
H0023,Corrientes,2025-05,6,103,3,N3,18.7,556,"$ 93.362,70"
H0023,Corrientes,2025-06,6,103,3,N3,15.6,924,"$ 175.013,01"
H0023,Corrientes,2025-07,6,103,3,N3,15.0,,"$ 222.909,89"
H0023,Corrientes,2025-08,6,103,3,N3,17.1,879,"$ 173.683,04"
H0023,Corrientes,2025-09,6,103,3,N3,19.2,402,"$ 67.310,67"
H0023,Corrientes,2025-10,6,103,3,N3,22.2,524,"$ 98.018,26"
H0023,Corrientes,2025-11,6,103,3,N3,24.9,927,"$ 198.742,73"
H0023,Corrientes,2025-12,6,103,3,N3,26.9,1471,"$ 339.685,46"
H0024,Corrientes,2025-01,4,79,0,N2,27.3,181,"$ 20.275,55"
H0024,Corrientes,2025-02,4,79,0,N2,27.0,177,"$ 20.443,98"
H0024,Corrientes,2025-03,4,79,0,N2,24.3,183,"$ 21.475,46"
H0024,Corrientes,2025-04,4,79,0,N2,22.3,203,"$ 23.790,29"
H0024,Corrientes,2025-05,4,79,0,N2,18.7,299,"$ 33.132,54"
H0024,Corrientes,2025-06,4,79,0,N2,15.6,535,"$ 78.597,80"
H0024,Corrientes,2025-07,4,79,0,N2,15.0,686,"$ 113.921,90"
H0024,Corrientes,2025-08,4,79,0,N2,17.1,486,"$ 71.481,02"
H0024,Corrientes,2025-09,4,79,0,N2,19.2,259,"$ 32.548,96"
H0024,Corrientes,2025-10,4,79,0,N2,22.2,158,"$ 22.950,23"
H0024,Corrientes,2025-11,4,79,0,N2,24.9,141,"$ 21.727,58"
H0024,Corrientes,2025-12,4,79,0,N2,26.9,181,"$ 26.603,28"
H0025,Corrientes,2025-01,1,48,1,N2,27.3,459,"$ 54.991,00"
H0025,Corrientes,2025-02,1,48,1,N2,27.0,358,"$ 36.644,26"
H0025,Corrientes,2025-03,1,48,1,N2,24.3,303,"$ 31.882,95"
H0025,Corrientes,2025-04,1,48,1,N2,22.3,137,"$ 17.923,07"
H0025,Corrientes,2025-05,1,48,1,N2,18.7,220,"$ 25.934,08"
H0025,Corrientes,2025-06,1,48,1,N2,15.6,433,"$ 56.613,40"
H0025,Corrientes,2025-07,1,48,1,N2,15.0,449,"$ 61.563,48"
H0025,Corrientes,2025-08,1,48,1,N2,17.1,257,"$ 31.558,83"
H0025,Corrientes,2025-09,1,48,1,N2,19.2,190,"$ 25.609,00"
H0025,Corrientes,2025-10,1,48,1,N2,22.2,145,"$ 21.610,01"
H0025,Corrientes,2025-11,1,48,1,N2,24.9,289,"$ 37.366,88"
H0025,Corrientes,2025-12,1,48,1,N2,26.9,404,"$ 58.405,57"
H0026,Corrientes,2025-01,3,96,3,N1,27.3,846,"$ 166.497,00"
H0026,Corrientes,2025-02,3,96,3,N1,27.0,1048,"$ 210.102,45"
H0026,Corrientes,2025-03,3,96,3,N1,24.3,667,"$ 139.100,12"
H0026,Corrientes,2025-04,3,96,3,N1,22.3,325,"$ 72.417,13"
H0026,Corrientes,2025-05,3,96,3,N1,18.7,260,"$ 60.559,59"
H0026,Corrientes,2025-06,3,96,3,N1,15.6,451,"$ 103.240,43"
H0026,Corrientes,2025-07,3,96,3,N1,15.0,497,"$ 115.983,84"
H0026,Corrientes,2025-08,3,96,3,N1,17.1,459,"$ 110.278,54"
H0026,Corrientes,2025-09,3,96,3,N1,19.2,266,"$ 68.239,09"
H0026,Corrientes,2025-10,3,96,3,N1,22.2,271,"$ 71.134,61"
H0026,Corrientes,2025-11,3,96,3,N1,24.9,619,"$ 157.774,90"
H0026,Corrientes,2025-12,3,96,3,N1,26.9,812,"$ 209.960,11"
H0027,Corrientes,2025-01,4,85,3,N3,27.3,965,"$ 162.496,50"
H0027,Corrientes,2025-02,4,85,3,N3,27.0,899,"$ 153.671,59"
H0027,Corrientes,2025-03,4,85,3,N3,24.3,684,"$ 114.482,40"
H0027,Corrientes,2025-04,4,85,3,N3,22.3,248,"$ 36.270,11"
H0027,Corrientes,2025-05,4,85,3,N3,18.7,327,"$ 47.143,96"
H0027,Corrientes,2025-06,4,85,3,N3,15.6,794,"$ 146.993,69"
H0027,Corrientes,2025-07,4,85,3,N3,15.0,s/l,"$ 134.762,17"
H0027,Corrientes,2025-08,4,85,3,N3,17.1,478,"$ 82.878,74"
H0027,Corrientes,2025-09,4,85,3,N3,19.2,223,"$ 37.554,71"
H0027,Corrientes,2025-10,4,85,3,N3,22.2,323,"$ 52.768,08"
H0027,Corrientes,2025-11,4,85,3,N3,24.9,654,"$ 132.170,01"
H0027,Corrientes,2025-12,4,85,3,N3,26.9,865,"$ 188.214,24"
H0028,Corrientes,2025-01,3,73,2,N3,27.3,804,"$ 131.826,00"
H0028,Corrientes,2025-02,3,73,2,N3,27.0,688,"$ 112.471,20"
H0028,Corrientes,2025-03,3,73,2,N3,24.3,365,"$ 50.636,45"
H0028,Corrientes,2025-04,3,73,2,N3,22.3,254,"$ 37.008,64"
H0028,Corrientes,2025-05,3,73,2,N3,18.7,308,"$ 44.746,81"
H0028,Corrientes,2025-06,3,73,2,N3,15.6,497,"$ 82.980,31"
H0028,Corrientes,2025-07,3,73,2,N3,15.0,733,"$ 137.192,31"
H0028,Corrientes,2025-08,3,73,2,N3,17.1,359,"$ 55.931,83"
H0028,Corrientes,2025-09,3,73,2,N3,19.2,297,"$ 47.860,21"
H0028,Corrientes,2025-10,3,73,2,N3,22.2,221,"$ 38.208,09"
H0028,Corrientes,2025-11,3,73,2,N3,24.9,636,"$ 127.780,60"
H0028,Corrientes,2025-12,3,73,2,N3,26.9,701,"$ 147.222,03"
H0029,Corrientes,2025-01,2,102,0,N1,27.3,157,"$ 35.242,50"
H0029,Corrientes,2025-02,2,102,0,N1,27.0,143,"$ 33.389,89"
H0029,Corrientes,2025-03,2,102,0,N1,24.3,151,"$ 35.825,79"
H0029,Corrientes,2025-04,2,102,0,N1,22.3,134,"$ 33.233,92"
H0029,Corrientes,2025-05,2,102,0,N1,18.7,209,"$ 49.835,50"
H0029,Corrientes,2025-06,2,102,0,N1,15.6,447,"$ 102.378,30"
H0029,Corrientes,2025-07,2,102,0,N1,15.0,379,"$ 89.915,09"
H0029,Corrientes,2025-08,2,102,0,N1,17.1,360,"$ 87.860,52"
H0029,Corrientes,2025-09,2,102,0,N1,19.2,197,"$ 52.223,79"
H0029,Corrientes,2025-10,2,102,0,N1,22.2,162,"$ 45.202,60"
H0029,Corrientes,2025-11,2,102,0,N1,24.9,99999,"$ 46.332,66"
H0029,Corrientes,2025-12,2,102,0,N1,26.9,146,"$ 43.491,74"
H0030,Corrientes,2025-01,4,74,2,N2,27.3,648,"$ 90.995,50"
H0030,Corrientes,2025-02,4,74,2,N2,27.0,522,"$ 68.667,31"
H0030,Corrientes,2025-03,4,74,2,N2,24.3,323,"$ 33.617,53"
H0030,Corrientes,2025-04,4,74,2,N2,22.3,239,"$ 26.990,59"
H0030,Corrientes,2025-05,4,74,2,N2,18.7,199,"$ 24.020,57"
H0030,Corrientes,2025-06,4,74,2,N2,15.6,323,"$ 36.202,40"
H0030,Corrientes,2025-07,4,74,2,N2,15.0,378,"$ 45.878,05"
H0030,Corrientes,2025-08,4,74,2,N2,17.1,318,"$ 37.544,52"
H0030,Corrientes,2025-09,4,74,2,N2,19.2,177,"$ 24.301,47"
H0030,Corrientes,2025-10,4,74,2,N2,22.2,203,"$ 27.589,44"
H0030,Corrientes,2025-11,4,74,2,N2,24.9,429,"$ 63.077,45"
H0030,Corrientes,2025-12,4,74,2,N2,26.9,610,"$ 109.895,79"
H0031,Corrientes,2025-01,2,101,3,N3,27.3,1352,"$ 236.220,00"
H0031,Corrientes,2025-02,2,101,3,N3,27.0,1239,"$ 220.060,84"
H0031,Corrientes,2025-03,2,101,3,N3,24.3,660,"$ 109.678,95"
H0031,Corrientes,2025-04,2,101,3,N3,22.3,284,"$ 40.701,30"
H0031,Corrientes,2025-05,2,101,3,N3,18.7,255,"$ 38.060,02"
H0031,Corrientes,2025-06,2,101,3,N3,15.6,387,"$ 59.271,65"
H0031,Corrientes,2025-07,2,101,3,N3,15.0,450,"$ 74.671,50"
H0031,Corrientes,2025-08,2,101,3,N3,17.1,392,"$ 63.404,50"
H0031,Corrientes,2025-09,2,101,3,N3,19.2,233,"$ 38.947,35"
H0031,Corrientes,2025-10,2,101,3,N3,22.2,,"$ 45.916,32"
H0031,Corrientes,2025-11,2,101,3,N3,24.9,750,"$ 155.580,20"
H0031,Corrientes,2025-12,2,101,3,N3,26.9,943,"$ 207.710,53"
H0032,Corrientes,2025-01,2,68,1,N2,27.3,462,"$ 55.562,50"
H0032,Corrientes,2025-02,2,68,1,N2,27.0,393,"$ 43.478,45"
H0032,Corrientes,2025-03,2,68,1,N2,24.3,334,"$ 34.571,55"
H0032,Corrientes,2025-04,2,68,1,N2,22.3,151,"$ 19.167,63"
H0032,Corrientes,2025-05,2,68,1,N2,18.7,181,"$ 22.380,41"
H0032,Corrientes,2025-06,2,68,1,N2,15.6,339,"$ 37.696,77"
H0032,Corrientes,2025-07,2,68,1,N2,15.0,399,"$ 50.517,40"
H0032,Corrientes,2025-08,2,68,1,N2,17.1,284,"$ 34.208,24"
H0032,Corrientes,2025-09,2,68,1,N2,19.2,173,"$ 23.899,16"
H0032,Corrientes,2025-10,2,68,1,N2,22.2,192,"$ 26.455,41"
H0032,Corrientes,2025-11,2,68,1,N2,24.9,318,"$ 40.431,34"
H0032,Corrientes,2025-12,2,68,1,N2,26.9,333,"$ 43.066,82"
H0033,Corrientes,2025-01,4,112,1,N2,27.3,518,"$ 66.230,50"
H0033,Corrientes,2025-02,4,112,1,N2,27.0,419,"$ 48.555,28"
H0033,Corrientes,2025-03,4,112,1,N2,24.3,452,"$ 56.373,91"
H0033,Corrientes,2025-04,4,112,1,N2,22.3,245,"$ 27.523,98"
H0033,Corrientes,2025-05,4,112,1,N2,18.7,379,"$ 43.877,67"
H0033,Corrientes,2025-06,4,112,1,N2,15.6,641,"$ 101.444,32"
H0033,Corrientes,2025-07,4,112,1,N2,15.0,694,"$ 115.689,28"
H0033,Corrientes,2025-08,4,112,1,N2,17.1,424,"$ 57.441,46"
H0033,Corrientes,2025-09,4,112,1,N2,19.2,296,"$ 36.270,39"
H0033,Corrientes,2025-10,4,112,1,N2,22.2,255,"$ 32.950,31"
H0033,Corrientes,2025-11,4,112,1,N2,24.9,415,"$ 59.663,46"
H0033,Corrientes,2025-12,4,112,1,N2,26.9,578,"$ 101.897,31"
H0034,Corrientes,2025-01,4,78,0,N2,27.3,258,"$ 26.631,90"
H0034,Corrientes,2025-02,4,78,0,N2,27.0,294,"$ 30.343,79"
H0034,Corrientes,2025-03,4,78,0,N2,24.3,173,"$ 20.608,17"
H0034,Corrientes,2025-04,4,78,0,N2,22.3,280,"$ 30.635,38"
H0034,Corrientes,2025-05,4,78,0,N2,18.7,331,"$ 36.048,38"
H0034,Corrientes,2025-06,4,78,0,N2,15.6,582,"$ 88.727,86"
H0034,Corrientes,2025-07,4,78,0,N2,15.0,570,"$ 88.295,00"
H0034,Corrientes,2025-08,4,78,0,N2,17.1,432,"$ 59.253,01"
H0034,Corrientes,2025-09,4,78,0,N2,19.2,298,"$ 36.471,55"
H0034,Corrientes,2025-10,4,78,0,N2,22.2,229,"$ 30.269,88"
H0034,Corrientes,2025-11,4,78,0,N2,24.9,195,"$ 27.433,81"
H0034,Corrientes,2025-12,4,78,0,N2,26.9,197,"$ 28.336,28"
H0035,Corrientes,2025-01,3,59,0,N3,27.3,186,"$ 26.593,80"
H0035,Corrientes,2025-02,3,59,0,N3,27.0,193,"$ 28.078,75"
H0035,Corrientes,2025-03,3,59,0,N3,24.3,178,"$ 26.979,42"
H0035,Corrientes,2025-04,3,59,0,N3,22.3,186,"$ 28.638,61"
H0035,Corrientes,2025-05,3,59,0,N3,18.7,417,"$ 64.134,29"
H0035,Corrientes,2025-06,3,59,0,N3,15.6,811,"$ 150.657,75"
H0035,Corrientes,2025-07,3,59,0,N3,15.0,776,"$ 146.691,94"
H0035,Corrientes,2025-08,3,59,0,N3,17.1,508,"$ 89.672,08"
H0035,Corrientes,2025-09,3,59,0,N3,19.2,254,"$ 41.871,88"
H0035,Corrientes,2025-10,3,59,0,N3,22.2,203,"$ 35.638,68"
H0035,Corrientes,2025-11,3,59,0,N3,24.9,164,"$ 30.823,41"
H0035,Corrientes,2025-12,3,59,0,N3,26.9,222,"$ 40.292,34"
H0036,Corrientes,2025-01,2,88,1,N3,27.3,395,"$ 53.911,50"
H0036,Corrientes,2025-02,2,88,1,N3,27.0,343,"$ 45.652,37"
H0036,Corrientes,2025-03,2,88,1,N3,24.3,99999,"$ 31.782,88"
H0036,Corrientes,2025-04,2,88,1,N3,22.3,156,"$ 24.945,96"
H0036,Corrientes,2025-05,2,88,1,N3,18.7,212,"$ 32.634,89"
H0036,Corrientes,2025-06,2,88,1,N3,15.6,334,"$ 49.227,80"
H0036,Corrientes,2025-07,2,88,1,N3,15.0,335,"$ 50.591,05"
H0036,Corrientes,2025-08,2,88,1,N3,17.1,259,"$ 41.529,95"
H0036,Corrientes,2025-09,2,88,1,N3,19.2,174,"$ 30.730,80"
H0036,Corrientes,2025-10,2,88,1,N3,22.2,183,"$ 32.783,78"
H0036,Corrientes,2025-11,2,88,1,N3,24.9,244,"$ 42.528,50"
H0036,Corrientes,2025-12,2,88,1,N3,26.9,382,"$ 67.487,18"
H0037,Corrientes,2025-01,4,68,0,N2,27.3,99999,"$ 20.027,90"
H0037,Corrientes,2025-02,4,68,0,N2,27.0,193,"$ 21.797,80"
H0037,Corrientes,2025-03,4,68,0,N2,24.3,172,"$ 20.521,44"
H0037,Corrientes,2025-04,4,68,0,N2,22.3,178,"$ 21.567,86"
H0037,Corrientes,2025-05,4,68,0,N2,18.7,331,"$ 36.048,38"
H0037,Corrientes,2025-06,4,68,0,N2,15.6,709,"$ 116.100,59"
H0037,Corrientes,2025-07,4,68,0,N2,15.0,652,"$ 106.410,57"
H0037,Corrientes,2025-08,4,68,0,N2,17.1,522,"$ 79.633,03"
H0037,Corrientes,2025-09,4,68,0,N2,19.2,263,"$ 32.951,28"
H0037,Corrientes,2025-10,4,68,0,N2,22.2,165,"$ 23.671,89"
H0037,Corrientes,2025-11,4,68,0,N2,24.9,188,"$ 26.694,12"
H0037,Corrientes,2025-12,4,68,0,N2,26.9,169,"$ 25.303,53"
H0038,Corrientes,2025-01,1,79,1,N2,27.3,365,"$ 37.084,00"
H0038,Corrientes,2025-02,1,79,1,N2,27.0,486,"$ 61.637,86"
H0038,Corrientes,2025-03,1,79,1,N2,24.3,277,"$ 29.627,99"
H0038,Corrientes,2025-04,1,79,1,N2,22.3,147,"$ 18.812,04"
H0038,Corrientes,2025-05,1,79,1,N2,18.7,213,"$ 25.296,25"
H0038,Corrientes,2025-06,1,79,1,N2,15.6,370,"$ 43.034,81"
H0038,Corrientes,2025-07,1,79,1,N2,15.0,409,"$ 52.726,62"
H0038,Corrientes,2025-08,1,79,1,N2,17.1,283,"$ 34.110,11"
H0038,Corrientes,2025-09,1,79,1,N2,19.2,144,"$ 20.982,36"
H0038,Corrientes,2025-10,1,79,1,N2,22.2,134,"$ 20.475,98"
H0038,Corrientes,2025-11,1,79,1,N2,24.9,294,"$ 37.895,24"
H0038,Corrientes,2025-12,1,79,1,N2,26.9,332,"$ 42.958,50"
H0039,Corrientes,2025-01,4,94,1,N2,27.3,420,"$ 47.561,50"
H0039,Corrientes,2025-02,4,94,1,N2,27.0,349,"$ 34.997,55"
H0039,Corrientes,2025-03,4,94,1,N2,24.3,293,"$ 31.015,66"
H0039,Corrientes,2025-04,4,94,1,N2,22.3,224,"$ 25.657,13"
H0039,Corrientes,2025-05,4,94,1,N2,18.7,297,"$ 32.950,30"
H0039,Corrientes,2025-06,4,94,1,N2,15.6,628,"$ 98.642,39"
H0039,Corrientes,2025-07,4,94,1,N2,15.0,653,"$ 106.631,49"
H0039,Corrientes,2025-08,4,94,1,N2,17.1,483,"$ 70.801,69"
H0039,Corrientes,2025-09,4,94,1,N2,19.2,270,"$ 33.655,33"
H0039,Corrientes,2025-10,4,94,1,N2,22.2,234,"$ 30.785,35"
H0039,Corrientes,2025-11,4,94,1,N2,24.9,321,"$ 40.748,36"
H0039,Corrientes,2025-12,4,94,1,N2,26.9,466,"$ 73.902,62"
H0040,Corrientes,2025-01,4,106,2,N1,27.3,849,"$ 167.068,50"
H0040,Corrientes,2025-02,4,106,2,N1,27.0,839,"$ 169.292,59"
H0040,Corrientes,2025-03,4,106,2,N1,24.3,531,"$ 111.880,53"
H0040,Corrientes,2025-04,4,106,2,N1,22.3,306,"$ 68.519,32"
H0040,Corrientes,2025-05,4,106,2,N1,18.7,398,"$ 89.577,73"
H0040,Corrientes,2025-06,4,106,2,N1,15.6,592,"$ 133.630,62"
H0040,Corrientes,2025-07,4,106,2,N1,15.0,684,"$ 157.296,18"
H0040,Corrientes,2025-08,4,106,2,N1,17.1,450,"$ 108.240,54"
H0040,Corrientes,2025-09,4,106,2,N1,19.2,346,"$ 86.807,55"
H0040,Corrientes,2025-10,4,106,2,N1,22.2,292,"$ 76.130,69"
H0040,Corrientes,2025-11,4,106,2,N1,24.9,626,"$ 159.481,89"
H0040,Corrientes,2025-12,4,106,2,N1,26.9,1002,"$ 257.451,08"
H0041,Corrientes,2025-01,2,71,2,N2,27.3,841,"$ 127.762,00"
H0041,Corrientes,2025-02,2,71,2,N2,27.0,573,"$ 78.625,70"
H0041,Corrientes,2025-03,2,71,2,N2,24.3,398,"$ 45.566,13"
H0041,Corrientes,2025-04,2,71,2,N2,22.3,269,"$ 29.657,51"
H0041,Corrientes,2025-05,2,71,2,N2,18.7,231,"$ 26.936,40"
H0041,Corrientes,2025-06,2,71,2,N2,15.6,480,"$ 66.743,47"
H0041,Corrientes,2025-07,2,71,2,N2,15.0,580,"$ 90.504,21"
H0041,Corrientes,2025-08,2,71,2,N2,17.1,s/l,"$ 36.072,63"
H0041,Corrientes,2025-09,2,71,2,N2,19.2,268,"$ 33.454,18"
H0041,Corrientes,2025-10,2,71,2,N2,22.2,224,"$ 29.754,41"
H0041,Corrientes,2025-11,2,71,2,N2,24.9,513,"$ 83.561,36"
H0041,Corrientes,2025-12,2,71,2,N2,26.9,805,"$ 158.636,53"
H0042,Corrientes,2025-01,1,79,2,N3,27.3,1129,"$ 193.738,50"
H0042,Corrientes,2025-02,1,79,2,N3,27.0,704,"$ 115.595,40"
H0042,Corrientes,2025-03,1,79,2,N3,24.3,518,"$ 81.258,49"
H0042,Corrientes,2025-04,1,79,2,N3,22.3,242,"$ 35.531,58"
H0042,Corrientes,2025-05,1,79,2,N3,18.7,188,"$ 29.606,91"
H0042,Corrientes,2025-06,1,79,2,N3,15.6,336,"$ 49.486,44"
H0042,Corrientes,2025-07,1,79,2,N3,15.0,309,"$ 47.144,67"
H0042,Corrientes,2025-08,1,79,2,N3,17.1,245,"$ 39.627,81"
H0042,Corrientes,2025-09,1,79,2,N3,19.2,139,"$ 25.856,58"
H0042,Corrientes,2025-10,1,79,2,N3,22.2,224,"$ 38.636,32"
H0042,Corrientes,2025-11,1,79,2,N3,24.9,426,"$ 76.570,82"
H0042,Corrientes,2025-12,1,79,2,N3,26.9,689,"$ 144.222,60"
H0043,Corrientes,2025-01,5,113,0,N3,27.3,163,"$ 23.964,90"
H0043,Corrientes,2025-02,5,113,0,N3,27.0,177,"$ 26.204,23"
H0043,Corrientes,2025-03,5,113,0,N3,24.3,161,"$ 24.937,95"
H0043,Corrientes,2025-04,5,113,0,N3,22.3,196,"$ 29.869,50"
H0043,Corrientes,2025-05,5,113,0,N3,18.7,253,"$ 37.807,69"
H0043,Corrientes,2025-06,5,113,0,N3,15.6,463,"$ 75.652,18"
H0043,Corrientes,2025-07,5,113,0,N3,15.0,591,"$ 105.821,44"
H0043,Corrientes,2025-08,5,113,0,N3,17.1,447,"$ 75.858,95"
H0043,Corrientes,2025-09,5,113,0,N3,19.2,202,"$ 34.630,18"
H0043,Corrientes,2025-10,5,113,0,N3,22.2,164,"$ 30.071,62"
H0043,Corrientes,2025-11,5,113,0,N3,24.9,211,"$ 37.700,15"
H0043,Corrientes,2025-12,5,113,0,N3,26.9,203,"$ 37.442,89"
H0044,Corrientes,2025-01,1,44,1,N3,27.3,501,"$ 74.104,50"
H0044,Corrientes,2025-02,1,44,1,N3,27.0,488,"$ 73.418,70"
H0044,Corrientes,2025-03,1,44,1,N3,24.3,331,"$ 45.352,64"
H0044,Corrientes,2025-04,1,44,1,N3,22.3,176,"$ 27.407,73"
H0044,Corrientes,2025-05,1,44,1,N3,18.7,203,"$ 31.499,40"
H0044,Corrientes,2025-06,1,44,1,N3,15.6,366,"$ 54.745,45"
H0044,Corrientes,2025-07,1,44,1,N3,15.0,354,"$ 53.463,03"
H0044,Corrientes,2025-08,1,44,1,N3,17.1,290,"$ 45.741,82"
H0044,Corrientes,2025-09,1,44,1,N3,19.2,176,"$ 31.009,33"
H0044,Corrientes,2025-10,1,44,1,N3,22.2,140,"$ 26.645,74"
H0044,Corrientes,2025-11,1,44,1,N3,24.9,408,"$ 72.181,41"
H0044,Corrientes,2025-12,1,44,1,N3,26.9,508,"$ 98.981,19"
H0045,Corrientes,2025-01,5,87,0,N3,27.3,156,"$ 23.164,80"
H0045,Corrientes,2025-02,5,87,0,N3,27.0,201,"$ 29.016,01"
H0045,Corrientes,2025-03,5,87,0,N3,24.3,184,"$ 27.699,94"
H0045,Corrientes,2025-04,5,87,0,N3,22.3,234,"$ 34.546,87"
H0045,Corrientes,2025-05,5,87,0,N3,18.7,334,"$ 48.027,12"
H0045,Corrientes,2025-06,5,87,0,N3,15.6,601,"$ 105.395,77"
H0045,Corrientes,2025-07,5,87,0,N3,15.0,595,"$ 106.705,13"
H0045,Corrientes,2025-08,5,87,0,N3,17.1,454,"$ 77.444,07"
H0045,Corrientes,2025-09,5,87,0,N3,19.2,289,"$ 46.746,10"
H0045,Corrientes,2025-10,5,87,0,N3,22.2,165,"$ 30.214,37"
H0045,Corrientes,2025-11,5,87,0,N3,24.9,197,"$ 35.651,76"
H0045,Corrientes,2025-12,5,87,0,N3,26.9,191,"$ 35.643,23"
H0046,Corrientes,2025-01,2,92,1,N3,27.3,421,"$ 58.864,50"
H0046,Corrientes,2025-02,2,92,1,N3,27.0,453,"$ 66.584,51"
H0046,Corrientes,2025-03,2,92,1,N3,24.3,264,"$ 37.306,85"
H0046,Corrientes,2025-04,2,92,1,N3,22.3,158,"$ 25.192,13"
H0046,Corrientes,2025-05,2,92,1,N3,18.7,201,"$ 31.247,07"
H0046,Corrientes,2025-06,2,92,1,N3,15.6,480,"$ 79.316,24"
H0046,Corrientes,2025-07,2,92,1,N3,15.0,412,"$ 66.276,48"
H0046,Corrientes,2025-08,2,92,1,N3,17.1,320,"$ 49.817,82"
H0046,Corrientes,2025-09,2,92,1,N3,19.2,212,"$ 36.022,81"
H0046,Corrientes,2025-10,2,92,1,N3,22.2,163,"$ 29.928,88"
H0046,Corrientes,2025-11,2,92,1,N3,24.9,243,"$ 42.382,19"
H0046,Corrientes,2025-12,2,92,1,N3,26.9,394,"$ 70.486,61"
H0047,Corrientes,2025-01,4,49,1,N2,27.3,545,"$ 71.374,00"
H0047,Corrientes,2025-02,4,49,1,N2,27.0,440,"$ 52.655,79"
H0047,Corrientes,2025-03,4,49,1,N2,24.3,386,"$ 43.164,40"
H0047,Corrientes,2025-04,4,49,1,N2,22.3,s/l,"$ 24.857,06"
H0047,Corrientes,2025-05,4,49,1,N2,18.7,246,"$ 28.303,20"
H0047,Corrientes,2025-06,4,49,1,N2,15.6,605,"$ 93.685,13"
H0047,Corrientes,2025-07,4,49,1,N2,15.0,622,"$ 99.782,92"
H0047,Corrientes,2025-08,4,49,1,N2,17.1,443,"$ 61.743,90"
H0047,Corrientes,2025-09,4,49,1,N2,19.2,222,"$ 28.827,53"
H0047,Corrientes,2025-10,4,49,1,N2,22.2,189,"$ 26.146,13"
H0047,Corrientes,2025-11,4,49,1,N2,24.9,383,"$ 51.860,07"
H0047,Corrientes,2025-12,4,49,1,N2,26.9,475,"$ 76.152,20"
H0048,Corrientes,2025-01,7,132,3,N3,27.3,1196,"$ 206.502,00"
H0048,Corrientes,2025-02,7,132,3,N3,27.0,1270,"$ 226.113,98"
H0048,Corrientes,2025-03,7,132,3,N3,24.3,904,"$ 158.514,10"
H0048,Corrientes,2025-04,7,132,3,N3,22.3,428,"$ 64.826,66"
H0048,Corrientes,2025-05,7,132,3,N3,18.7,583,"$ 99.040,16"
H0048,Corrientes,2025-06,7,132,3,N3,15.6,1097,"$ 212.300,27"
H0048,Corrientes,2025-07,7,132,3,N3,15.0,1594,"$ 327.405,81"
H0048,Corrientes,2025-08,7,132,3,N3,17.1,812,"$ 158.511,25"
H0048,Corrientes,2025-09,7,132,3,N3,19.2,438,"$ 75.666,48"
H0048,Corrientes,2025-10,7,132,3,N3,22.2,478,"$ 87.074,47"
H0048,Corrientes,2025-11,7,132,3,N3,24.9,1287,"$ 286.530,92"
H0048,Corrientes,2025-12,7,132,3,N3,26.9,1115,"$ 250.702,37"
H0049,Corrientes,2025-01,2,127,4,N1,27.3,s/l,"$ 254.698,50"
H0049,Corrientes,2025-02,2,127,4,N1,27.0,1349,"$ 268.876,46"
H0049,Corrientes,2025-03,2,127,4,N1,24.3,696,"$ 144.904,30"
H0049,Corrientes,2025-04,2,127,4,N1,22.3,406,"$ 89.034,09"
H0049,Corrientes,2025-05,2,127,4,N1,18.7,255,"$ 59.508,21"
H0049,Corrientes,2025-06,2,127,4,N1,15.6,501,"$ 114.017,10"
H0049,Corrientes,2025-07,2,127,4,N1,15.0,518,"$ 120.623,19"
H0049,Corrientes,2025-08,2,127,4,N1,17.1,440,"$ 105.976,09"
H0049,Corrientes,2025-09,2,127,4,N1,19.2,295,"$ 74.970,16"
H0049,Corrientes,2025-10,2,127,4,N1,22.2,366,"$ 93.735,91"
H0049,Corrientes,2025-11,2,127,4,N1,24.9,845,"$ 212.886,38"
H0049,Corrientes,2025-12,2,127,4,N1,26.9,1395,"$ 355.682,42"
H0050,Corrientes,2025-01,4,176,4,N1,27.3,1412,"$ 274.320,00"
H0050,Corrientes,2025-02,4,176,4,N1,27.0,1473,"$ 293.089,01"
H0050,Corrientes,2025-03,4,176,4,N1,24.3,829,"$ 171.523,46"
H0050,Corrientes,2025-04,4,176,4,N1,22.3,447,"$ 97.445,14"
H0050,Corrientes,2025-05,4,176,4,N1,18.7,384,"$ 86.633,86"
H0050,Corrientes,2025-06,4,176,4,N1,15.6,722,"$ 161.649,95"
H0050,Corrientes,2025-07,4,176,4,N1,15.0,971,"$ 220.700,67"
H0050,Corrientes,2025-08,4,176,4,N1,17.1,682,"$ 160.775,69"
H0050,Corrientes,2025-09,4,176,4,N1,19.2,353,"$ 88.432,29"
H0050,Corrientes,2025-10,4,176,4,N1,22.2,447,"$ 113.006,49"
H0050,Corrientes,2025-11,4,176,4,N1,24.9,99999,"$ 206.789,98"
H0050,Corrientes,2025-12,4,176,4,N1,26.9,1547,"$ 393.675,20"
H0051,Corrientes,2025-01,2,67,1,N3,27.3,521,"$ 77.914,50"
H0051,Corrientes,2025-02,2,67,1,N3,27.0,372,"$ 50.768,25"
H0051,Corrientes,2025-03,2,67,1,N3,24.3,259,"$ 36.706,42"
H0051,Corrientes,2025-04,2,67,1,N3,22.3,164,"$ 25.930,66"
H0051,Corrientes,2025-05,2,67,1,N3,18.7,239,"$ 36.041,37"
H0051,Corrientes,2025-06,2,67,1,N3,15.6,418,"$ 65.953,18"
H0051,Corrientes,2025-07,2,67,1,N3,15.0,547,"$ 96.100,89"
H0051,Corrientes,2025-08,2,67,1,N3,17.1,375,"$ 59.554,94"
H0051,Corrientes,2025-09,2,67,1,N3,19.2,175,"$ 30.870,07"
H0051,Corrientes,2025-10,2,67,1,N3,22.2,168,"$ 30.642,60"
H0051,Corrientes,2025-11,2,67,1,N3,24.9,320,"$ 53.648,34"
H0051,Corrientes,2025-12,2,67,1,N3,26.9,425,"$ 78.235,14"
H0052,Corrientes,2025-01,5,81,1,N3,27.3,646,"$ 101.727,00"
H0052,Corrientes,2025-02,5,81,1,N3,27.0,604,"$ 96.069,15"
H0052,Corrientes,2025-03,5,81,1,N3,24.3,508,"$ 79.257,05"
H0052,Corrientes,2025-04,5,81,1,N3,22.3,230,"$ 34.054,51"
H0052,Corrientes,2025-05,5,81,1,N3,18.7,590,"$ 100.512,10"
H0052,Corrientes,2025-06,5,81,1,N3,15.6,909,"$ 171.780,01"
H0052,Corrientes,2025-07,5,81,1,N3,15.0,898,"$ 173.644,37"
H0052,Corrientes,2025-08,5,81,1,N3,17.1,570,"$ 103.711,64"
H0052,Corrientes,2025-09,5,81,1,N3,19.2,395,"$ 65.685,93"
H0052,Corrientes,2025-10,5,81,1,N3,22.2,350,"$ 56.622,20"
H0052,Corrientes,2025-11,5,81,1,N3,24.9,487,"$ 91.446,04"
H0052,Corrientes,2025-12,5,81,1,N3,26.9,633,"$ 130.225,26"
H0053,Corrientes,2025-01,1,78,2,N3,27.3,1081,"$ 184.594,50"
H0053,Corrientes,2025-02,1,78,2,N3,27.0,985,"$ 170.464,16"
H0053,Corrientes,2025-03,1,78,2,N3,24.3,561,"$ 89.864,68"
H0053,Corrientes,2025-04,1,78,2,N3,22.3,250,"$ 36.516,28"
H0053,Corrientes,2025-05,1,78,2,N3,18.7,261,"$ 38.817,02"
H0053,Corrientes,2025-06,1,78,2,N3,15.6,518,"$ 87.506,51"
H0053,Corrientes,2025-07,1,78,2,N3,15.0,623,"$ 112.890,94"
H0053,Corrientes,2025-08,1,78,2,N3,17.1,365,"$ 57.290,49"
H0053,Corrientes,2025-09,1,78,2,N3,19.2,197,"$ 33.933,86"
H0053,Corrientes,2025-10,1,78,2,N3,22.2,286,"$ 47.486,52"
H0053,Corrientes,2025-11,1,78,2,N3,24.9,749,"$ 155.336,34"
H0053,Corrientes,2025-12,1,78,2,N3,26.9,1241,"$ 282.196,38"
H0054,Corrientes,2025-01,4,82,0,N2,27.3,207,"$ 22.421,85"
H0054,Corrientes,2025-02,4,82,0,N2,27.0,99999,"$ 25.351,58"
H0054,Corrientes,2025-03,4,82,0,N2,24.3,s/l,"$ 24.597,71"
H0054,Corrientes,2025-04,4,82,0,N2,22.3,213,"$ 24.679,26"
H0054,Corrientes,2025-05,4,82,0,N2,18.7,326,"$ 35.592,78"
H0054,Corrientes,2025-06,4,82,0,N2,15.6,597,"$ 91.960,86"
H0054,Corrientes,2025-07,4,82,0,N2,15.0,608,"$ 96.690,02"
H0054,Corrientes,2025-08,4,82,0,N2,17.1,448,"$ 62.876,13"
H0054,Corrientes,2025-09,4,82,0,N2,19.2,254,"$ 32.046,07"
H0054,Corrientes,2025-10,4,82,0,N2,22.2,221,"$ 29.445,13"
H0054,Corrientes,2025-11,4,82,0,N2,24.9,170,"$ 24.792,04"
H0054,Corrientes,2025-12,4,82,0,N2,26.9,182,"$ 26.711,59"
H0055,Corrientes,2025-01,1,72,2,N3,27.3,917,"$ 153.352,50"
H0055,Corrientes,2025-02,1,72,2,N3,27.0,705,"$ 115.790,66"
H0055,Corrientes,2025-03,1,72,2,N3,24.3,494,"$ 76.455,03"
H0055,Corrientes,2025-04,1,72,2,N3,22.3,223,"$ 33.192,89"
H0055,Corrientes,2025-05,1,72,2,N3,18.7,178,"$ 28.345,25"
H0055,Corrientes,2025-06,1,72,2,N3,15.6,377,"$ 57.116,32"
H0055,Corrientes,2025-07,1,72,2,N3,15.0,479,"$ 81.078,23"
H0055,Corrientes,2025-08,1,72,2,N3,17.1,287,"$ 45.334,22"
H0055,Corrientes,2025-09,1,72,2,N3,19.2,201,"$ 34.490,91"
H0055,Corrientes,2025-10,1,72,2,N3,22.2,247,"$ 41.919,46"
H0055,Corrientes,2025-11,1,72,2,N3,24.9,458,"$ 84.374,21"
H0055,Corrientes,2025-12,1,72,2,N3,26.9,857,"$ 186.214,62"
H0056,Corrientes,2025-01,3,93,0,N3,27.3,208,"$ 29.108,40"
H0056,Corrientes,2025-02,3,93,0,N3,27.0,250,"$ 34.756,72"
H0056,Corrientes,2025-03,3,93,0,N3,24.3,213,"$ 31.182,44"
H0056,Corrientes,2025-04,3,93,0,N3,22.3,241,"$ 35.408,49"
H0056,Corrientes,2025-05,3,93,0,N3,18.7,513,"$ 84.320,82"
H0056,Corrientes,2025-06,3,93,0,N3,15.6,623,"$ 110.137,50"
H0056,Corrientes,2025-07,3,93,0,N3,15.0,631,"$ 114.658,31"
H0056,Corrientes,2025-08,3,93,0,N3,17.1,521,"$ 92.615,86"
H0056,Corrientes,2025-09,3,93,0,N3,19.2,99999,"$ 52.595,16"
H0056,Corrientes,2025-10,3,93,0,N3,22.2,269,"$ 45.059,85"
H0056,Corrientes,2025-11,3,93,0,N3,24.9,265,"$ 45.601,09"
H0056,Corrientes,2025-12,3,93,0,N3,26.9,216,"$ 39.392,52"
H0057,Corrientes,2025-01,4,78,2,N3,27.3,726,"$ 116.967,00"
H0057,Corrientes,2025-02,4,78,2,N3,27.0,627,"$ 100.560,19"
H0057,Corrientes,2025-03,4,78,2,N3,24.3,424,"$ 62.444,95"
H0057,Corrientes,2025-04,4,78,2,N3,22.3,271,"$ 39.101,14"
H0057,Corrientes,2025-05,4,78,2,N3,18.7,369,"$ 54.041,02"
H0057,Corrientes,2025-06,4,78,2,N3,15.6,757,"$ 139.018,96"
H0057,Corrientes,2025-07,4,78,2,N3,15.0,620,"$ 112.228,17"
H0057,Corrientes,2025-08,4,78,2,N3,17.1,447,"$ 75.858,95"
H0057,Corrientes,2025-09,4,78,2,N3,19.2,278,"$ 45.214,20"
H0057,Corrientes,2025-10,4,78,2,N3,22.2,275,"$ 45.916,32"
H0057,Corrientes,2025-11,4,78,2,N3,24.9,562,"$ 109.735,25"
H0057,Corrientes,2025-12,4,78,2,N3,26.9,607,"$ 123.726,49"
H0058,Corrientes,2025-01,4,82,2,N2,27.3,688,"$ 98.615,50"
H0058,Corrientes,2025-02,4,82,2,N2,27.0,849,"$ 132.518,15"
H0058,Corrientes,2025-03,4,82,2,N2,24.3,563,"$ 78.589,90"
H0058,Corrientes,2025-04,4,82,2,N2,22.3,264,"$ 29.213,03"
H0058,Corrientes,2025-05,4,82,2,N2,18.7,305,"$ 33.679,26"
H0058,Corrientes,2025-06,4,82,2,N2,15.6,590,"$ 90.452,13"
H0058,Corrientes,2025-07,4,82,2,N2,15.0,604,"$ 95.806,33"
H0058,Corrientes,2025-08,4,82,2,N2,17.1,99999,"$ 46.572,11"
H0058,Corrientes,2025-09,4,82,2,N2,19.2,272,"$ 33.856,49"
H0058,Corrientes,2025-10,4,82,2,N2,22.2,241,"$ 31.507,00"
H0058,Corrientes,2025-11,4,82,2,N2,24.9,581,"$ 100.143,57"
H0058,Corrientes,2025-12,4,82,2,N2,26.9,723,"$ 138.140,42"
H0059,Corrientes,2025-01,3,81,0,N2,27.3,184,"$ 20.523,20"
H0059,Corrientes,2025-02,3,81,0,N2,27.0,203,"$ 22.643,94"
H0059,Corrientes,2025-03,3,81,0,N2,24.3,185,"$ 21.648,92"
H0059,Corrientes,2025-04,3,81,0,N2,22.3,176,"$ 21.390,06"
H0059,Corrientes,2025-05,3,81,0,N2,18.7,366,"$ 41.144,07"
H0059,Corrientes,2025-06,3,81,0,N2,15.6,622,"$ 97.349,19"
H0059,Corrientes,2025-07,3,81,0,N2,15.0,865,"$ 153.466,87"
H0059,Corrientes,2025-08,3,81,0,N2,17.1,587,"$ 94.351,93"
H0059,Corrientes,2025-09,3,81,0,N2,19.2,318,"$ 38.483,13"
H0059,Corrientes,2025-10,3,81,0,N2,22.2,171,"$ 24.290,45"
H0059,Corrientes,2025-11,3,81,0,N2,24.9,216,"$ 29.652,90"
H0059,Corrientes,2025-12,3,81,0,N2,26.9,181,"$ 26.603,28"
H0060,Corrientes,2025-01,4,78,1,N2,27.3,667,"$ 94.615,00"
H0060,Corrientes,2025-02,4,78,1,N2,27.0,506,"$ 65.543,11"
H0060,Corrientes,2025-03,4,78,1,N2,24.3,396,"$ 45.165,84"
H0060,Corrientes,2025-04,4,78,1,N2,22.3,313,"$ 33.569,00"
H0060,Corrientes,2025-05,4,78,1,N2,18.7,392,"$ 46.611,26"
H0060,Corrientes,2025-06,4,78,1,N2,15.6,800,"$ 135.714,11"
H0060,Corrientes,2025-07,4,78,1,N2,15.0,936,"$ 169.152,30"
H0060,Corrientes,2025-08,4,78,1,N2,17.1,623,"$ 102.503,94"
H0060,Corrientes,2025-09,4,78,1,N2,19.2,359,"$ 43.790,62"
H0060,Corrientes,2025-10,4,78,1,N2,22.2,290,"$ 36.558,59"
H0060,Corrientes,2025-11,4,78,1,N2,24.9,383,"$ 51.860,07"
H0060,Corrientes,2025-12,4,78,1,N2,26.9,s/l,"$ 145.888,95"
H0061,Corrientes,2025-01,6,128,0,N3,27.3,343,"$ 44.538,90"
H0061,Corrientes,2025-02,6,128,0,N3,27.0,318,"$ 42.723,43"
H0061,Corrientes,2025-03,6,128,0,N3,24.3,275,"$ 38.627,80"
H0061,Corrientes,2025-04,6,128,0,N3,22.3,336,"$ 47.101,90"
H0061,Corrientes,2025-05,6,128,0,N3,18.7,477,"$ 76.750,87"
H0061,Corrientes,2025-06,6,128,0,N3,15.6,1000,"$ 191.393,54"
H0061,Corrientes,2025-07,6,128,0,N3,15.0,1059,"$ 209.212,75"
H0061,Corrientes,2025-08,6,128,0,N3,17.1,774,"$ 149.906,35"
H0061,Corrientes,2025-09,6,128,0,N3,19.2,522,"$ 95.163,36"
H0061,Corrientes,2025-10,6,128,0,N3,22.2,285,"$ 47.343,77"
H0061,Corrientes,2025-11,6,128,0,N3,24.9,351,"$ 58.281,61"
H0061,Corrientes,2025-12,6,128,0,N3,26.9,317,"$ 54.539,64"
H0062,Corrientes,2025-01,5,108,0,N3,27.3,186,"$ 26.593,80"
H0062,Corrientes,2025-02,5,108,0,N3,27.0,99999,"$ 37.334,19"
H0062,Corrientes,2025-03,5,108,0,N3,24.3,226,"$ 32.743,57"
H0062,Corrientes,2025-04,5,108,0,N3,22.3,173,"$ 27.038,46"
H0062,Corrientes,2025-05,5,108,0,N3,18.7,301,"$ 43.863,65"
H0062,Corrientes,2025-06,5,108,0,N3,15.6,513,"$ 86.428,84"
H0062,Corrientes,2025-07,5,108,0,N3,15.0,560,"$ 98.972,88"
H0062,Corrientes,2025-08,5,108,0,N3,17.1,404,"$ 66.121,83"
H0062,Corrientes,2025-09,5,108,0,N3,19.2,99999,"$ 44.657,15"
H0062,Corrientes,2025-10,5,108,0,N3,22.2,210,"$ 36.637,89"
H0062,Corrientes,2025-11,5,108,0,N3,24.9,225,"$ 39.748,55"
H0062,Corrientes,2025-12,5,108,0,N3,26.9,208,"$ 38.192,74"
H0063,Corrientes,2025-01,1,105,3,N1,27.3,1169,"$ 228.028,50"
H0063,Corrientes,2025-02,1,105,3,N1,27.0,1323,"$ 263.799,64"
H0063,Corrientes,2025-03,1,105,3,N1,24.3,597,"$ 125.090,04"
H0063,Corrientes,2025-04,1,105,3,N1,22.3,321,"$ 71.596,53"
H0063,Corrientes,2025-05,1,105,3,N1,18.7,268,"$ 62.241,80"
H0063,Corrientes,2025-06,1,105,3,N1,15.6,463,"$ 105.826,83"
H0063,Corrientes,2025-07,1,105,3,N1,15.0,404,"$ 95.438,13"
H0063,Corrientes,2025-08,1,105,3,N1,17.1,310,"$ 76.538,29"
H0063,Corrientes,2025-09,1,105,3,N1,19.2,208,"$ 54.776,96"
H0063,Corrientes,2025-10,1,105,3,N1,22.2,310,"$ 80.413,04"
H0063,Corrientes,2025-11,1,105,3,N1,24.9,853,"$ 214.837,23"
H0063,Corrientes,2025-12,1,105,3,N1,26.9,1077,"$ 276.197,52"
H0064,Corrientes,2025-01,1,60,2,N3,27.3,747,"$ 120.967,50"
H0064,Corrientes,2025-02,1,60,2,N3,27.0,645,"$ 104.074,91"
H0064,Corrientes,2025-03,1,60,2,N3,24.3,326,"$ 44.752,21"
H0064,Corrientes,2025-04,1,60,2,N3,22.3,192,"$ 29.377,15"
H0064,Corrientes,2025-05,1,60,2,N3,18.7,131,"$ 22.415,46"
H0064,Corrientes,2025-06,1,60,2,N3,15.6,304,"$ 45.348,20"
H0064,Corrientes,2025-07,1,60,2,N3,15.0,267,"$ 41.577,44"
H0064,Corrientes,2025-08,1,60,2,N3,17.1,,"$ 39.084,34"
H0064,Corrientes,2025-09,1,60,2,N3,19.2,156,"$ 28.224,06"
H0064,Corrientes,2025-10,1,60,2,N3,22.2,178,"$ 32.070,05"
H0064,Corrientes,2025-11,1,60,2,N3,24.9,311,"$ 52.331,52"
H0064,Corrientes,2025-12,1,60,2,N3,26.9,613,"$ 125.226,21"
H0065,Corrientes,2025-01,4,100,1,N2,27.3,570,"$ 76.136,50"
H0065,Corrientes,2025-02,4,100,1,N2,27.0,564,"$ 76.868,34"
H0065,Corrientes,2025-03,4,100,1,N2,24.3,401,"$ 46.166,56"
H0065,Corrientes,2025-04,4,100,1,N2,22.3,293,"$ 31.791,05"
H0065,Corrientes,2025-05,4,100,1,N2,18.7,289,"$ 32.221,35"
H0065,Corrientes,2025-06,4,100,1,N2,15.6,614,"$ 95.624,93"
H0065,Corrientes,2025-07,4,100,1,N2,15.0,623,"$ 100.003,84"
H0065,Corrientes,2025-08,4,100,1,N2,17.1,480,"$ 70.122,36"
H0065,Corrientes,2025-09,4,100,1,N2,19.2,-,"$ 37.175,60"
H0065,Corrientes,2025-10,4,100,1,N2,22.2,236,"$ 30.991,53"
H0065,Corrientes,2025-11,4,100,1,N2,24.9,379,"$ 50.884,64"
H0065,Corrientes,2025-12,4,100,1,N2,26.9,s/l,"$ 92.899,02"
H0066,Corrientes,2025-01,3,110,0,N2,27.3,205,"$ 22.256,75"
H0066,Corrientes,2025-02,3,110,0,N2,27.0,208,"$ 23.067,01"
H0066,Corrientes,2025-03,3,110,0,N2,24.3,221,"$ 24.771,16"
H0066,Corrientes,2025-04,3,110,0,N2,22.3,255,"$ 28.412,95"
H0066,Corrientes,2025-05,3,110,0,N2,18.7,287,"$ 32.039,11"
H0066,Corrientes,2025-06,3,110,0,N2,15.6,406,"$ 50.794,01"
H0066,Corrientes,2025-07,3,110,0,N2,15.0,470,"$ 66.202,84"
H0066,Corrientes,2025-08,3,110,0,N2,17.1,403,"$ 52.686,12"
H0066,Corrientes,2025-09,3,110,0,N2,19.2,219,"$ 28.525,80"
H0066,Corrientes,2025-10,3,110,0,N2,22.2,198,"$ 27.073,98"
H0066,Corrientes,2025-11,3,110,0,N2,24.9,197,"$ 27.645,15"
H0066,Corrientes,2025-12,3,110,0,N2,26.9,275,"$ 36.784,68"
H0067,Corrientes,2025-01,4,113,4,N2,27.3,1829,"$ 315.976,00"
H0067,Corrientes,2025-02,4,113,4,N2,27.0,1449,"$ 249.675,65"
H0067,Corrientes,2025-03,4,113,4,N2,24.3,846,"$ 135.230,67"
H0067,Corrientes,2025-04,4,113,4,N2,22.3,400,"$ 47.115,58"
H0067,Corrientes,2025-05,4,113,4,N2,18.7,426,"$ 53.760,65"
H0067,Corrientes,2025-06,4,113,4,N2,15.6,776,"$ 130.541,31"
H0067,Corrientes,2025-07,4,113,4,N2,15.0,99999,"$ 120.991,39"
H0067,Corrientes,2025-08,4,113,4,N2,17.1,633,"$ 104.768,38"
H0067,Corrientes,2025-09,4,113,4,N2,19.2,414,"$ 56.556,43"
H0067,Corrientes,2025-10,4,113,4,N2,22.2,467,"$ 70.579,49"
H0067,Corrientes,2025-11,4,113,4,N2,24.9,s/l,"$ 224.510,19"
H0067,Corrientes,2025-12,4,113,4,N2,26.9,1849,"$ 419.586,94"
H0068,Corrientes,2025-01,4,72,0,N2,27.3,227,"$ 24.072,85"
H0068,Corrientes,2025-02,4,72,0,N2,27.0,225,"$ 24.505,44"
H0068,Corrientes,2025-03,4,72,0,N2,24.3,239,"$ 26.332,29"
H0068,Corrientes,2025-04,4,72,0,N2,22.3,185,"$ 22.190,14"
H0068,Corrientes,2025-05,4,72,0,N2,18.7,437,"$ 56.073,69"
H0068,Corrientes,2025-06,4,72,0,N2,15.6,728,"$ 120.195,72"
H0068,Corrientes,2025-07,4,72,0,N2,15.0,774,"$ 133.363,00"
H0068,Corrientes,2025-08,4,72,0,N2,17.1,592,"$ 95.484,15"
H0068,Corrientes,2025-09,4,72,0,N2,19.2,272,"$ 33.856,49"
H0068,Corrientes,2025-10,4,72,0,N2,22.2,197,"$ 26.970,88"
H0068,Corrientes,2025-11,4,72,0,N2,24.9,229,"$ 31.026,63"
H0068,Corrientes,2025-12,4,72,0,N2,26.9,232,"$ 32.127,23"
H0069,Corrientes,2025-01,3,129,0,N3,27.3,224,"$ 30.937,20"
H0069,Corrientes,2025-02,3,129,0,N3,27.0,258,"$ 35.693,98"
H0069,Corrientes,2025-03,3,129,0,N3,24.3,236,"$ 33.944,43"
H0069,Corrientes,2025-04,3,129,0,N3,22.3,250,"$ 36.516,28"
H0069,Corrientes,2025-05,3,129,0,N3,18.7,341,"$ 48.910,28"
H0069,Corrientes,2025-06,3,129,0,N3,15.6,744,"$ 136.217,02"
H0069,Corrientes,2025-07,3,129,0,N3,15.0,754,"$ 141.831,66"
H0069,Corrientes,2025-08,3,129,0,N3,17.1,476,"$ 82.425,85"
H0069,Corrientes,2025-09,3,129,0,N3,19.2,356,"$ 56.633,80"
H0069,Corrientes,2025-10,3,129,0,N3,22.2,262,"$ 44.060,63"
H0069,Corrientes,2025-11,3,129,0,N3,24.9,261,"$ 45.015,84"
H0069,Corrientes,2025-12,3,129,0,N3,26.9,222,"$ 40.292,34"
H0070,Corrientes,2025-01,2,120,1,N3,27.3,355,"$ 46.291,50"
H0070,Corrientes,2025-02,2,120,1,N3,27.0,381,"$ 52.525,61"
H0070,Corrientes,2025-03,2,120,1,N3,24.3,248,"$ 35.385,47"
H0070,Corrientes,2025-04,2,120,1,N3,22.3,180,"$ 27.900,08"
H0070,Corrientes,2025-05,2,120,1,N3,18.7,227,"$ 34.527,38"
H0070,Corrientes,2025-06,2,120,1,N3,15.6,381,"$ 57.978,45"
H0070,Corrientes,2025-07,2,120,1,N3,15.0,370,"$ 56.997,77"
H0070,Corrientes,2025-08,2,120,1,N3,17.1,271,"$ 43.160,35"
H0070,Corrientes,2025-09,2,120,1,N3,19.2,154,"$ 27.945,53"
H0070,Corrientes,2025-10,2,120,1,N3,22.2,184,"$ 32.926,52"
H0070,Corrientes,2025-11,2,120,1,N3,24.9,285,"$ 48.527,37"
H0070,Corrientes,2025-12,2,120,1,N3,26.9,370,"$ 64.487,75"
H0071,Corrientes,2025-01,1,89,3,N1,27.3,99999,"$ 154.114,50"
H0071,Corrientes,2025-02,1,89,3,N1,27.0,594,"$ 121.453,28"
H0071,Corrientes,2025-03,1,89,3,N1,24.3,435,"$ 92.666,70"
H0071,Corrientes,2025-04,1,89,3,N1,22.3,162,"$ 38.978,06"
H0071,Corrientes,2025-05,1,89,3,N1,18.7,126,"$ 32.382,56"
H0071,Corrientes,2025-06,1,89,3,N1,15.6,249,"$ 59.702,71"
H0071,Corrientes,2025-07,1,89,3,N1,15.0,265,"$ 64.730,03"
H0071,Corrientes,2025-08,1,89,3,N1,17.1,212,"$ 54.346,71"
H0071,Corrientes,2025-09,1,89,3,N1,19.2,159,"$ 43.403,78"
H0071,Corrientes,2025-10,1,89,3,N1,22.2,209,"$ 56.384,29"
H0071,Corrientes,2025-11,1,89,3,N1,24.9,449,"$ 116.319,36"
H0071,Corrientes,2025-12,1,89,3,N1,26.9,667,"$ 173.716,99"
H0072,Corrientes,2025-01,5,141,4,N1,27.3,1533,"$ 297.370,50"
H0072,Corrientes,2025-02,5,141,4,N1,27.0,1417,"$ 282.154,31"
H0072,Corrientes,2025-03,5,141,4,N1,24.3,693,"$ 144.303,87"
H0072,Corrientes,2025-04,5,141,4,N1,22.3,423,"$ 92.521,60"
H0072,Corrientes,2025-05,5,141,4,N1,18.7,395,"$ 88.946,90"
H0072,Corrientes,2025-06,5,141,4,N1,15.6,790,"$ 176.306,21"
H0072,Corrientes,2025-07,5,141,4,N1,15.0,1023,"$ 232.188,60"
H0072,Corrientes,2025-08,5,141,4,N1,17.1,533,"$ 127.035,44"
H0072,Corrientes,2025-09,5,141,4,N1,19.2,361,"$ 90.289,14"
H0072,Corrientes,2025-10,5,141,4,N1,22.2,383,"$ 97.780,35"
H0072,Corrientes,2025-11,5,141,4,N1,24.9,897,"$ 225.566,90"
H0072,Corrientes,2025-12,5,141,4,N1,26.9,1130,"$ 289.445,00"
H0073,Corrientes,2025-01,4,77,0,N2,27.3,244,"$ 25.476,20"
H0073,Corrientes,2025-02,4,77,0,N2,27.0,269,"$ 28.228,45"
H0073,Corrientes,2025-03,4,77,0,N2,24.3,229,"$ 25.465,00"
H0073,Corrientes,2025-04,4,77,0,N2,22.3,265,"$ 29.301,92"
H0073,Corrientes,2025-05,4,77,0,N2,18.7,417,"$ 51.868,17"
H0073,Corrientes,2025-06,4,77,0,N2,15.6,742,"$ 123.213,18"
H0073,Corrientes,2025-07,4,77,0,N2,15.0,1057,"$ 195.883,82"
H0073,Corrientes,2025-08,4,77,0,N2,17.1,659,"$ 110.655,95"
H0073,Corrientes,2025-09,4,77,0,N2,19.2,380,"$ 48.664,84"
H0073,Corrientes,2025-10,4,77,0,N2,22.2,289,"$ 36.455,50"
H0073,Corrientes,2025-11,4,77,0,N2,24.9,257,"$ 33.985,41"
H0073,Corrientes,2025-12,4,77,0,N2,26.9,243,"$ 33.318,67"
H0074,Corrientes,2025-01,5,148,4,N1,27.3,1395,"$ 271.081,50"
H0074,Corrientes,2025-02,5,148,4,N1,27.0,1296,"$ 258.527,55"
H0074,Corrientes,2025-03,5,148,4,N1,24.3,830,"$ 171.723,61"
H0074,Corrientes,2025-04,5,148,4,N1,22.3,405,"$ 88.828,94"
H0074,Corrientes,2025-05,5,148,4,N1,18.7,383,"$ 86.423,58"
H0074,Corrientes,2025-06,5,148,4,N1,15.6,693,"$ 155.399,48"
H0074,Corrientes,2025-07,5,148,4,N1,15.0,694,"$ 159.505,39"
H0074,Corrientes,2025-08,5,148,4,N1,17.1,494,"$ 118.204,10"
H0074,Corrientes,2025-09,5,148,4,N1,19.2,392,"$ 97.484,42"
H0074,Corrientes,2025-10,5,148,4,N1,22.2,380,"$ 97.066,63"
H0074,Corrientes,2025-11,5,148,4,N1,24.9,895,"$ 225.079,19"
H0074,Corrientes,2025-12,5,148,4,N1,26.9,1130,"$ 289.445,00"
H0075,Corrientes,2025-01,6,113,0,N3,27.3,279,"$ 37.223,70"
H0075,Corrientes,2025-02,6,113,0,N3,27.0,317,"$ 42.606,28"
H0075,Corrientes,2025-03,6,113,0,N3,24.3,306,"$ 42.350,48"
H0075,Corrientes,2025-04,6,113,0,N3,22.3,356,"$ 50.056,03"
H0075,Corrientes,2025-05,6,113,0,N3,18.7,,"$ 56.984,89"
H0075,Corrientes,2025-06,6,113,0,N3,15.6,995,"$ 190.315,87"
H0075,Corrientes,2025-07,6,113,0,N3,15.0,1114,"$ 221.363,44"
H0075,Corrientes,2025-08,6,113,0,N3,17.1,703,"$ 133.828,78"
H0075,Corrientes,2025-09,6,113,0,N3,19.2,455,"$ 79.612,27"
H0075,Corrientes,2025-10,6,113,0,N3,22.2,286,"$ 47.486,52"
H0075,Corrientes,2025-11,6,113,0,N3,24.9,300,"$ 50.722,07"
H0075,Corrientes,2025-12,6,113,0,N3,26.9,369,"$ 64.237,79"
H0076,Corrientes,2025-01,4,76,0,N2,27.3,206,"$ 22.339,30"
H0076,Corrientes,2025-02,4,76,0,N2,27.0,249,"$ 26.536,17"
H0076,Corrientes,2025-03,4,76,0,N2,24.3,221,"$ 24.771,16"
H0076,Corrientes,2025-04,4,76,0,N2,22.3,203,"$ 23.790,29"
H0076,Corrientes,2025-05,4,76,0,N2,18.7,383,"$ 44.718,77"
H0076,Corrientes,2025-06,4,76,0,N2,15.6,508,"$ 72.778,40"
H0076,Corrientes,2025-07,4,76,0,N2,15.0,763,"$ 130.932,87"
H0076,Corrientes,2025-08,4,76,0,N2,17.1,435,"$ 59.932,35"
H0076,Corrientes,2025-09,4,76,0,N2,19.2,309,"$ 37.577,92"
H0076,Corrientes,2025-10,4,76,0,N2,22.2,214,"$ 28.723,47"
H0076,Corrientes,2025-11,4,76,0,N2,24.9,260,"$ 34.302,43"
H0076,Corrientes,2025-12,4,76,0,N2,26.9,237,"$ 32.668,79"
H0077,Corrientes,2025-01,5,112,0,N3,27.3,257,"$ 34.709,10"
H0077,Corrientes,2025-02,5,112,0,N3,27.0,207,"$ 29.718,95"
H0077,Corrientes,2025-03,5,112,0,N3,24.3,282,"$ 39.468,41"
H0077,Corrientes,2025-04,5,112,0,N3,22.3,225,"$ 33.439,07"
H0077,Corrientes,2025-05,5,112,0,N3,18.7,477,"$ 76.750,87"
H0077,Corrientes,2025-06,5,112,0,N3,15.6,99999,"$ 128.026,76"
H0077,Corrientes,2025-07,5,112,0,N3,15.0,995,"$ 195.073,77"
H0077,Corrientes,2025-08,5,112,0,N3,17.1,675,"$ 127.488,33"
H0077,Corrientes,2025-09,5,112,0,N3,19.2,395,"$ 65.685,93"
H0077,Corrientes,2025-10,5,112,0,N3,22.2,218,"$ 37.779,85"
H0077,Corrientes,2025-11,5,112,0,N3,24.9,234,"$ 41.065,37"
H0077,Corrientes,2025-12,5,112,0,N3,26.9,247,"$ 44.041,63"
H0078,Corrientes,2025-01,4,111,3,N1,27.3,1207,"$ 235.267,50"
H0078,Corrientes,2025-02,4,111,3,N1,27.0,1345,"$ 268.095,41"
H0078,Corrientes,2025-03,4,111,3,N1,24.3,642,"$ 134.096,52"
H0078,Corrientes,2025-04,4,111,3,N1,22.3,349,"$ 77.340,67"
H0078,Corrientes,2025-05,4,111,3,N1,18.7,356,"$ 80.746,12"
H0078,Corrientes,2025-06,4,111,3,N1,15.6,821,"$ 182.987,74"
H0078,Corrientes,2025-07,4,111,3,N1,15.0,722,"$ 165.691,20"
H0078,Corrientes,2025-08,4,111,3,N1,17.1,502,"$ 120.015,66"
H0078,Corrientes,2025-09,4,111,3,N1,19.2,344,"$ 86.343,34"
H0078,Corrientes,2025-10,4,111,3,N1,22.2,324,"$ 83.743,76"
H0078,Corrientes,2025-11,4,111,3,N1,24.9,934,"$ 234.589,57"
H0078,Corrientes,2025-12,4,111,3,N1,26.9,1064,"$ 272.948,14"
H0079,Corrientes,2025-01,4,80,2,N1,27.3,616,"$ 122.682,00"
H0079,Corrientes,2025-02,4,80,2,N1,27.0,721,"$ 146.251,61"
H0079,Corrientes,2025-03,4,80,2,N1,24.3,396,"$ 84.861,08"
H0079,Corrientes,2025-04,4,80,2,N1,22.3,278,"$ 62.775,19"
H0079,Corrientes,2025-05,4,80,2,N1,18.7,-,"$ 72.545,34"
H0079,Corrientes,2025-06,4,80,2,N1,15.6,617,"$ 139.018,96"
H0079,Corrientes,2025-07,4,80,2,N1,15.0,576,"$ 133.436,64"
H0079,Corrientes,2025-08,4,80,2,N1,17.1,516,"$ 123.185,88"
H0079,Corrientes,2025-09,4,80,2,N1,19.2,246,"$ 63.596,98"
H0079,Corrientes,2025-10,4,80,2,N1,22.2,347,"$ 89.215,65"
H0079,Corrientes,2025-11,4,80,2,N1,24.9,646,"$ 164.359,02"
H0079,Corrientes,2025-12,4,80,2,N1,26.9,630,"$ 164.468,75"
H0080,Corrientes,2025-01,3,133,1,N1,27.3,468,"$ 94.488,00"
H0080,Corrientes,2025-02,3,133,1,N1,27.0,s/l,"$ 89.234,96"
H0080,Corrientes,2025-03,3,133,1,N1,24.3,350,"$ 75.654,46"
H0080,Corrientes,2025-04,3,133,1,N1,22.3,230,"$ 52.928,10"
H0080,Corrientes,2025-05,3,133,1,N1,18.7,306,"$ 70.232,30"
H0080,Corrientes,2025-06,3,133,1,N1,15.6,476,"$ 108.628,77"
H0080,Corrientes,2025-07,3,133,1,N1,15.0,497,"$ 115.983,84"
H0080,Corrientes,2025-08,3,133,1,N1,17.1,340,"$ 83.331,63"
H0080,Corrientes,2025-09,3,133,1,N1,19.2,285,"$ 72.649,10"
H0080,Corrientes,2025-10,3,133,1,N1,22.2,236,"$ 62.807,82"
H0080,Corrientes,2025-11,3,133,1,N1,24.9,368,"$ 96.567,02"
H0080,Corrientes,2025-12,3,133,1,N1,26.9,428,"$ 113.978,34"
H0081,Corrientes,2025-01,2,57,1,N2,27.3,455,"$ 54.229,00"
H0081,Corrientes,2025-02,2,57,1,N2,27.0,389,"$ 42.697,40"
H0081,Corrientes,2025-03,2,57,1,N2,24.3,305,"$ 32.056,41"
H0081,Corrientes,2025-04,2,57,1,N2,22.3,161,"$ 20.056,60"
H0081,Corrientes,2025-05,2,57,1,N2,18.7,201,"$ 24.202,81"
H0081,Corrientes,2025-06,2,57,1,N2,15.6,367,"$ 42.388,21"
H0081,Corrientes,2025-07,2,57,1,N2,15.0,385,"$ 47.424,50"
H0081,Corrientes,2025-08,2,57,1,N2,17.1,266,"$ 32.441,97"
H0081,Corrientes,2025-09,2,57,1,N2,19.2,189,"$ 25.508,42"
H0081,Corrientes,2025-10,2,57,1,N2,22.2,178,"$ 25.012,10"
H0081,Corrientes,2025-11,2,57,1,N2,24.9,318,"$ 40.431,34"
H0081,Corrientes,2025-12,2,57,1,N2,26.9,428,"$ 64.404,43"
H0082,Corrientes,2025-01,5,101,1,N2,27.3,725,"$ 105.664,00"
H0082,Corrientes,2025-02,5,101,1,N2,27.0,660,"$ 95.613,54"
H0082,Corrientes,2025-03,5,101,1,N2,24.3,407,"$ 47.367,43"
H0082,Corrientes,2025-04,5,101,1,N2,22.3,389,"$ 44.858,96"
H0082,Corrientes,2025-05,5,101,1,N2,18.7,410,"$ 50.396,23"
H0082,Corrientes,2025-06,5,101,1,N2,15.6,1041,"$ 187.657,63"
H0082,Corrientes,2025-07,5,101,1,N2,15.0,1079,"$ 200.744,09"
H0082,Corrientes,2025-08,5,101,1,N2,17.1,662,"$ 111.335,28"
H0082,Corrientes,2025-09,5,101,1,N2,19.2,399,"$ 53.074,85"
H0082,Corrientes,2025-10,5,101,1,N2,22.2,354,"$ 43.695,84"
H0082,Corrientes,2025-11,5,101,1,N2,24.9,608,"$ 106.727,69"
H0082,Corrientes,2025-12,5,101,1,N2,26.9,768,"$ 149.388,28"
H0083,Corrientes,2025-01,7,98,3,N2,27.3,1897,"$ 328.930,00"
H0083,Corrientes,2025-02,7,98,3,N2,27.0,1618,"$ 282.675,01"
H0083,Corrientes,2025-03,7,98,3,N2,24.3,846,"$ 135.230,67"
H0083,Corrientes,2025-04,7,98,3,N2,22.3,488,"$ 65.168,57"
H0083,Corrientes,2025-05,7,98,3,N2,18.7,711,"$ 113.689,42"
H0083,Corrientes,2025-06,7,98,3,N2,15.6,1177,"$ 216.970,15"
H0083,Corrientes,2025-07,7,98,3,N2,15.0,1112,"$ 208.034,50"
H0083,Corrientes,2025-08,7,98,3,N2,17.1,947,"$ 175.872,00"
H0083,Corrientes,2025-09,7,98,3,N2,19.2,432,"$ 60.734,34"
H0083,Corrientes,2025-10,7,98,3,N2,22.2,651,"$ 114.354,64"
H0083,Corrientes,2025-11,7,98,3,N2,24.9,1134,"$ 234.996,00"
H0083,Corrientes,2025-12,7,98,3,N2,26.9,1549,"$ 344.601,19"
H0084,Corrientes,2025-01,1,93,2,N3,27.3,857,"$ 141.922,50"
H0084,Corrientes,2025-02,1,93,2,N3,27.0,709,"$ 116.571,71"
H0084,Corrientes,2025-03,1,93,2,N3,24.3,540,"$ 85.661,66"
H0084,Corrientes,2025-04,1,93,2,N3,22.3,344,"$ 48.086,61"
H0084,Corrientes,2025-05,1,93,2,N3,18.7,246,"$ 36.924,53"
H0084,Corrientes,2025-06,1,93,2,N3,15.6,425,"$ 67.461,91"
H0084,Corrientes,2025-07,1,93,2,N3,15.0,481,"$ 81.520,07"
H0084,Corrientes,2025-08,1,93,2,N3,17.1,363,"$ 56.837,60"
H0084,Corrientes,2025-09,1,93,2,N3,19.2,196,"$ 33.794,60"
H0084,Corrientes,2025-10,1,93,2,N3,22.2,275,"$ 45.916,32"
H0084,Corrientes,2025-11,1,93,2,N3,24.9,542,"$ 104.858,13"
H0084,Corrientes,2025-12,1,93,2,N3,26.9,978,"$ 216.458,87"
H0085,Corrientes,2025-01,3,98,2,N2,27.3,500,"$ 62.801,50"
H0085,Corrientes,2025-02,3,98,2,N2,27.0,639,"$ 91.513,02"
H0085,Corrientes,2025-03,3,98,2,N2,24.3,334,"$ 34.571,55"
H0085,Corrientes,2025-04,3,98,2,N2,22.3,213,"$ 24.679,26"
H0085,Corrientes,2025-05,3,98,2,N2,18.7,250,"$ 28.667,68"
H0085,Corrientes,2025-06,3,98,2,N2,15.6,463,"$ 63.079,40"
H0085,Corrientes,2025-07,3,98,2,N2,15.0,487,"$ 69.958,51"
H0085,Corrientes,2025-08,3,98,2,N2,17.1,411,"$ 54.497,68"
H0085,Corrientes,2025-09,3,98,2,N2,19.2,185,"$ 25.106,11"
H0085,Corrientes,2025-10,3,98,2,N2,22.2,232,"$ 30.579,16"
H0085,Corrientes,2025-11,3,98,2,N2,24.9,311,"$ 39.691,65"
H0085,Corrientes,2025-12,3,98,2,N2,26.9,581,"$ 102.647,16"
H0086,Corrientes,2025-01,3,80,2,N3,27.3,575,"$ 88.201,50"
H0086,Corrientes,2025-02,3,80,2,N3,27.0,651,"$ 105.246,49"
H0086,Corrientes,2025-03,3,80,2,N3,24.3,348,"$ 47.394,11"
H0086,Corrientes,2025-04,3,80,2,N3,22.3,203,"$ 30.731,12"
H0086,Corrientes,2025-05,3,80,2,N3,18.7,208,"$ 32.130,23"
H0086,Corrientes,2025-06,3,80,2,N3,15.6,385,"$ 58.840,58"
H0086,Corrientes,2025-07,3,80,2,N3,15.0,350,"$ 52.579,34"
H0086,Corrientes,2025-08,3,80,2,N3,17.1,335,"$ 51.855,82"
H0086,Corrientes,2025-09,3,80,2,N3,19.2,196,"$ 33.794,60"
H0086,Corrientes,2025-10,3,80,2,N3,22.2,211,"$ 36.780,64"
H0086,Corrientes,2025-11,3,80,2,N3,24.9,480,"$ 89.739,05"
H0086,Corrientes,2025-12,3,80,2,N3,26.9,567,"$ 113.728,39"
H0087,Corrientes,2025-01,3,62,1,N3,27.3,494,"$ 72.771,00"
H0087,Corrientes,2025-02,3,62,1,N3,27.0,484,"$ 72.637,65"
H0087,Corrientes,2025-03,3,62,1,N3,24.3,368,"$ 51.236,88"
H0087,Corrientes,2025-04,3,62,1,N3,22.3,241,"$ 35.408,49"
H0087,Corrientes,2025-05,3,62,1,N3,18.7,298,"$ 43.485,15"
H0087,Corrientes,2025-06,3,62,1,N3,15.6,659,"$ 117.896,70"
H0087,Corrientes,2025-07,3,62,1,N3,15.0,715,"$ 133.215,72"
H0087,Corrientes,2025-08,3,62,1,N3,17.1,483,"$ 84.010,96"
H0087,Corrientes,2025-09,3,62,1,N3,19.2,203,"$ 34.769,44"
H0087,Corrientes,2025-10,3,62,1,N3,22.2,189,"$ 33.640,25"
H0087,Corrientes,2025-11,3,62,1,N3,24.9,367,"$ 62.183,31"
H0087,Corrientes,2025-12,3,62,1,N3,26.9,430,"$ 79.484,90"
H0088,Corrientes,2025-01,1,68,0,N3,27.3,86,"$ 15.163,80"
H0088,Corrientes,2025-02,1,68,0,N3,27.0,85,"$ 15.425,74"
H0088,Corrientes,2025-03,1,68,0,N3,24.3,84,"$ 15.691,29"
H0088,Corrientes,2025-04,1,68,0,N3,22.3,94,"$ 17.314,46"
H0088,Corrientes,2025-05,1,68,0,N3,18.7,155,"$ 25.443,44"
H0088,Corrientes,2025-06,1,68,0,N3,15.6,238,"$ 36.813,08"
H0088,Corrientes,2025-07,1,68,0,N3,15.0,273,"$ 42.372,76"
H0088,Corrientes,2025-08,1,68,0,N3,17.1,154,"$ 27.263,93"
H0088,Corrientes,2025-09,1,68,0,N3,19.2,146,"$ 26.831,42"
H0088,Corrientes,2025-10,1,68,0,N3,22.2,100,"$ 20.935,94"
H0088,Corrientes,2025-11,1,68,0,N3,24.9,81,"$ 18.679,38"
H0088,Corrientes,2025-12,1,68,0,N3,26.9,89,"$ 20.346,13"
H0089,Corrientes,2025-01,3,87,2,N3,27.3,646,"$ 101.727,00"
H0089,Corrientes,2025-02,3,87,2,N3,27.0,520,"$ 79.667,10"
H0089,Corrientes,2025-03,3,87,2,N3,24.3,312,"$ 43.071,00"
H0089,Corrientes,2025-04,3,87,2,N3,22.3,171,"$ 26.792,28"
H0089,Corrientes,2025-05,3,87,2,N3,18.7,228,"$ 34.653,54"
H0089,Corrientes,2025-06,3,87,2,N3,15.6,522,"$ 88.368,64"
H0089,Corrientes,2025-07,3,87,2,N3,15.0,491,"$ 83.729,28"
H0089,Corrientes,2025-08,3,87,2,N3,17.1,333,"$ 51.584,09"
H0089,Corrientes,2025-09,3,87,2,N3,19.2,224,"$ 37.693,97"
H0089,Corrientes,2025-10,3,87,2,N3,22.2,188,"$ 33.497,50"
H0089,Corrientes,2025-11,3,87,2,N3,24.9,408,"$ 72.181,41"
H0089,Corrientes,2025-12,3,87,2,N3,26.9,517,"$ 101.230,77"
H0090,Corrientes,2025-01,3,82,0,N2,27.3,130,"$ 16.065,50"
H0090,Corrientes,2025-02,3,82,0,N2,27.0,171,"$ 19.936,30"
H0090,Corrientes,2025-03,3,82,0,N2,24.3,149,"$ 18.526,67"
H0090,Corrientes,2025-04,3,82,0,N2,22.3,189,"$ 22.545,73"
H0090,Corrientes,2025-05,3,82,0,N2,18.7,229,"$ 26.754,16"
H0090,Corrientes,2025-06,3,82,0,N2,15.6,434,"$ 56.828,94"
H0090,Corrientes,2025-07,3,82,0,N2,15.0,626,"$ 100.666,61"
H0090,Corrientes,2025-08,3,82,0,N2,17.1,419,"$ 56.309,23"
H0090,Corrientes,2025-09,3,82,0,N2,19.2,210,"$ 27.620,58"
H0090,Corrientes,2025-10,3,82,0,N2,22.2,149,"$ 22.022,39"
H0090,Corrientes,2025-11,3,82,0,N2,24.9,148,"$ 22.467,28"
H0090,Corrientes,2025-12,3,82,0,N2,26.9,176,"$ 26.061,71"
H0091,Corrientes,2025-01,3,62,2,N2,27.3,775,"$ 115.189,00"
H0091,Corrientes,2025-02,3,62,2,N2,27.0,814,"$ 125.683,96"
H0091,Corrientes,2025-03,3,62,2,N2,24.3,434,"$ 52.771,32"
H0091,Corrientes,2025-04,3,62,2,N2,22.3,232,"$ 26.368,31"
H0091,Corrientes,2025-05,3,62,2,N2,18.7,226,"$ 26.480,80"
H0091,Corrientes,2025-06,3,62,2,N2,15.6,430,"$ 55.966,80"
H0091,Corrientes,2025-07,3,62,2,N2,15.0,522,"$ 77.690,76"
H0091,Corrientes,2025-08,3,62,2,N2,17.1,318,"$ 37.544,52"
H0091,Corrientes,2025-09,3,62,2,N2,19.2,189,"$ 25.508,42"
H0091,Corrientes,2025-10,3,62,2,N2,22.2,237,"$ 31.094,63"
H0091,Corrientes,2025-11,3,62,2,N2,24.9,486,"$ 76.977,24"
H0091,Corrientes,2025-12,3,62,2,N2,26.9,668,"$ 124.393,03"
H0092,Corrientes,2025-01,2,89,3,N3,27.3,980,"$ 165.354,00"
H0092,Corrientes,2025-02,2,89,3,N3,27.0,897,"$ 153.281,06"
H0092,Corrientes,2025-03,2,89,3,N3,24.3,561,"$ 89.864,68"
H0092,Corrientes,2025-04,2,89,3,N3,22.3,269,"$ 38.854,97"
H0092,Corrientes,2025-05,2,89,3,N3,18.7,288,"$ 42.223,49"
H0092,Corrientes,2025-06,2,89,3,N3,15.6,517,"$ 87.290,97"
H0092,Corrientes,2025-07,2,89,3,N3,15.0,476,"$ 80.415,46"
H0092,Corrientes,2025-08,2,89,3,N3,17.1,334,"$ 51.719,95"
H0092,Corrientes,2025-09,2,89,3,N3,19.2,224,"$ 37.693,97"
H0092,Corrientes,2025-10,2,89,3,N3,22.2,99999,"$ 44.346,12"
H0092,Corrientes,2025-11,2,89,3,N3,24.9,791,"$ 165.578,30"
H0092,Corrientes,2025-12,2,89,3,N3,26.9,868,"$ 188.964,10"
H0093,Corrientes,2025-01,6,168,3,N1,27.3,1306,"$ 254.127,00"
H0093,Corrientes,2025-02,6,168,3,N1,27.0,1036,"$ 207.759,30"
H0093,Corrientes,2025-03,6,168,3,N1,24.3,840,"$ 173.725,05"
H0093,Corrientes,2025-04,6,168,3,N1,22.3,474,"$ 102.984,13"
H0093,Corrientes,2025-05,6,168,3,N1,18.7,546,"$ 120.698,63"
H0093,Corrientes,2025-06,6,168,3,N1,15.6,877,"$ 195.057,60"
H0093,Corrientes,2025-07,6,168,3,N1,15.0,1027,"$ 233.072,28"
H0093,Corrientes,2025-08,6,168,3,N1,17.1,710,"$ 167.116,14"
H0093,Corrientes,2025-09,6,168,3,N1,19.2,435,"$ 107.464,96"
H0093,Corrientes,2025-10,6,168,3,N1,22.2,522,"$ 130.849,62"
H0093,Corrientes,2025-11,6,168,3,N1,24.9,1008,"$ 252.634,93"
H0093,Corrientes,2025-12,6,168,3,N1,26.9,1397,"$ 356.182,32"
H0094,Corrientes,2025-01,1,94,2,N3,27.3,646,"$ 101.727,00"
H0094,Corrientes,2025-02,1,94,2,N3,27.0,559,"$ 87.282,34"
H0094,Corrientes,2025-03,1,94,2,N3,24.3,316,"$ 43.551,35"
H0094,Corrientes,2025-04,1,94,2,N3,22.3,175,"$ 27.284,64"
H0094,Corrientes,2025-05,1,94,2,N3,18.7,135,"$ 22.920,12"
H0094,Corrientes,2025-06,1,94,2,N3,15.6,229,"$ 35.649,20"
H0094,Corrientes,2025-07,1,94,2,N3,15.0,270,"$ 41.975,10"
H0094,Corrientes,2025-08,1,94,2,N3,17.1,200,"$ 33.513,81"
H0094,Corrientes,2025-09,1,94,2,N3,19.2,139,"$ 25.856,58"
H0094,Corrientes,2025-10,1,94,2,N3,22.2,177,"$ 31.927,31"
H0094,Corrientes,2025-11,1,94,2,N3,24.9,471,"$ 87.544,34"
H0094,Corrientes,2025-12,1,94,2,N3,26.9,552,"$ 109.979,10"
H0095,Corrientes,2025-01,1,111,1,N3,27.3,376,"$ 50.292,00"
H0095,Corrientes,2025-02,1,111,1,N3,27.0,456,"$ 67.170,30"
H0095,Corrientes,2025-03,1,111,1,N3,24.3,319,"$ 43.911,61"
H0095,Corrientes,2025-04,1,111,1,N3,22.3,211,"$ 31.715,83"
H0095,Corrientes,2025-05,1,111,1,N3,18.7,283,"$ 41.592,66"
H0095,Corrientes,2025-06,1,111,1,N3,15.6,296,"$ 44.313,64"
H0095,Corrientes,2025-07,1,111,1,N3,15.0,341,"$ 51.386,36"
H0095,Corrientes,2025-08,1,111,1,N3,17.1,291,"$ 45.877,68"
H0095,Corrientes,2025-09,1,111,1,N3,19.2,203,"$ 34.769,44"
H0095,Corrientes,2025-10,1,111,1,N3,22.2,207,"$ 36.209,66"
H0095,Corrientes,2025-11,1,111,1,N3,24.9,s/l,"$ 69.255,13"
H0095,Corrientes,2025-12,1,111,1,N3,26.9,400,"$ 71.986,32"
H0096,Corrientes,2025-01,2,45,1,N2,27.3,365,"$ 37.084,00"
H0096,Corrientes,2025-02,2,45,1,N2,27.0,320,"$ 32.543,75"
H0096,Corrientes,2025-03,2,45,1,N2,24.3,251,"$ 27.373,04"
H0096,Corrientes,2025-04,2,45,1,N2,22.3,121,"$ 16.500,71"
H0096,Corrientes,2025-05,2,45,1,N2,18.7,149,"$ 19.464,58"
H0096,Corrientes,2025-06,2,45,1,N2,15.6,266,"$ 30.878,73"
H0096,Corrientes,2025-07,2,45,1,N2,15.0,281,"$ 33.086,69"
H0096,Corrientes,2025-08,2,45,1,N2,17.1,253,"$ 31.166,33"
H0096,Corrientes,2025-09,2,45,1,N2,19.2,138,"$ 20.378,89"
H0096,Corrientes,2025-10,2,45,1,N2,22.2,145,"$ 21.610,01"
H0096,Corrientes,2025-11,2,45,1,N2,24.9,276,"$ 35.993,16"
H0096,Corrientes,2025-12,2,45,1,N2,26.9,308,"$ 40.359,00"
H0097,Corrientes,2025-01,2,66,0,N2,27.3,151,"$ 17.799,05"
H0097,Corrientes,2025-02,2,66,0,N2,27.0,157,"$ 18.751,71"
H0097,Corrientes,2025-03,2,66,0,N2,24.3,152,"$ 18.786,86"
H0097,Corrientes,2025-04,2,66,0,N2,22.3,164,"$ 20.323,30"
H0097,Corrientes,2025-05,2,66,0,N2,18.7,241,"$ 27.847,60"
H0097,Corrientes,2025-06,2,66,0,N2,15.6,99999,"$ 38.630,75"
H0097,Corrientes,2025-07,2,66,0,N2,15.0,551,"$ 84.097,49"
H0097,Corrientes,2025-08,2,66,0,N2,17.1,255,"$ 31.362,58"
H0097,Corrientes,2025-09,2,66,0,N2,19.2,211,"$ 27.721,16"
H0097,Corrientes,2025-10,2,66,0,N2,22.2,162,"$ 23.362,60"
H0097,Corrientes,2025-11,2,66,0,N2,24.9,119,"$ 19.402,82"
H0097,Corrientes,2025-12,2,66,0,N2,26.9,118,"$ 19.779,58"
H0098,Corrientes,2025-01,2,73,2,N2,27.3,851,"$ 129.667,00"
H0098,Corrientes,2025-02,2,73,2,N2,27.0,854,"$ 133.494,46"
H0098,Corrientes,2025-03,2,73,2,N2,24.3,486,"$ 63.178,81"
H0098,Corrientes,2025-04,2,73,2,N2,22.3,215,"$ 24.857,06"
H0098,Corrientes,2025-05,2,73,2,N2,18.7,314,"$ 34.499,34"
H0098,Corrientes,2025-06,2,73,2,N2,15.6,523,"$ 76.011,40"
H0098,Corrientes,2025-07,2,73,2,N2,15.0,448,"$ 61.342,56"
H0098,Corrientes,2025-08,2,73,2,N2,17.1,418,"$ 56.082,79"
H0098,Corrientes,2025-09,2,73,2,N2,19.2,162,"$ 22.792,78"
H0098,Corrientes,2025-10,2,73,2,N2,22.2,257,"$ 33.156,50"
H0098,Corrientes,2025-11,2,73,2,N2,24.9,433,"$ 64.052,87"
H0098,Corrientes,2025-12,2,73,2,N2,26.9,817,"$ 161.635,96"
H0099,Corrientes,2025-01,7,90,2,N2,27.3,738,"$ 108.140,50"
H0099,Corrientes,2025-02,7,90,2,N2,27.0,793,"$ 121.583,45"
H0099,Corrientes,2025-03,7,90,2,N2,24.3,476,"$ 61.177,37"
H0099,Corrientes,2025-04,7,90,2,N2,22.3,283,"$ 30.902,08"
H0099,Corrientes,2025-05,7,90,2,N2,18.7,352,"$ 38.200,20"
H0099,Corrientes,2025-06,7,90,2,N2,15.6,741,"$ 122.997,65"
H0099,Corrientes,2025-07,7,90,2,N2,15.0,1032,"$ 190.360,78"
H0099,Corrientes,2025-08,7,90,2,N2,17.1,642,"$ 106.806,39"
H0099,Corrientes,2025-09,7,90,2,N2,19.2,366,"$ 45.415,36"
H0099,Corrientes,2025-10,7,90,2,N2,22.2,299,"$ 37.486,43"
H0099,Corrientes,2025-11,7,90,2,N2,24.9,447,"$ 67.466,86"
H0099,Corrientes,2025-12,7,90,2,N2,26.9,689,"$ 129.642,03"
H0100,Corrientes,2025-01,3,57,0,N2,27.3,182,"$ 20.358,10"
H0100,Corrientes,2025-02,3,57,0,N2,27.0,152,"$ 18.328,64"
H0100,Corrientes,2025-03,3,57,0,N2,24.3,212,"$ 23.990,60"
H0100,Corrientes,2025-04,3,57,0,N2,22.3,180,"$ 21.745,65"
H0100,Corrientes,2025-05,3,57,0,N2,18.7,322,"$ 35.228,30"
H0100,Corrientes,2025-06,3,57,0,N2,15.6,729,"$ 120.411,25"
H0100,Corrientes,2025-07,3,57,0,N2,15.0,722,"$ 121.875,08"
H0100,Corrientes,2025-08,3,57,0,N2,17.1,502,"$ 75.104,14"
H0100,Corrientes,2025-09,3,57,0,N2,19.2,343,"$ 40.997,61"
H0100,Corrientes,2025-10,3,57,0,N2,22.2,199,"$ 27.177,07"
H0100,Corrientes,2025-11,3,57,0,N2,24.9,216,"$ 29.652,90"
H0100,Corrientes,2025-12,3,57,0,N2,26.9,138,"$ 21.945,83"
H0101,Corrientes,2025-01,6,131,1,N3,27.3,541,"$ 81.724,50"
H0101,Corrientes,2025-02,6,131,1,N3,27.0,556,"$ 86.696,55"
H0101,Corrientes,2025-03,6,131,1,N3,24.3,383,"$ 54.239,04"
H0101,Corrientes,2025-04,6,131,1,N3,22.3,360,"$ 50.876,62"
H0101,Corrientes,2025-05,6,131,1,N3,18.7,343,"$ 49.162,61"
H0101,Corrientes,2025-06,6,131,1,N3,15.6,722,"$ 131.475,29"
H0101,Corrientes,2025-07,6,131,1,N3,15.0,709,"$ 131.890,19"
H0101,Corrientes,2025-08,6,131,1,N3,17.1,454,"$ 77.444,07"
H0101,Corrientes,2025-09,6,131,1,N3,19.2,341,"$ 53.987,80"
H0101,Corrientes,2025-10,6,131,1,N3,22.2,288,"$ 47.772,01"
H0101,Corrientes,2025-11,6,131,1,N3,24.9,468,"$ 86.812,77"
H0101,Corrientes,2025-12,6,131,1,N3,26.9,511,"$ 99.731,05"
H0102,Corrientes,2025-01,2,71,0,N3,27.3,195,"$ 27.622,50"
H0102,Corrientes,2025-02,2,71,0,N3,27.0,153,"$ 23.392,45"
H0102,Corrientes,2025-03,2,71,0,N3,24.3,165,"$ 25.418,30"
H0102,Corrientes,2025-04,2,71,0,N3,22.3,133,"$ 22.114,92"
H0102,Corrientes,2025-05,2,71,0,N3,18.7,269,"$ 39.826,34"
H0102,Corrientes,2025-06,2,71,0,N3,15.6,338,"$ 49.745,08"
H0102,Corrientes,2025-07,2,71,0,N3,15.0,542,"$ 94.996,29"
H0102,Corrientes,2025-08,2,71,0,N3,17.1,338,"$ 52.263,42"
H0102,Corrientes,2025-09,2,71,0,N3,19.2,197,"$ 33.933,86"
H0102,Corrientes,2025-10,2,71,0,N3,22.2,184,"$ 32.926,52"
H0102,Corrientes,2025-11,2,71,0,N3,24.9,176,"$ 32.579,18"
H0102,Corrientes,2025-12,2,71,0,N3,26.9,136,"$ 27.394,79"
H0103,Corrientes,2025-01,3,79,1,N3,27.3,510,"$ 75.819,00"
H0103,Corrientes,2025-02,3,79,1,N3,27.0,572,"$ 89.820,75"
H0103,Corrientes,2025-03,3,79,1,N3,24.3,s/l,"$ 35.985,90"
H0103,Corrientes,2025-04,3,79,1,N3,22.3,220,"$ 32.823,63"
H0103,Corrientes,2025-05,3,79,1,N3,18.7,300,"$ 43.737,48"
H0103,Corrientes,2025-06,3,79,1,N3,15.6,427,"$ 67.892,98"
H0103,Corrientes,2025-07,3,79,1,N3,15.0,381,"$ 59.427,91"
H0103,Corrientes,2025-08,3,79,1,N3,17.1,356,"$ 55.252,49"
H0103,Corrientes,2025-09,3,79,1,N3,19.2,248,"$ 41.036,30"
H0103,Corrientes,2025-10,3,79,1,N3,22.2,189,"$ 33.640,25"
H0103,Corrientes,2025-11,3,79,1,N3,24.9,257,"$ 44.430,58"
H0103,Corrientes,2025-12,3,79,1,N3,26.9,353,"$ 60.238,55"
H0104,Corrientes,2025-01,4,105,2,N3,27.3,756,"$ 122.682,00"
H0104,Corrientes,2025-02,4,105,2,N3,27.0,961,"$ 165.777,86"
H0104,Corrientes,2025-03,4,105,2,N3,24.3,511,"$ 79.857,48"
H0104,Corrientes,2025-04,4,105,2,N3,22.3,323,"$ 45.501,75"
H0104,Corrientes,2025-05,4,105,2,N3,18.7,362,"$ 52.569,09"
H0104,Corrientes,2025-06,4,105,2,N3,15.6,450,"$ 72.850,24"
H0104,Corrientes,2025-07,4,105,2,N3,15.0,603,"$ 108.472,50"
H0104,Corrientes,2025-08,4,105,2,N3,17.1,441,"$ 74.500,29"
H0104,Corrientes,2025-09,4,105,2,N3,19.2,306,"$ 49.113,58"
H0104,Corrientes,2025-10,4,105,2,N3,22.2,318,"$ 52.054,36"
H0104,Corrientes,2025-11,4,105,2,N3,24.9,580,"$ 114.124,66"
H0104,Corrientes,2025-12,4,105,2,N3,26.9,792,"$ 169.967,71"
H0105,Corrientes,2025-01,6,90,1,N2,27.3,566,"$ 75.374,50"
H0105,Corrientes,2025-02,6,90,1,N2,27.0,504,"$ 65.152,59"
H0105,Corrientes,2025-03,6,90,1,N2,24.3,493,"$ 64.579,82"
H0105,Corrientes,2025-04,6,90,1,N2,22.3,357,"$ 38.294,23"
H0105,Corrientes,2025-05,6,90,1,N2,18.7,497,"$ 68.690,28"
H0105,Corrientes,2025-06,6,90,1,N2,15.6,912,"$ 159.853,84"
H0105,Corrientes,2025-07,6,90,1,N2,15.0,1004,"$ 184.174,97"
H0105,Corrientes,2025-08,6,90,1,N2,17.1,791,"$ 140.546,64"
H0105,Corrientes,2025-09,6,90,1,N2,19.2,99999,"$ 52.146,43"
H0105,Corrientes,2025-10,6,90,1,N2,22.2,274,"$ 34.909,09"
H0105,Corrientes,2025-11,6,90,1,N2,24.9,462,"$ 71.124,70"
H0105,Corrientes,2025-12,6,90,1,N2,26.9,574,"$ 100.897,50"
H0106,Corrientes,2025-01,4,73,1,N2,27.3,597,"$ 81.280,00"
H0106,Corrientes,2025-02,4,73,1,N2,27.0,491,"$ 62.614,18"
H0106,Corrientes,2025-03,4,73,1,N2,24.3,345,"$ 35.525,57"
H0106,Corrientes,2025-04,4,73,1,N2,22.3,256,"$ 28.501,85"
H0106,Corrientes,2025-05,4,73,1,N2,18.7,295,"$ 32.768,07"
H0106,Corrientes,2025-06,4,73,1,N2,15.6,496,"$ 70.192,00"
H0106,Corrientes,2025-07,4,73,1,N2,15.0,693,"$ 115.468,35"
H0106,Corrientes,2025-08,4,73,1,N2,17.1,441,"$ 61.291,01"
H0106,Corrientes,2025-09,4,73,1,N2,19.2,283,"$ 34.962,86"
H0106,Corrientes,2025-10,4,73,1,N2,22.2,267,"$ 34.187,44"
H0106,Corrientes,2025-11,4,73,1,N2,24.9,334,"$ 42.122,08"
H0106,Corrientes,2025-12,4,73,1,N2,26.9,585,"$ 103.646,97"
H0107,Corrientes,2025-01,2,105,3,N3,27.3,1128,"$ 193.548,00"
H0107,Corrientes,2025-02,2,105,3,N3,27.0,978,"$ 169.097,33"
H0107,Corrientes,2025-03,2,105,3,N3,24.3,628,"$ 103.274,34"
H0107,Corrientes,2025-04,2,105,3,N3,22.3,358,"$ 50.466,33"
H0107,Corrientes,2025-05,2,105,3,N3,18.7,293,"$ 42.854,32"
H0107,Corrientes,2025-06,2,105,3,N3,15.6,666,"$ 119.405,43"
H0107,Corrientes,2025-07,2,105,3,N3,15.0,721,"$ 134.541,25"
H0107,Corrientes,2025-08,2,105,3,N3,17.1,526,"$ 93.748,08"
H0107,Corrientes,2025-09,2,105,3,N3,19.2,273,"$ 44.517,88"
H0107,Corrientes,2025-10,2,105,3,N3,22.2,334,"$ 54.338,28"
H0107,Corrientes,2025-11,2,105,3,N3,24.9,614,"$ 122.415,77"
H0107,Corrientes,2025-12,2,105,3,N3,26.9,1038,"$ 231.456,02"
H0108,Corrientes,2025-01,3,95,1,N2,27.3,509,"$ 64.516,00"
H0108,Corrientes,2025-02,3,95,1,N2,27.0,464,"$ 57.342,09"
H0108,Corrientes,2025-03,3,95,1,N2,24.3,238,"$ 26.245,56"
H0108,Corrientes,2025-04,3,95,1,N2,22.3,208,"$ 24.234,78"
H0108,Corrientes,2025-05,3,95,1,N2,18.7,241,"$ 27.847,60"
H0108,Corrientes,2025-06,3,95,1,N2,15.6,468,"$ 64.157,07"
H0108,Corrientes,2025-07,3,95,1,N2,15.0,458,"$ 63.551,78"
H0108,Corrientes,2025-08,3,95,1,N2,17.1,342,"$ 39.899,54"
H0108,Corrientes,2025-09,3,95,1,N2,19.2,227,"$ 29.330,43"
H0108,Corrientes,2025-10,3,95,1,N2,22.2,206,"$ 27.898,72"
H0108,Corrientes,2025-11,3,95,1,N2,24.9,353,"$ 44.544,38"
H0108,Corrientes,2025-12,3,95,1,N2,26.9,376,"$ 51.406,90"
H0109,Corrientes,2025-01,3,135,2,N3,27.3,s/l,"$ 120.967,50"
H0109,Corrientes,2025-02,3,135,2,N3,27.0,737,"$ 122.039,06"
H0109,Corrientes,2025-03,3,135,2,N3,24.3,402,"$ 58.041,78"
H0109,Corrientes,2025-04,3,135,2,N3,22.3,271,"$ 39.101,14"
H0109,Corrientes,2025-05,3,135,2,N3,18.7,331,"$ 47.648,62"
H0109,Corrientes,2025-06,3,135,2,N3,15.6,521,"$ 88.153,11"
H0109,Corrientes,2025-07,3,135,2,N3,15.0,563,"$ 99.635,64"
H0109,Corrientes,2025-08,3,135,2,N3,17.1,348,"$ 53.622,09"
H0109,Corrientes,2025-09,3,135,2,N3,19.2,303,"$ 48.695,79"
H0109,Corrientes,2025-10,3,135,2,N3,22.2,235,"$ 40.206,52"
H0109,Corrientes,2025-11,3,135,2,N3,24.9,515,"$ 98.274,01"
H0109,Corrientes,2025-12,3,135,2,N3,26.9,649,"$ 134.224,50"
H0110,Corrientes,2025-01,4,85,1,N3,27.3,580,"$ 89.154,00"
H0110,Corrientes,2025-02,4,85,1,N3,27.0,676,"$ 110.128,05"
H0110,Corrientes,2025-03,4,85,1,N3,24.3,455,"$ 68.649,41"
H0110,Corrientes,2025-04,4,85,1,N3,22.3,314,"$ 44.393,95"
H0110,Corrientes,2025-05,4,85,1,N3,18.7,406,"$ 61.821,25"
H0110,Corrientes,2025-06,4,85,1,N3,15.6,814,"$ 151.304,35"
H0110,Corrientes,2025-07,4,85,1,N3,15.0,550,"$ 96.763,66"
H0110,Corrientes,2025-08,4,85,1,N3,17.1,440,"$ 74.273,84"
H0110,Corrientes,2025-09,4,85,1,N3,19.2,321,"$ 51.202,53"
H0110,Corrientes,2025-10,4,85,1,N3,22.2,236,"$ 40.349,26"
H0110,Corrientes,2025-11,4,85,1,N3,24.9,500,"$ 94.616,17"
H0110,Corrientes,2025-12,4,85,1,N3,26.9,549,"$ 109.229,25"
H0111,Corrientes,2025-01,1,103,2,N1,27.3,681,"$ 135.064,50"
H0111,Corrientes,2025-02,1,103,2,N1,27.0,656,"$ 133.559,55"
H0111,Corrientes,2025-03,1,103,2,N1,24.3,412,"$ 88.063,39"
H0111,Corrientes,2025-04,1,103,2,N1,22.3,222,"$ 51.286,92"
H0111,Corrientes,2025-05,1,103,2,N1,18.7,154,"$ 38.270,30"
H0111,Corrientes,2025-06,1,103,2,N1,15.6,244,"$ 58.625,05"
H0111,Corrientes,2025-07,1,103,2,N1,15.0,286,"$ 69.369,38"
H0111,Corrientes,2025-08,1,103,2,N1,17.1,224,"$ 57.064,05"
H0111,Corrientes,2025-09,1,103,2,N1,19.2,147,"$ 40.618,51"
H0111,Corrientes,2025-10,1,103,2,N1,22.2,167,"$ 46.392,14"
H0111,Corrientes,2025-11,1,103,2,N1,24.9,365,"$ 95.835,45"
H0111,Corrientes,2025-12,1,103,2,N1,26.9,633,"$ 165.218,61"
H0112,Corrientes,2025-01,5,100,2,N2,27.3,1023,"$ 162.433,00"
H0112,Corrientes,2025-02,5,100,2,N2,27.0,859,"$ 134.470,77"
H0112,Corrientes,2025-03,5,100,2,N2,24.3,483,"$ 62.578,38"
H0112,Corrientes,2025-04,5,100,2,N2,22.3,449,"$ 57.167,82"
H0112,Corrientes,2025-05,5,100,2,N2,18.7,286,"$ 31.947,99"
H0112,Corrientes,2025-06,5,100,2,N2,15.6,519,"$ 75.149,26"
H0112,Corrientes,2025-07,5,100,2,N2,15.0,576,"$ 89.620,53"
H0112,Corrientes,2025-08,5,100,2,N2,17.1,468,"$ 67.405,02"
H0112,Corrientes,2025-09,5,100,2,N2,19.2,353,"$ 42.397,98"
H0112,Corrientes,2025-10,5,100,2,N2,22.2,258,"$ 33.259,59"
H0112,Corrientes,2025-11,5,100,2,N2,24.9,561,"$ 95.266,45"
H0112,Corrientes,2025-12,5,100,2,N2,26.9,935,"$ 191.130,35"
H0113,Corrientes,2025-01,4,123,2,N3,27.3,732,"$ 118.110,00"
H0113,Corrientes,2025-02,4,123,2,N3,27.0,958,"$ 165.192,08"
H0113,Corrientes,2025-03,4,123,2,N3,24.3,578,"$ 93.267,13"
H0113,Corrientes,2025-04,4,123,2,N3,22.3,389,"$ 56.825,90"
H0113,Corrientes,2025-05,4,123,2,N3,18.7,321,"$ 46.386,96"
H0113,Corrientes,2025-06,4,123,2,N3,15.6,825,"$ 153.675,22"
H0113,Corrientes,2025-07,4,123,2,N3,15.0,702,"$ 130.343,74"
H0113,Corrientes,2025-08,4,123,2,N3,17.1,592,"$ 108.693,43"
H0113,Corrientes,2025-09,4,123,2,N3,19.2,356,"$ 56.633,80"
H0113,Corrientes,2025-10,4,123,2,N3,22.2,327,"$ 53.339,06"
H0113,Corrientes,2025-11,4,123,2,N3,24.9,748,"$ 155.092,48"
H0113,Corrientes,2025-12,4,123,2,N3,26.9,735,"$ 155.720,41"
H0114,Corrientes,2025-01,1,80,2,N3,27.3,386,"$ 52.197,00"
H0114,Corrientes,2025-02,1,80,2,N3,27.0,433,"$ 62.679,26"
H0114,Corrientes,2025-03,1,80,2,N3,24.3,247,"$ 35.265,38"
H0114,Corrientes,2025-04,1,80,2,N3,22.3,130,"$ 21.745,65"
H0114,Corrientes,2025-05,1,80,2,N3,18.7,129,"$ 22.163,13"
H0114,Corrientes,2025-06,1,80,2,N3,15.6,189,"$ 30.476,40"
H0114,Corrientes,2025-07,1,80,2,N3,15.0,215,"$ 34.684,69"
H0114,Corrientes,2025-08,1,80,2,N3,17.1,164,"$ 28.622,60"
H0114,Corrientes,2025-09,1,80,2,N3,19.2,120,"$ 23.210,58"
H0114,Corrientes,2025-10,1,80,2,N3,22.2,99999,"$ 27.073,98"
H0114,Corrientes,2025-11,1,80,2,N3,24.9,312,"$ 52.477,83"
H0114,Corrientes,2025-12,1,80,2,N3,26.9,422,"$ 77.485,28"
H0115,Corrientes,2025-01,4,64,0,N2,27.3,122,"$ 15.405,10"
H0115,Corrientes,2025-02,4,64,0,N2,27.0,148,"$ 17.990,19"
H0115,Corrientes,2025-03,4,64,0,N2,24.3,149,"$ 18.526,67"
H0115,Corrientes,2025-04,4,64,0,N2,22.3,120,"$ 16.411,81"
H0115,Corrientes,2025-05,4,64,0,N2,18.7,193,"$ 23.473,85"
H0115,Corrientes,2025-06,4,64,0,N2,15.6,469,"$ 64.372,60"
H0115,Corrientes,2025-07,4,64,0,N2,15.0,423,"$ 55.819,52"
H0115,Corrientes,2025-08,4,64,0,N2,17.1,330,"$ 38.722,03"
H0115,Corrientes,2025-09,4,64,0,N2,19.2,173,"$ 23.899,16"
H0115,Corrientes,2025-10,4,64,0,N2,22.2,138,"$ 20.888,36"
H0115,Corrientes,2025-11,4,64,0,N2,24.9,115,"$ 18.980,13"
H0115,Corrientes,2025-12,4,64,0,N2,26.9,172,"$ 25.628,46"
H0116,Corrientes,2025-01,4,103,1,N3,27.3,404,"$ 55.626,00"
H0116,Corrientes,2025-02,4,103,1,N3,27.0,605,"$ 96.264,41"
H0116,Corrientes,2025-03,4,103,1,N3,24.3,320,"$ 44.031,69"
H0116,Corrientes,2025-04,4,103,1,N3,22.3,279,"$ 40.085,85"
H0116,Corrientes,2025-05,4,103,1,N3,18.7,420,"$ 64.765,12"
H0116,Corrientes,2025-06,4,103,1,N3,15.6,661,"$ 118.327,76"
H0116,Corrientes,2025-07,4,103,1,N3,15.0,812,"$ 154.645,12"
H0116,Corrientes,2025-08,4,103,1,N3,17.1,539,"$ 96.691,86"
H0116,Corrientes,2025-09,4,103,1,N3,19.2,341,"$ 53.987,80"
H0116,Corrientes,2025-10,4,103,1,N3,22.2,257,"$ 43.346,91"
H0116,Corrientes,2025-11,4,103,1,N3,24.9,330,"$ 55.111,48"
H0116,Corrientes,2025-12,4,103,1,N3,26.9,570,"$ 114.478,25"
H0117,Corrientes,2025-01,4,79,1,N2,27.3,601,"$ 82.042,00"
H0117,Corrientes,2025-02,4,79,1,N2,27.0,605,"$ 84.874,10"
H0117,Corrientes,2025-03,4,79,1,N2,24.3,421,"$ 50.169,44"
H0117,Corrientes,2025-04,4,79,1,N2,22.3,251,"$ 28.057,36"
H0117,Corrientes,2025-05,4,79,1,N2,18.7,s/l,"$ 36.686,21"
H0117,Corrientes,2025-06,4,79,1,N2,15.6,657,"$ 104.892,86"
H0117,Corrientes,2025-07,4,79,1,N2,15.0,844,"$ 148.827,52"
H0117,Corrientes,2025-08,4,79,1,N2,17.1,477,"$ 69.443,02"
H0117,Corrientes,2025-09,4,79,1,N2,19.2,243,"$ 30.939,70"
H0117,Corrientes,2025-10,4,79,1,N2,22.2,215,"$ 28.826,57"
H0117,Corrientes,2025-11,4,79,1,N2,24.9,390,"$ 53.567,06"
H0117,Corrientes,2025-12,4,79,1,N2,26.9,503,"$ 83.150,87"
H0118,Corrientes,2025-01,3,110,2,N1,27.3,929,"$ 182.308,50"
H0118,Corrientes,2025-02,3,110,2,N1,27.0,742,"$ 150.352,12"
H0118,Corrientes,2025-03,3,110,2,N1,24.3,497,"$ 105.075,63"
H0118,Corrientes,2025-04,3,110,2,N1,22.3,322,"$ 71.801,68"
H0118,Corrientes,2025-05,3,110,2,N1,18.7,319,"$ 72.965,90"
H0118,Corrientes,2025-06,3,110,2,N1,15.6,550,"$ 124.578,23"
H0118,Corrientes,2025-07,3,110,2,N1,15.0,570,"$ 132.111,11"
H0118,Corrientes,2025-08,3,110,2,N1,17.1,476,"$ 114.128,10"
H0118,Corrientes,2025-09,3,110,2,N1,19.2,-,"$ 54.544,85"
H0118,Corrientes,2025-10,3,110,2,N1,22.2,294,"$ 76.606,50"
H0118,Corrientes,2025-11,3,110,2,N1,24.9,666,"$ 169.236,14"
H0118,Corrientes,2025-12,3,110,2,N1,26.9,756,"$ 195.962,77"
H0119,Corrientes,2025-01,7,141,2,N2,27.3,773,"$ 114.808,00"
H0119,Corrientes,2025-02,7,141,2,N2,27.0,666,"$ 96.785,11"
H0119,Corrientes,2025-03,7,141,2,N2,24.3,532,"$ 72.385,44"
H0119,Corrientes,2025-04,7,141,2,N2,22.3,319,"$ 34.102,38"
H0119,Corrientes,2025-05,7,141,2,N2,18.7,437,"$ 56.073,69"
H0119,Corrientes,2025-06,7,141,2,N2,15.6,776,"$ 130.541,31"
H0119,Corrientes,2025-07,7,141,2,N2,15.0,935,"$ 168.931,38"
H0119,Corrientes,2025-08,7,141,2,N2,17.1,670,"$ 113.146,84"
H0119,Corrientes,2025-09,7,141,2,N2,19.2,344,"$ 41.098,19"
H0119,Corrientes,2025-10,7,141,2,N2,22.2,280,"$ 35.527,65"
H0119,Corrientes,2025-11,7,141,2,N2,24.9,478,"$ 75.026,40"
H0119,Corrientes,2025-12,7,141,2,N2,26.9,565,"$ 98.647,92"
H0120,Corrientes,2025-01,4,135,3,N1,27.3,957,"$ 187.642,50"
H0120,Corrientes,2025-02,4,135,3,N1,27.0,994,"$ 199.558,27"
H0120,Corrientes,2025-03,4,135,3,N1,24.3,572,"$ 120.086,44"
H0120,Corrientes,2025-04,4,135,3,N1,22.3,396,"$ 86.982,61"
H0120,Corrientes,2025-05,4,135,3,N1,18.7,306,"$ 70.232,30"
H0120,Corrientes,2025-06,4,135,3,N1,15.6,564,"$ 127.595,69"
H0120,Corrientes,2025-07,4,135,3,N1,15.0,668,"$ 153.761,43"
H0120,Corrientes,2025-08,4,135,3,N1,17.1,441,"$ 106.202,53"
H0120,Corrientes,2025-09,4,135,3,N1,19.2,315,"$ 79.612,27"
H0120,Corrientes,2025-10,4,135,3,N1,22.2,391,"$ 99.683,62"
H0120,Corrientes,2025-11,4,135,3,N1,24.9,744,"$ 188.256,91"
H0120,Corrientes,2025-12,4,135,3,N1,26.9,862,"$ 222.457,73"
H0121,Corrientes,2025-01,3,121,0,N3,27.3,225,"$ 31.051,50"
H0121,Corrientes,2025-02,3,121,0,N3,27.0,197,"$ 28.547,38"
H0121,Corrientes,2025-03,3,121,0,N3,24.3,179,"$ 27.099,51"
H0121,Corrientes,2025-04,3,121,0,N3,22.3,241,"$ 35.408,49"
H0121,Corrientes,2025-05,3,121,0,N3,18.7,308,"$ 44.746,81"
H0121,Corrientes,2025-06,3,121,0,N3,15.6,475,"$ 78.238,58"
H0121,Corrientes,2025-07,3,121,0,N3,15.0,614,"$ 110.902,64"
H0121,Corrientes,2025-08,3,121,0,N3,17.1,418,"$ 69.292,06"
H0121,Corrientes,2025-09,3,121,0,N3,19.2,239,"$ 39.782,93"
H0121,Corrientes,2025-10,3,121,0,N3,22.2,221,"$ 38.208,09"
H0121,Corrientes,2025-11,3,121,0,N3,24.9,201,"$ 36.237,02"
H0121,Corrientes,2025-12,3,121,0,N3,26.9,205,"$ 37.742,83"
H0122,Corrientes,2025-01,3,82,2,N3,27.3,1049,"$ 178.498,50"
H0122,Corrientes,2025-02,3,82,2,N3,27.0,821,"$ 138.441,11"
H0122,Corrientes,2025-03,3,82,2,N3,24.3,505,"$ 78.656,62"
H0122,Corrientes,2025-04,3,82,2,N3,22.3,286,"$ 40.947,47"
H0122,Corrientes,2025-05,3,82,2,N3,18.7,299,"$ 43.611,32"
H0122,Corrientes,2025-06,3,82,2,N3,15.6,577,"$ 100.222,97"
H0122,Corrientes,2025-07,3,82,2,N3,15.0,597,"$ 107.146,97"
H0122,Corrientes,2025-08,3,82,2,N3,17.1,479,"$ 83.105,18"
H0122,Corrientes,2025-09,3,82,2,N3,19.2,304,"$ 48.835,05"
H0122,Corrientes,2025-10,3,82,2,N3,22.2,263,"$ 44.203,38"
H0122,Corrientes,2025-11,3,82,2,N3,24.9,464,"$ 85.837,35"
H0122,Corrientes,2025-12,3,82,2,N3,26.9,692,"$ 144.972,45"
H0123,Corrientes,2025-01,3,63,1,N3,27.3,430,"$ 60.579,00"
H0123,Corrientes,2025-02,3,63,1,N3,27.0,435,"$ 63.069,79"
H0123,Corrientes,2025-03,3,63,1,N3,24.3,s/l,"$ 35.385,47"
H0123,Corrientes,2025-04,3,63,1,N3,22.3,212,"$ 31.838,92"
H0123,Corrientes,2025-05,3,63,1,N3,18.7,226,"$ 34.401,21"
H0123,Corrientes,2025-06,3,63,1,N3,15.6,365,"$ 54.529,92"
H0123,Corrientes,2025-07,3,63,1,N3,15.0,516,"$ 89.252,32"
H0123,Corrientes,2025-08,3,63,1,N3,17.1,388,"$ 62.498,72"
H0123,Corrientes,2025-09,3,63,1,N3,19.2,186,"$ 32.401,96"
H0123,Corrientes,2025-10,3,63,1,N3,22.2,156,"$ 28.929,66"
H0123,Corrientes,2025-11,3,63,1,N3,24.9,300,"$ 50.722,07"
H0123,Corrientes,2025-12,3,63,1,N3,26.9,369,"$ 64.237,79"
H0124,Corrientes,2025-01,7,92,1,N2,27.3,667,"$ 94.615,00"
H0124,Corrientes,2025-02,7,92,1,N2,27.0,627,"$ 89.169,88"
H0124,Corrientes,2025-03,7,92,1,N2,24.3,470,"$ 59.976,50"
H0124,Corrientes,2025-04,7,92,1,N2,22.3,289,"$ 31.435,46"
H0124,Corrientes,2025-05,7,92,1,N2,18.7,458,"$ 60.489,50"
H0124,Corrientes,2025-06,7,92,1,N2,15.6,957,"$ 169.552,83"
H0124,Corrientes,2025-07,7,92,1,N2,15.0,1459,"$ 284.694,30"
H0124,Corrientes,2025-08,7,92,1,N2,17.1,862,"$ 156.624,21"
H0124,Corrientes,2025-09,7,92,1,N2,19.2,424,"$ 58.877,49"
H0124,Corrientes,2025-10,7,92,1,N2,22.2,332,"$ 40.888,52"
H0124,Corrientes,2025-11,7,92,1,N2,24.9,420,"$ 60.882,74"
H0124,Corrientes,2025-12,7,92,1,N2,26.9,569,"$ 99.647,73"
H0125,Corrientes,2025-01,7,99,2,N2,27.3,950,"$ 148.526,50"
H0125,Corrientes,2025-02,7,99,2,N2,27.0,843,"$ 131.346,58"
H0125,Corrientes,2025-03,7,99,2,N2,24.3,533,"$ 72.585,58"
H0125,Corrientes,2025-04,7,99,2,N2,22.3,438,"$ 54.911,19"
H0125,Corrientes,2025-05,7,99,2,N2,18.7,392,"$ 46.611,26"
H0125,Corrientes,2025-06,7,99,2,N2,15.6,712,"$ 116.747,18"
H0125,Corrientes,2025-07,7,99,2,N2,15.0,747,"$ 127.398,12"
H0125,Corrientes,2025-08,7,99,2,N2,17.1,769,"$ 135.564,86"
H0125,Corrientes,2025-09,7,99,2,N2,19.2,380,"$ 48.664,84"
H0125,Corrientes,2025-10,7,99,2,N2,22.2,313,"$ 38.929,74"
H0125,Corrientes,2025-11,7,99,2,N2,24.9,629,"$ 111.848,67"
H0125,Corrientes,2025-12,7,99,2,N2,26.9,832,"$ 165.385,24"
H0126,Corrientes,2025-01,3,111,1,N3,27.3,550,"$ 83.439,00"
H0126,Corrientes,2025-02,3,111,1,N3,27.0,626,"$ 100.364,93"
H0126,Corrientes,2025-03,3,111,1,N3,24.3,426,"$ 62.845,24"
H0126,Corrientes,2025-04,3,111,1,N3,22.3,99999,"$ 31.715,83"
H0126,Corrientes,2025-05,3,111,1,N3,18.7,411,"$ 62.872,63"
H0126,Corrientes,2025-06,3,111,1,N3,15.6,667,"$ 119.620,96"
H0126,Corrientes,2025-07,3,111,1,N3,15.0,833,"$ 159.284,47"
H0126,Corrientes,2025-08,3,111,1,N3,17.1,564,"$ 102.352,98"
H0126,Corrientes,2025-09,3,111,1,N3,19.2,273,"$ 44.517,88"
H0126,Corrientes,2025-10,3,111,1,N3,22.2,255,"$ 43.061,42"
H0126,Corrientes,2025-11,3,111,1,N3,24.9,461,"$ 85.105,78"
H0126,Corrientes,2025-12,3,111,1,N3,26.9,488,"$ 93.982,14"
H0127,Corrientes,2025-01,3,88,1,N3,27.3,458,"$ 65.913,00"
H0127,Corrientes,2025-02,3,88,1,N3,27.0,552,"$ 85.915,50"
H0127,Corrientes,2025-03,3,88,1,N3,24.3,320,"$ 44.031,69"
H0127,Corrientes,2025-04,3,88,1,N3,22.3,236,"$ 34.793,04"
H0127,Corrientes,2025-05,3,88,1,N3,18.7,311,"$ 45.125,31"
H0127,Corrientes,2025-06,3,88,1,N3,15.6,551,"$ 94.619,10"
H0127,Corrientes,2025-07,3,88,1,N3,15.0,518,"$ 89.694,17"
H0127,Corrientes,2025-08,3,88,1,N3,17.1,376,"$ 59.781,38"
H0127,Corrientes,2025-09,3,88,1,N3,19.2,247,"$ 40.897,03"
H0127,Corrientes,2025-10,3,88,1,N3,22.2,233,"$ 39.921,03"
H0127,Corrientes,2025-11,3,88,1,N3,24.9,344,"$ 57.159,87"
H0127,Corrientes,2025-12,3,88,1,N3,26.9,424,"$ 77.985,18"
H0128,Corrientes,2025-01,3,128,1,N1,27.3,391,"$ 79.819,50"
H0128,Corrientes,2025-02,3,128,1,N1,27.0,330,"$ 69.903,98"
H0128,Corrientes,2025-03,3,128,1,N1,24.3,275,"$ 60.643,65"
H0128,Corrientes,2025-04,3,128,1,N1,22.3,169,"$ 40.414,09"
H0128,Corrientes,2025-05,3,128,1,N1,18.7,252,"$ 58.877,38"
H0128,Corrientes,2025-06,3,128,1,N1,15.6,349,"$ 81.256,04"
H0128,Corrientes,2025-07,3,128,1,N1,15.0,517,"$ 120.402,27"
H0128,Corrientes,2025-08,3,128,1,N1,17.1,332,"$ 81.520,07"
H0128,Corrientes,2025-09,3,128,1,N1,19.2,243,"$ 62.900,66"
H0128,Corrientes,2025-10,3,128,1,N1,22.2,199,"$ 54.005,21"
H0128,Corrientes,2025-11,3,128,1,N1,24.9,286,"$ 76.570,82"
H0128,Corrientes,2025-12,3,128,1,N1,26.9,420,"$ 111.978,72"
H0129,Corrientes,2025-01,2,95,2,N1,27.3,761,"$ 150.304,50"
H0129,Corrientes,2025-02,2,95,2,N1,27.0,880,"$ 177.298,35"
H0129,Corrientes,2025-03,2,95,2,N1,24.3,373,"$ 80.257,77"
H0129,Corrientes,2025-04,2,95,2,N1,22.3,259,"$ 58.877,38"
H0129,Corrientes,2025-05,2,95,2,N1,18.7,267,"$ 62.031,52"
H0129,Corrientes,2025-06,2,95,2,N1,15.6,614,"$ 138.372,36"
H0129,Corrientes,2025-07,2,95,2,N1,15.0,494,"$ 115.321,07"
H0129,Corrientes,2025-08,2,95,2,N1,17.1,353,"$ 86.275,41"
H0129,Corrientes,2025-09,2,95,2,N1,19.2,233,"$ 60.579,60"
H0129,Corrientes,2025-10,2,95,2,N1,22.2,279,"$ 73.037,88"
H0129,Corrientes,2025-11,2,95,2,N1,24.9,567,"$ 145.094,38"
H0129,Corrientes,2025-12,2,95,2,N1,26.9,789,"$ 204.211,20"
H0130,Corrientes,2025-01,3,67,2,N3,27.3,842,"$ 139.065,00"
H0130,Corrientes,2025-02,3,67,2,N3,27.0,967,"$ 166.949,44"
H0130,Corrientes,2025-03,3,67,2,N3,24.3,546,"$ 86.862,52"
H0130,Corrientes,2025-04,3,67,2,N3,22.3,281,"$ 40.332,03"
H0130,Corrientes,2025-05,3,67,2,N3,18.7,430,"$ 66.867,88"
H0130,Corrientes,2025-06,3,67,2,N3,15.6,719,"$ 130.828,69"
H0130,Corrientes,2025-07,3,67,2,N3,15.0,816,"$ 155.528,80"
H0130,Corrientes,2025-08,3,67,2,N3,17.1,546,"$ 98.276,97"
H0130,Corrientes,2025-09,3,67,2,N3,19.2,381,"$ 62.436,45"
H0130,Corrientes,2025-10,3,67,2,N3,22.2,s/l,"$ 61.380,37"
H0130,Corrientes,2025-11,3,67,2,N3,24.9,760,"$ 158.018,76"
H0130,Corrientes,2025-12,3,67,2,N3,26.9,1227,"$ 278.697,05"
H0131,Corrientes,2025-01,5,74,2,N2,27.3,1031,"$ 163.957,00"
H0131,Corrientes,2025-02,5,74,2,N2,27.0,1030,"$ 167.860,66"
H0131,Corrientes,2025-03,5,74,2,N2,24.3,427,"$ 51.370,31"
H0131,Corrientes,2025-04,5,74,2,N2,22.3,339,"$ 35.880,33"
H0131,Corrientes,2025-05,5,74,2,N2,18.7,284,"$ 31.765,75"
H0131,Corrientes,2025-06,5,74,2,N2,15.6,745,"$ 123.859,78"
H0131,Corrientes,2025-07,5,74,2,N2,15.0,711,"$ 119.444,94"
H0131,Corrientes,2025-08,5,74,2,N2,17.1,537,"$ 83.029,70"
H0131,Corrientes,2025-09,5,74,2,N2,19.2,344,"$ 41.098,19"
H0131,Corrientes,2025-10,5,74,2,N2,22.2,234,"$ 30.785,35"
H0131,Corrientes,2025-11,5,74,2,N2,24.9,610,"$ 107.215,40"
H0131,Corrientes,2025-12,5,74,2,N2,26.9,854,"$ 170.884,20"
H0132,Corrientes,2025-01,5,104,0,N3,27.3,262,"$ 35.280,60"
H0132,Corrientes,2025-02,5,104,0,N3,27.0,245,"$ 34.170,94"
H0132,Corrientes,2025-03,5,104,0,N3,24.3,213,"$ 31.182,44"
H0132,Corrientes,2025-04,5,104,0,N3,22.3,297,"$ 42.301,45"
H0132,Corrientes,2025-05,5,104,0,N3,18.7,342,"$ 49.036,45"
H0132,Corrientes,2025-06,5,104,0,N3,15.6,609,"$ 107.120,03"
H0132,Corrientes,2025-07,5,104,0,N3,15.0,814,"$ 155.086,96"
H0132,Corrientes,2025-08,5,104,0,N3,17.1,387,"$ 62.272,27"
H0132,Corrientes,2025-09,5,104,0,N3,19.2,283,"$ 45.910,52"
H0132,Corrientes,2025-10,5,104,0,N3,22.2,269,"$ 45.059,85"
H0132,Corrientes,2025-11,5,104,0,N3,24.9,246,"$ 42.821,13"
H0132,Corrientes,2025-12,5,104,0,N3,26.9,236,"$ 42.391,95"
H0133,Corrientes,2025-01,5,81,2,N2,27.3,762,"$ 112.712,50"
H0133,Corrientes,2025-02,5,81,2,N2,27.0,582,"$ 80.383,06"
H0133,Corrientes,2025-03,5,81,2,N2,24.3,417,"$ 49.368,87"
H0133,Corrientes,2025-04,5,81,2,N2,22.3,259,"$ 28.768,54"
H0133,Corrientes,2025-05,5,81,2,N2,18.7,268,"$ 30.307,83"
H0133,Corrientes,2025-06,5,81,2,N2,15.6,602,"$ 93.038,53"
H0133,Corrientes,2025-07,5,81,2,N2,15.0,640,"$ 103.759,51"
H0133,Corrientes,2025-08,5,81,2,N2,17.1,345,"$ 40.193,92"
H0133,Corrientes,2025-09,5,81,2,N2,19.2,283,"$ 34.962,86"
H0133,Corrientes,2025-10,5,81,2,N2,22.2,216,"$ 28.929,66"
H0133,Corrientes,2025-11,5,81,2,N2,24.9,497,"$ 79.659,66"
H0133,Corrientes,2025-12,5,81,2,N2,26.9,648,"$ 119.393,98"
H0134,Corrientes,2025-01,2,93,1,N1,27.3,551,"$ 110.299,50"
H0134,Corrientes,2025-02,2,93,1,N1,27.0,560,"$ 114.814,35"
H0134,Corrientes,2025-03,2,93,1,N1,24.3,350,"$ 75.654,46"
H0134,Corrientes,2025-04,2,93,1,N1,22.3,293,"$ 65.852,40"
H0134,Corrientes,2025-05,2,93,1,N1,18.7,335,"$ 76.330,32"
H0134,Corrientes,2025-06,2,93,1,N1,15.6,541,"$ 122.638,43"
H0134,Corrientes,2025-07,2,93,1,N1,15.0,505,"$ 117.751,21"
H0134,Corrientes,2025-08,2,93,1,N1,17.1,331,"$ 81.293,62"
H0134,Corrientes,2025-09,2,93,1,N1,19.2,256,"$ 65.918,03"
H0134,Corrientes,2025-10,2,93,1,N1,22.2,239,"$ 63.521,54"
H0134,Corrientes,2025-11,2,93,1,N1,24.9,513,"$ 131.926,15"
H0134,Corrientes,2025-12,2,93,1,N1,26.9,566,"$ 148.471,79"
H0135,Corrientes,2025-01,3,59,1,N2,27.3,335,"$ 32.988,25"
H0135,Corrientes,2025-02,3,59,1,N2,27.0,409,"$ 46.602,65"
H0135,Corrientes,2025-03,3,59,1,N2,24.3,232,"$ 25.725,18"
H0135,Corrientes,2025-04,3,59,1,N2,22.3,172,"$ 21.034,47"
H0135,Corrientes,2025-05,3,59,1,N2,18.7,270,"$ 30.490,07"
H0135,Corrientes,2025-06,3,59,1,N2,15.6,520,"$ 75.364,80"
H0135,Corrientes,2025-07,3,59,1,N2,15.0,470,"$ 66.202,84"
H0135,Corrientes,2025-08,3,59,1,N2,17.1,292,"$ 34.993,24"
H0135,Corrientes,2025-09,3,59,1,N2,19.2,188,"$ 25.407,84"
H0135,Corrientes,2025-10,3,59,1,N2,22.2,178,"$ 25.012,10"
H0135,Corrientes,2025-11,3,59,1,N2,24.9,324,"$ 41.065,37"
H0135,Corrientes,2025-12,3,59,1,N2,26.9,348,"$ 44.691,51"
H0136,Corrientes,2025-01,7,121,1,N3,27.3,729,"$ 117.538,50"
H0136,Corrientes,2025-02,7,121,1,N3,27.0,573,"$ 90.016,01"
H0136,Corrientes,2025-03,7,121,1,N3,24.3,450,"$ 67.648,69"
H0136,Corrientes,2025-04,7,121,1,N3,22.3,339,"$ 47.471,17"
H0136,Corrientes,2025-05,7,121,1,N3,18.7,478,"$ 76.961,15"
H0136,Corrientes,2025-06,7,121,1,N3,15.6,1205,"$ 235.577,86"
H0136,Corrientes,2025-07,7,121,1,N3,15.0,1186,"$ 237.269,79"
H0136,Corrientes,2025-08,7,121,1,N3,17.1,708,"$ 134.961,00"
H0136,Corrientes,2025-09,7,121,1,N3,19.2,481,"$ 85.647,02"
H0136,Corrientes,2025-10,7,121,1,N3,22.2,328,"$ 53.481,81"
H0136,Corrientes,2025-11,7,121,1,N3,24.9,408,"$ 72.181,41"
H0136,Corrientes,2025-12,7,121,1,N3,26.9,642,"$ 132.474,83"
H0137,Corrientes,2025-01,2,84,1,N1,27.3,626,"$ 124.587,00"
H0137,Corrientes,2025-02,2,84,1,N1,27.0,426,"$ 88.649,18"
H0137,Corrientes,2025-03,2,84,1,N1,24.3,291,"$ 63.845,96"
H0137,Corrientes,2025-04,2,84,1,N1,22.3,165,"$ 39.593,50"
H0137,Corrientes,2025-05,2,84,1,N1,18.7,208,"$ 49.625,22"
H0137,Corrientes,2025-06,2,84,1,N1,15.6,452,"$ 103.455,97"
H0137,Corrientes,2025-07,2,84,1,N1,15.0,485,"$ 113.332,78"
H0137,Corrientes,2025-08,2,84,1,N1,17.1,336,"$ 82.425,85"
H0137,Corrientes,2025-09,2,84,1,N1,19.2,202,"$ 53.384,32"
H0137,Corrientes,2025-10,2,84,1,N1,22.2,189,"$ 51.626,12"
H0137,Corrientes,2025-11,2,84,1,N1,24.9,337,"$ 89.007,48"
H0137,Corrientes,2025-12,2,84,1,N1,26.9,476,"$ 125.976,06"
H0138,Corrientes,2025-01,7,85,0,N2,27.3,366,"$ 37.274,50"
H0138,Corrientes,2025-02,7,85,0,N2,27.0,347,"$ 34.828,32"
H0138,Corrientes,2025-03,7,85,0,N2,24.3,287,"$ 30.495,28"
H0138,Corrientes,2025-04,7,85,0,N2,22.3,262,"$ 29.035,23"
H0138,Corrientes,2025-05,7,85,0,N2,18.7,605,"$ 91.400,12"
H0138,Corrientes,2025-06,7,85,0,N2,15.6,1051,"$ 189.812,96"
H0138,Corrientes,2025-07,7,85,0,N2,15.0,1125,"$ 210.906,48"
H0138,Corrientes,2025-08,7,85,0,N2,17.1,666,"$ 112.241,06"
H0138,Corrientes,2025-09,7,85,0,N2,19.2,494,"$ 75.124,90"
H0138,Corrientes,2025-10,7,85,0,N2,22.2,333,"$ 40.991,62"
H0138,Corrientes,2025-11,7,85,0,N2,24.9,345,"$ 43.284,46"
H0138,Corrientes,2025-12,7,85,0,N2,26.9,99999,"$ 39.384,18"
H0139,Corrientes,2025-01,2,76,0,N3,27.3,169,"$ 24.650,70"
H0139,Corrientes,2025-02,2,76,0,N3,27.0,177,"$ 26.204,23"
H0139,Corrientes,2025-03,2,76,0,N3,24.3,199,"$ 29.501,23"
H0139,Corrientes,2025-04,2,76,0,N3,22.3,219,"$ 32.700,54"
H0139,Corrientes,2025-05,2,76,0,N3,18.7,256,"$ 38.186,19"
H0139,Corrientes,2025-06,2,76,0,N3,15.6,526,"$ 89.230,77"
H0139,Corrientes,2025-07,2,76,0,N3,15.0,562,"$ 99.414,72"
H0139,Corrientes,2025-08,2,76,0,N3,17.1,474,"$ 81.972,96"
H0139,Corrientes,2025-09,2,76,0,N3,19.2,225,"$ 37.833,24"
H0139,Corrientes,2025-10,2,76,0,N3,22.2,211,"$ 36.780,64"
H0139,Corrientes,2025-11,2,76,0,N3,24.9,180,"$ 33.164,43"
H0139,Corrientes,2025-12,2,76,0,N3,26.9,204,"$ 37.592,86"
H0140,Corrientes,2025-01,1,75,0,N3,27.3,135,"$ 20.764,50"
H0140,Corrientes,2025-02,1,75,0,N3,27.0,156,"$ 23.743,92"
H0140,Corrientes,2025-03,1,75,0,N3,24.3,127,"$ 20.855,01"
H0140,Corrientes,2025-04,1,75,0,N3,22.3,159,"$ 25.315,22"
H0140,Corrientes,2025-05,1,75,0,N3,18.7,174,"$ 27.840,59"
H0140,Corrientes,2025-06,1,75,0,N3,15.6,375,"$ 56.685,25"
H0140,Corrientes,2025-07,1,75,0,N3,15.0,306,"$ 46.747,01"
H0140,Corrientes,2025-08,1,75,0,N3,17.1,292,"$ 46.013,55"
H0140,Corrientes,2025-09,1,75,0,N3,19.2,144,"$ 26.552,90"
H0140,Corrientes,2025-10,1,75,0,N3,22.2,129,"$ 25.075,54"
H0140,Corrientes,2025-11,1,75,0,N3,24.9,154,"$ 29.360,28"
H0140,Corrientes,2025-12,1,75,0,N3,26.9,138,"$ 27.694,74"
H0141,Corrientes,2025-01,3,59,1,N2,27.3,450,"$ 53.276,50"
H0141,Corrientes,2025-02,3,59,1,N2,27.0,567,"$ 77.454,12"
H0141,Corrientes,2025-03,3,59,1,N2,24.3,445,"$ 54.972,90"
H0141,Corrientes,2025-04,3,59,1,N2,22.3,275,"$ 30.190,90"
H0141,Corrientes,2025-05,3,59,1,N2,18.7,316,"$ 34.681,58"
H0141,Corrientes,2025-06,3,59,1,N2,15.6,696,"$ 113.298,65"
H0141,Corrientes,2025-07,3,59,1,N2,15.0,903,"$ 161.861,89"
H0141,Corrientes,2025-08,3,59,1,N2,17.1,610,"$ 99.560,16"
H0141,Corrientes,2025-09,3,59,1,N2,19.2,231,"$ 29.732,75"
H0141,Corrientes,2025-10,3,59,1,N2,22.2,273,"$ 34.806,00"
H0141,Corrientes,2025-11,3,59,1,N2,24.9,322,"$ 40.854,03"
H0141,Corrientes,2025-12,3,59,1,N2,26.9,436,"$ 66.404,05"
H0142,Corrientes,2025-01,2,97,2,N1,27.3,687,"$ 136.207,50"
H0142,Corrientes,2025-02,2,97,2,N1,27.0,585,"$ 119.695,91"
H0142,Corrientes,2025-03,2,97,2,N1,24.3,471,"$ 99.871,89"
H0142,Corrientes,2025-04,2,97,2,N1,22.3,227,"$ 52.312,65"
H0142,Corrientes,2025-05,2,97,2,N1,18.7,208,"$ 49.625,22"
H0142,Corrientes,2025-06,2,97,2,N1,15.6,511,"$ 116.172,43"
H0142,Corrientes,2025-07,2,97,2,N1,15.0,404,"$ 95.438,13"
H0142,Corrientes,2025-08,2,97,2,N1,17.1,382,"$ 92.842,30"
H0142,Corrientes,2025-09,2,97,2,N1,19.2,223,"$ 58.258,54"
H0142,Corrientes,2025-10,2,97,2,N1,22.2,225,"$ 60.190,82"
H0142,Corrientes,2025-11,2,97,2,N1,24.9,677,"$ 171.918,55"
H0142,Corrientes,2025-12,2,97,2,N1,26.9,611,"$ 159.719,65"
H0143,Corrientes,2025-01,6,108,0,N2,27.3,248,"$ 25.806,40"
H0143,Corrientes,2025-02,6,108,0,N2,27.0,318,"$ 32.374,52"
H0143,Corrientes,2025-03,6,108,0,N2,24.3,,"$ 29.194,35"
H0143,Corrientes,2025-04,6,108,0,N2,22.3,279,"$ 30.546,49"
H0143,Corrientes,2025-05,6,108,0,N2,18.7,370,"$ 41.985,18"
H0143,Corrientes,2025-06,6,108,0,N2,15.6,770,"$ 129.248,11"
H0143,Corrientes,2025-07,6,108,0,N2,15.0,872,"$ 155.013,32"
H0143,Corrientes,2025-08,6,108,0,N2,17.1,516,"$ 78.274,36"
H0143,Corrientes,2025-09,6,108,0,N2,19.2,437,"$ 61.894,87"
H0143,Corrientes,2025-10,6,108,0,N2,22.2,253,"$ 32.744,13"
H0143,Corrientes,2025-11,6,108,0,N2,24.9,284,"$ 36.838,53"
H0143,Corrientes,2025-12,6,108,0,N2,26.9,301,"$ 39.600,81"
H0144,Corrientes,2025-01,3,111,1,N3,27.3,596,"$ 92.202,00"
H0144,Corrientes,2025-02,3,111,1,N3,27.0,706,"$ 115.985,93"
H0144,Corrientes,2025-03,3,111,1,N3,24.3,369,"$ 51.437,02"
H0144,Corrientes,2025-04,3,111,1,N3,22.3,288,"$ 41.193,65"
H0144,Corrientes,2025-05,3,111,1,N3,18.7,338,"$ 48.531,78"
H0144,Corrientes,2025-06,3,111,1,N3,15.6,566,"$ 97.852,10"
H0144,Corrientes,2025-07,3,111,1,N3,15.0,424,"$ 68.927,54"
H0144,Corrientes,2025-08,3,111,1,N3,17.1,431,"$ 72.235,84"
H0144,Corrientes,2025-09,3,111,1,N3,19.2,279,"$ 45.353,46"
H0144,Corrientes,2025-10,3,111,1,N3,22.2,244,"$ 41.491,22"
H0144,Corrientes,2025-11,3,111,1,N3,24.9,438,"$ 79.497,09"
H0144,Corrientes,2025-12,3,111,1,N3,26.9,583,"$ 117.727,63"
H0145,Corrientes,2025-01,1,87,3,N3,27.3,946,"$ 158.877,00"
H0145,Corrientes,2025-02,1,87,3,N3,27.0,937,"$ 161.091,56"
H0145,Corrientes,2025-03,1,87,3,N3,24.3,496,"$ 76.855,32"
H0145,Corrientes,2025-04,1,87,3,N3,22.3,200,"$ 30.361,85"
H0145,Corrientes,2025-05,1,87,3,N3,18.7,214,"$ 32.887,22"
H0145,Corrientes,2025-06,1,87,3,N3,15.6,255,"$ 39.011,52"
H0145,Corrientes,2025-07,1,87,3,N3,15.0,307,"$ 46.879,56"
H0145,Corrientes,2025-08,1,87,3,N3,17.1,236,"$ 38.405,01"
H0145,Corrientes,2025-09,1,87,3,N3,19.2,130,"$ 24.603,21"
H0145,Corrientes,2025-10,1,87,3,N3,22.2,217,"$ 37.637,11"
H0145,Corrientes,2025-11,1,87,3,N3,24.9,621,"$ 124.122,76"
H0145,Corrientes,2025-12,1,87,3,N3,26.9,895,"$ 195.712,81"
H0146,Corrientes,2025-01,1,71,0,N2,27.3,135,"$ 16.478,25"
H0146,Corrientes,2025-02,1,71,0,N2,27.0,146,"$ 17.820,96"
H0146,Corrientes,2025-03,1,71,0,N2,24.3,114,"$ 15.491,15"
H0146,Corrientes,2025-04,1,71,0,N2,22.3,147,"$ 18.812,04"
H0146,Corrientes,2025-05,1,71,0,N2,18.7,245,"$ 28.212,08"
H0146,Corrientes,2025-06,1,71,0,N2,15.6,405,"$ 50.578,47"
H0146,Corrientes,2025-07,1,71,0,N2,15.0,396,"$ 49.854,64"
H0146,Corrientes,2025-08,1,71,0,N2,17.1,277,"$ 33.521,35"
H0146,Corrientes,2025-09,1,71,0,N2,19.2,185,"$ 25.106,11"
H0146,Corrientes,2025-10,1,71,0,N2,22.2,124,"$ 19.445,05"
H0146,Corrientes,2025-11,1,71,0,N2,24.9,157,"$ 23.418,31"
H0146,Corrientes,2025-12,1,71,0,N2,26.9,115,"$ 19.454,64"
H0147,Corrientes,2025-01,4,97,3,N3,27.3,1055,"$ 179.641,50"
H0147,Corrientes,2025-02,4,97,3,N3,27.0,890,"$ 151.914,23"
H0147,Corrientes,2025-03,4,97,3,N3,24.3,696,"$ 116.884,13"
H0147,Corrientes,2025-04,4,97,3,N3,22.3,382,"$ 55.389,87"
H0147,Corrientes,2025-05,4,97,3,N3,18.7,342,"$ 49.036,45"
H0147,Corrientes,2025-06,4,97,3,N3,15.6,620,"$ 109.490,90"
H0147,Corrientes,2025-07,4,97,3,N3,15.0,661,"$ 121.285,96"
H0147,Corrientes,2025-08,4,97,3,N3,17.1,447,"$ 75.858,95"
H0147,Corrientes,2025-09,4,97,3,N3,19.2,293,"$ 47.303,15"
H0147,Corrientes,2025-10,4,97,3,N3,22.2,330,"$ 53.767,30"
H0147,Corrientes,2025-11,4,97,3,N3,24.9,740,"$ 153.141,63"
H0147,Corrientes,2025-12,4,97,3,N3,26.9,1000,"$ 221.957,83"
H0148,Corrientes,2025-01,3,148,2,N1,27.3,1017,"$ 199.072,50"
H0148,Corrientes,2025-02,3,148,2,N1,27.0,774,"$ 156.600,52"
H0148,Corrientes,2025-03,3,148,2,N1,24.3,586,"$ 122.888,45"
H0148,Corrientes,2025-04,3,148,2,N1,22.3,446,"$ 97.239,99"
H0148,Corrientes,2025-05,3,148,2,N1,18.7,278,"$ 64.344,56"
H0148,Corrientes,2025-06,3,148,2,N1,15.6,717,"$ 160.572,28"
H0148,Corrientes,2025-07,3,148,2,N1,15.0,605,"$ 139.843,37"
H0148,Corrientes,2025-08,3,148,2,N1,17.1,570,"$ 135.413,89"
H0148,Corrientes,2025-09,3,148,2,N1,19.2,239,"$ 61.972,24"
H0148,Corrientes,2025-10,3,148,2,N1,22.2,348,"$ 89.453,56"
H0148,Corrientes,2025-11,3,148,2,N1,24.9,537,"$ 137.778,70"
H0148,Corrientes,2025-12,3,148,2,N1,26.9,801,"$ 207.210,63"
H0149,Corrientes,2025-01,3,87,1,N3,27.3,565,"$ 86.296,50"
H0149,Corrientes,2025-02,3,87,1,N3,27.0,540,"$ 83.572,35"
H0149,Corrientes,2025-03,3,87,1,N3,24.3,,"$ 55.439,91"
H0149,Corrientes,2025-04,3,87,1,N3,22.3,247,"$ 36.147,02"
H0149,Corrientes,2025-05,3,87,1,N3,18.7,274,"$ 40.457,17"
H0149,Corrientes,2025-06,3,87,1,N3,15.6,564,"$ 97.421,04"
H0149,Corrientes,2025-07,3,87,1,N3,15.0,582,"$ 103.833,15"
H0149,Corrientes,2025-08,3,87,1,N3,17.1,495,"$ 86.728,30"
H0149,Corrientes,2025-09,3,87,1,N3,19.2,309,"$ 49.531,37"
H0149,Corrientes,2025-10,3,87,1,N3,22.2,213,"$ 37.066,13"
H0149,Corrientes,2025-11,3,87,1,N3,24.9,421,"$ 75.351,54"
H0149,Corrientes,2025-12,3,87,1,N3,26.9,489,"$ 94.232,10"
H0150,Corrientes,2025-01,2,106,1,N1,27.3,493,"$ 99.250,50"
H0150,Corrientes,2025-02,2,106,1,N1,27.0,527,"$ 108.370,69"
H0150,Corrientes,2025-03,2,106,1,N1,24.3,366,"$ 78.856,76"
H0150,Corrientes,2025-04,2,106,1,N1,22.3,194,"$ 45.542,78"
H0150,Corrientes,2025-05,2,106,1,N1,18.7,258,"$ 60.139,04"
H0150,Corrientes,2025-06,2,106,1,N1,15.6,424,"$ 97.421,04"
H0150,Corrientes,2025-07,2,106,1,N1,15.0,425,"$ 100.077,48"
H0150,Corrientes,2025-08,2,106,1,N1,17.1,326,"$ 80.161,40"
H0150,Corrientes,2025-09,2,106,1,N1,19.2,239,"$ 61.972,24"
H0150,Corrientes,2025-10,2,106,1,N1,22.2,191,"$ 52.101,94"
H0150,Corrientes,2025-11,2,106,1,N1,24.9,410,"$ 106.808,97"
H0150,Corrientes,2025-12,2,106,1,N1,26.9,443,"$ 117.727,63"
H0151,Corrientes,2025-01,3,68,1,N3,27.3,487,"$ 71.437,50"
H0151,Corrientes,2025-02,3,68,1,N3,27.0,414,"$ 58.969,28"
H0151,Corrientes,2025-03,3,68,1,N3,24.3,325,"$ 44.632,13"
H0151,Corrientes,2025-04,3,68,1,N3,22.3,215,"$ 32.208,18"
H0151,Corrientes,2025-05,3,68,1,N3,18.7,292,"$ 42.728,16"
H0151,Corrientes,2025-06,3,68,1,N3,15.6,483,"$ 79.962,84"
H0151,Corrientes,2025-07,3,68,1,N3,15.0,715,"$ 133.215,72"
H0151,Corrientes,2025-08,3,68,1,N3,17.1,397,"$ 64.536,72"
H0151,Corrientes,2025-09,3,68,1,N3,19.2,240,"$ 39.922,19"
H0151,Corrientes,2025-10,3,68,1,N3,22.2,217,"$ 37.637,11"
H0151,Corrientes,2025-11,3,68,1,N3,24.9,-,"$ 54.818,85"
H0151,Corrientes,2025-12,3,68,1,N3,26.9,409,"$ 74.235,89"
H0152,Corrientes,2025-01,3,134,0,N1,27.3,209,"$ 45.148,50"
H0152,Corrientes,2025-02,3,134,0,N1,27.0,162,"$ 37.099,88"
H0152,Corrientes,2025-03,3,134,0,N1,24.3,193,"$ 44.231,84"
H0152,Corrientes,2025-04,3,134,0,N1,22.3,s/l,"$ 44.106,75"
H0152,Corrientes,2025-05,3,134,0,N1,18.7,276,"$ 63.924,01"
H0152,Corrientes,2025-06,3,134,0,N1,15.6,420,"$ 96.558,90"
H0152,Corrientes,2025-07,3,134,0,N1,15.0,455,"$ 106.705,13"
H0152,Corrientes,2025-08,3,134,0,N1,17.1,404,"$ 97.824,08"
H0152,Corrientes,2025-09,3,134,0,N1,19.2,282,"$ 71.952,78"
H0152,Corrientes,2025-10,3,134,0,N1,22.2,176,"$ 48.533,31"
H0152,Corrientes,2025-11,3,134,0,N1,24.9,207,"$ 57.306,18"
H0152,Corrientes,2025-12,3,134,0,N1,26.9,205,"$ 58.238,93"
H0153,Corrientes,2025-01,5,102,1,N3,27.3,746,"$ 120.777,00"
H0153,Corrientes,2025-02,5,102,1,N3,27.0,776,"$ 129.654,30"
H0153,Corrientes,2025-03,5,102,1,N3,24.3,470,"$ 71.651,57"
H0153,Corrientes,2025-04,5,102,1,N3,22.3,347,"$ 48.455,88"
H0153,Corrientes,2025-05,5,102,1,N3,18.7,437,"$ 68.339,82"
H0153,Corrientes,2025-06,5,102,1,N3,15.6,955,"$ 181.694,54"
H0153,Corrientes,2025-07,5,102,1,N3,15.0,1002,"$ 196.620,22"
H0153,Corrientes,2025-08,5,102,1,N3,17.1,661,"$ 124.318,11"
H0153,Corrientes,2025-09,5,102,1,N3,19.2,366,"$ 58.954,86"
H0153,Corrientes,2025-10,5,102,1,N3,22.2,318,"$ 52.054,36"
H0153,Corrientes,2025-11,5,102,1,N3,24.9,396,"$ 69.255,13"
H0153,Corrientes,2025-12,5,102,1,N3,26.9,457,"$ 86.233,62"
H0154,Corrientes,2025-01,5,106,0,N2,27.3,187,"$ 20.770,85"
H0154,Corrientes,2025-02,5,106,0,N2,27.0,180,"$ 20.697,83"
H0154,Corrientes,2025-03,5,106,0,N2,24.3,206,"$ 23.470,23"
H0154,Corrientes,2025-04,5,106,0,N2,22.3,201,"$ 23.612,50"
H0154,Corrientes,2025-05,5,106,0,N2,18.7,300,"$ 33.223,66"
H0154,Corrientes,2025-06,5,106,0,N2,15.6,99999,"$ 95.409,39"
H0154,Corrientes,2025-07,5,106,0,N2,15.0,644,"$ 104.643,20"
H0154,Corrientes,2025-08,5,106,0,N2,17.1,550,"$ 85.973,48"
H0154,Corrientes,2025-09,5,106,0,N2,19.2,289,"$ 35.566,34"
H0154,Corrientes,2025-10,5,106,0,N2,22.2,197,"$ 26.970,88"
H0154,Corrientes,2025-11,5,106,0,N2,24.9,222,"$ 30.286,93"
H0154,Corrientes,2025-12,5,106,0,N2,26.9,233,"$ 32.235,54"
H0155,Corrientes,2025-01,3,90,2,N1,27.3,720,"$ 142.494,00"
H0155,Corrientes,2025-02,3,90,2,N1,27.0,637,"$ 129.849,56"
H0155,Corrientes,2025-03,3,90,2,N1,24.3,401,"$ 85.861,80"
H0155,Corrientes,2025-04,3,90,2,N1,22.3,211,"$ 49.030,29"
H0155,Corrientes,2025-05,3,90,2,N1,18.7,259,"$ 60.349,31"
H0155,Corrientes,2025-06,3,90,2,N1,15.6,508,"$ 115.525,83"
H0155,Corrientes,2025-07,3,90,2,N1,15.0,528,"$ 122.832,41"
H0155,Corrientes,2025-08,3,90,2,N1,17.1,391,"$ 94.880,30"
H0155,Corrientes,2025-09,3,90,2,N1,19.2,223,"$ 58.258,54"
H0155,Corrientes,2025-10,3,90,2,N1,22.2,237,"$ 63.045,72"
H0155,Corrientes,2025-11,3,90,2,N1,24.9,439,"$ 113.880,80"
H0155,Corrientes,2025-12,3,90,2,N1,26.9,681,"$ 177.216,33"
H0156,Corrientes,2025-01,5,105,3,N3,27.3,1434,"$ 251.841,00"
H0156,Corrientes,2025-02,5,105,3,N3,27.0,1009,"$ 175.150,46"
H0156,Corrientes,2025-03,5,105,3,N3,24.3,778,"$ 133.295,95"
H0156,Corrientes,2025-04,5,105,3,N3,22.3,387,"$ 56.415,61"
H0156,Corrientes,2025-05,5,105,3,N3,18.7,448,"$ 70.652,86"
H0156,Corrientes,2025-06,5,105,3,N3,15.6,722,"$ 131.475,29"
H0156,Corrientes,2025-07,5,105,3,N3,15.0,1220,"$ 244.781,13"
H0156,Corrientes,2025-08,5,105,3,N3,17.1,740,"$ 142.207,23"
H0156,Corrientes,2025-09,5,105,3,N3,19.2,403,"$ 67.542,77"
H0156,Corrientes,2025-10,5,105,3,N3,22.2,419,"$ 73.037,88"
H0156,Corrientes,2025-11,5,105,3,N3,24.9,924,"$ 198.011,16"
H0156,Corrientes,2025-12,5,105,3,N3,26.9,1191,"$ 269.698,76"
H0157,Corrientes,2025-01,2,91,1,N2,27.3,646,"$ 90.614,50"
H0157,Corrientes,2025-02,2,91,1,N2,27.0,685,"$ 100.495,10"
H0157,Corrientes,2025-03,2,91,1,N2,24.3,369,"$ 39.761,95"
H0157,Corrientes,2025-04,2,91,1,N2,22.3,256,"$ 28.501,85"
H0157,Corrientes,2025-05,2,91,1,N2,18.7,351,"$ 37.989,93"
H0157,Corrientes,2025-06,2,91,1,N2,15.6,692,"$ 112.436,52"
H0157,Corrientes,2025-07,2,91,1,N2,15.0,594,"$ 93.597,12"
H0157,Corrientes,2025-08,2,91,1,N2,17.1,468,"$ 67.405,02"
H0157,Corrientes,2025-09,2,91,1,N2,19.2,334,"$ 40.092,40"
H0157,Corrientes,2025-10,2,91,1,N2,22.2,361,"$ 45.361,20"
H0157,Corrientes,2025-11,2,91,1,N2,24.9,593,"$ 103.069,85"
H0157,Corrientes,2025-12,2,91,1,N2,26.9,755,"$ 146.138,90"
H0158,Corrientes,2025-01,3,90,2,N1,27.3,787,"$ 155.257,50"
H0158,Corrientes,2025-02,3,90,2,N1,27.0,-,"$ 144.103,73"
H0158,Corrientes,2025-03,3,90,2,N1,24.3,518,"$ 109.278,66"
H0158,Corrientes,2025-04,3,90,2,N1,22.3,372,"$ 82.059,07"
H0158,Corrientes,2025-05,3,90,2,N1,18.7,245,"$ 57.405,45"
H0158,Corrientes,2025-06,3,90,2,N1,15.6,488,"$ 111.215,16"
H0158,Corrientes,2025-07,3,90,2,N1,15.0,502,"$ 117.088,45"
H0158,Corrientes,2025-08,3,90,2,N1,17.1,270,"$ 67.480,50"
H0158,Corrientes,2025-09,3,90,2,N1,19.2,223,"$ 58.258,54"
H0158,Corrientes,2025-10,3,90,2,N1,22.2,228,"$ 60.904,55"
H0158,Corrientes,2025-11,3,90,2,N1,24.9,579,"$ 148.020,66"
H0158,Corrientes,2025-12,3,90,2,N1,26.9,640,"$ 166.968,28"
H0159,Corrientes,2025-01,3,92,1,N1,27.3,438,"$ 88.773,00"
H0159,Corrientes,2025-02,3,92,1,N1,27.0,375,"$ 78.690,79"
H0159,Corrientes,2025-03,3,92,1,N1,24.3,272,"$ 60.043,22"
H0159,Corrientes,2025-04,3,92,1,N1,22.3,233,"$ 53.543,54"
H0159,Corrientes,2025-05,3,92,1,N1,18.7,327,"$ 74.648,11"
H0159,Corrientes,2025-06,3,92,1,N1,15.6,428,"$ 98.283,17"
H0159,Corrientes,2025-07,3,92,1,N1,15.0,442,"$ 103.833,15"
H0159,Corrientes,2025-08,3,92,1,N1,17.1,368,"$ 89.672,08"
H0159,Corrientes,2025-09,3,92,1,N1,19.2,255,"$ 65.685,93"
H0159,Corrientes,2025-10,3,92,1,N1,22.2,172,"$ 47.581,68"
H0159,Corrientes,2025-11,3,92,1,N1,24.9,327,"$ 86.568,92"
H0159,Corrientes,2025-12,3,92,1,N1,26.9,373,"$ 100.230,96"
H0160,Corrientes,2025-01,2,51,1,N3,27.3,376,"$ 50.292,00"
H0160,Corrientes,2025-02,2,51,1,N3,27.0,450,"$ 65.998,73"
H0160,Corrientes,2025-03,2,51,1,N3,24.3,237,"$ 34.064,52"
H0160,Corrientes,2025-04,2,51,1,N3,22.3,159,"$ 25.315,22"
H0160,Corrientes,2025-05,2,51,1,N3,18.7,247,"$ 37.050,69"
H0160,Corrientes,2025-06,2,51,1,N3,15.6,438,"$ 70.263,84"
H0160,Corrientes,2025-07,2,51,1,N3,15.0,548,"$ 96.321,82"
H0160,Corrientes,2025-08,2,51,1,N3,17.1,364,"$ 57.064,05"
H0160,Corrientes,2025-09,2,51,1,N3,19.2,208,"$ 35.465,76"
H0160,Corrientes,2025-10,2,51,1,N3,22.2,176,"$ 31.784,56"
H0160,Corrientes,2025-11,2,51,1,N3,24.9,417,"$ 74.376,11"
H0160,Corrientes,2025-12,2,51,1,N3,26.9,493,"$ 95.231,91"
H0161,Corrientes,2025-01,1,68,1,N2,27.3,492,"$ 61.277,50"
H0161,Corrientes,2025-02,1,68,1,N2,27.0,492,"$ 62.809,44"
H0161,Corrientes,2025-03,1,68,1,N2,24.3,306,"$ 32.143,14"
H0161,Corrientes,2025-04,1,68,1,N2,22.3,176,"$ 21.390,06"
H0161,Corrientes,2025-05,1,68,1,N2,18.7,205,"$ 24.567,29"
H0161,Corrientes,2025-06,1,68,1,N2,15.6,367,"$ 42.388,21"
H0161,Corrientes,2025-07,1,68,1,N2,15.0,356,"$ 41.017,78"
H0161,Corrientes,2025-08,1,68,1,N2,17.1,256,"$ 31.460,71"
H0161,Corrientes,2025-09,1,68,1,N2,19.2,186,"$ 25.206,68"
H0161,Corrientes,2025-10,1,68,1,N2,22.2,165,"$ 23.671,89"
H0161,Corrientes,2025-11,1,68,1,N2,24.9,304,"$ 38.951,95"
H0161,Corrientes,2025-12,1,68,1,N2,26.9,403,"$ 58.155,62"
H0162,Corrientes,2025-01,1,44,1,N2,27.3,459,"$ 54.991,00"
H0162,Corrientes,2025-02,1,44,1,N2,27.0,404,"$ 45.626,34"
H0162,Corrientes,2025-03,1,44,1,N2,24.3,253,"$ 27.546,49"
H0162,Corrientes,2025-04,1,44,1,N2,22.3,178,"$ 21.567,86"
H0162,Corrientes,2025-05,1,44,1,N2,18.7,130,"$ 17.733,31"
H0162,Corrientes,2025-06,1,44,1,N2,15.6,263,"$ 30.598,54"
H0162,Corrientes,2025-07,1,44,1,N2,15.0,375,"$ 45.215,29"
H0162,Corrientes,2025-08,1,44,1,N2,17.1,246,"$ 30.479,45"
H0162,Corrientes,2025-09,1,44,1,N2,19.2,153,"$ 21.887,57"
H0162,Corrientes,2025-10,1,44,1,N2,22.2,166,"$ 23.774,98"
H0162,Corrientes,2025-11,1,44,1,N2,24.9,271,"$ 35.464,81"
H0162,Corrientes,2025-12,1,44,1,N2,26.9,424,"$ 63.404,62"
H0163,Corrientes,2025-01,3,63,0,N2,27.3,189,"$ 20.935,95"
H0163,Corrientes,2025-02,3,63,0,N2,27.0,164,"$ 19.344,01"
H0163,Corrientes,2025-03,3,63,0,N2,24.3,165,"$ 19.914,33"
H0163,Corrientes,2025-04,3,63,0,N2,22.3,184,"$ 22.101,24"
H0163,Corrientes,2025-05,3,63,0,N2,18.7,311,"$ 34.225,98"
H0163,Corrientes,2025-06,3,63,0,N2,15.6,578,"$ 87.865,73"
H0163,Corrientes,2025-07,3,63,0,N2,15.0,578,"$ 90.062,37"
H0163,Corrientes,2025-08,3,63,0,N2,17.1,416,"$ 55.629,90"
H0163,Corrientes,2025-09,3,63,0,N2,19.2,239,"$ 30.537,38"
H0163,Corrientes,2025-10,3,63,0,N2,22.2,160,"$ 23.156,42"
H0163,Corrientes,2025-11,3,63,0,N2,24.9,168,"$ 24.580,70"
H0163,Corrientes,2025-12,3,63,0,N2,26.9,155,"$ 23.787,15"
H0164,Corrientes,2025-01,4,65,0,N2,27.3,230,"$ 24.320,50"
H0164,Corrientes,2025-02,4,65,0,N2,27.0,206,"$ 22.897,78"
H0164,Corrientes,2025-03,4,65,0,N2,24.3,175,"$ 20.781,63"
H0164,Corrientes,2025-04,4,65,0,N2,22.3,223,"$ 25.568,24"
H0164,Corrientes,2025-05,4,65,0,N2,18.7,308,"$ 33.952,62"
H0164,Corrientes,2025-06,4,65,0,N2,15.6,574,"$ 87.003,59"
H0164,Corrientes,2025-07,4,65,0,N2,15.0,710,"$ 119.224,02"
H0164,Corrientes,2025-08,4,65,0,N2,17.1,498,"$ 74.198,36"
H0164,Corrientes,2025-09,4,65,0,N2,19.2,242,"$ 30.839,12"
H0164,Corrientes,2025-10,4,65,0,N2,22.2,219,"$ 29.238,94"
H0164,Corrientes,2025-11,4,65,0,N2,24.9,232,"$ 31.343,64"
H0164,Corrientes,2025-12,4,65,0,N2,26.9,244,"$ 33.426,98"
H0165,Corrientes,2025-01,4,156,2,N1,27.3,763,"$ 150.685,50"
H0165,Corrientes,2025-02,4,156,2,N1,27.0,832,"$ 167.925,75"
H0165,Corrientes,2025-03,4,156,2,N1,24.3,446,"$ 94.868,29"
H0165,Corrientes,2025-04,4,156,2,N1,22.3,358,"$ 79.187,00"
H0165,Corrientes,2025-05,4,156,2,N1,18.7,311,"$ 71.283,68"
H0165,Corrientes,2025-06,4,156,2,N1,15.6,483,"$ 110.137,50"
H0165,Corrientes,2025-07,4,156,2,N1,15.0,631,"$ 145.587,33"
H0165,Corrientes,2025-08,4,156,2,N1,17.1,386,"$ 93.748,08"
H0165,Corrientes,2025-09,4,156,2,N1,19.2,391,"$ 97.252,31"
H0165,Corrientes,2025-10,4,156,2,N1,22.2,343,"$ 88.264,01"
H0165,Corrientes,2025-11,4,156,2,N1,24.9,660,"$ 167.773,00"
H0165,Corrientes,2025-12,4,156,2,N1,26.9,698,"$ 181.465,52"
H0166,Corrientes,2025-01,3,126,1,N3,27.3,459,"$ 66.103,50"
H0166,Corrientes,2025-02,3,126,1,N3,27.0,660,"$ 107.003,85"
H0166,Corrientes,2025-03,3,126,1,N3,24.3,298,"$ 41.389,79"
H0166,Corrientes,2025-04,3,126,1,N3,22.3,251,"$ 36.639,37"
H0166,Corrientes,2025-05,3,126,1,N3,18.7,338,"$ 48.531,78"
H0166,Corrientes,2025-06,3,126,1,N3,15.6,592,"$ 103.455,97"
H0166,Corrientes,2025-07,3,126,1,N3,15.0,640,"$ 116.646,60"
H0166,Corrientes,2025-08,3,126,1,N3,17.1,411,"$ 67.706,95"
H0166,Corrientes,2025-09,3,126,1,N3,19.2,245,"$ 40.618,51"
H0166,Corrientes,2025-10,3,126,1,N3,22.2,201,"$ 35.353,19"
H0166,Corrientes,2025-11,3,126,1,N3,24.9,s/l,"$ 75.107,68"
H0166,Corrientes,2025-12,3,126,1,N3,26.9,523,"$ 102.730,48"
H0167,Corrientes,2025-01,5,183,4,N1,27.3,1677,"$ 324.802,50"
H0167,Corrientes,2025-02,5,183,4,N1,27.0,1557,"$ 309.491,06"
H0167,Corrientes,2025-03,5,183,4,N1,24.3,1048,"$ 215.355,01"
H0167,Corrientes,2025-04,5,183,4,N1,22.3,583,"$ 125.345,22"
H0167,Corrientes,2025-05,5,183,4,N1,18.7,512,"$ 113.549,23"
H0167,Corrientes,2025-06,5,183,4,N1,15.6,1055,"$ 233.422,53"
H0167,Corrientes,2025-07,5,183,4,N1,15.0,945,"$ 214.956,71"
H0167,Corrientes,2025-08,5,183,4,N1,17.1,779,"$ 182.740,82"
H0167,Corrientes,2025-09,5,183,4,N1,19.2,435,"$ 107.464,96"
H0167,Corrientes,2025-10,5,183,4,N1,22.2,516,"$ 129.422,17"
H0167,Corrientes,2025-11,5,183,4,N1,24.9,1118,"$ 279.459,10"
H0167,Corrientes,2025-12,5,183,4,N1,26.9,1941,"$ 492.156,49"
H0168,Corrientes,2025-01,3,130,2,N1,27.3,99999,"$ 133.540,50"
H0168,Corrientes,2025-02,3,130,2,N1,27.0,99999,"$ 171.831,00"
H0168,Corrientes,2025-03,3,130,2,N1,24.3,540,"$ 113.681,83"
H0168,Corrientes,2025-04,3,130,2,N1,22.3,306,"$ 68.519,32"
H0168,Corrientes,2025-05,3,130,2,N1,18.7,318,"$ 72.755,62"
H0168,Corrientes,2025-06,3,130,2,N1,15.6,577,"$ 130.397,63"
H0168,Corrientes,2025-07,3,130,2,N1,15.0,678,"$ 155.970,65"
H0168,Corrientes,2025-08,3,130,2,N1,17.1,526,"$ 125.450,33"
H0168,Corrientes,2025-09,3,130,2,N1,19.2,210,"$ 55.241,17"
H0168,Corrientes,2025-10,3,130,2,N1,22.2,99999,"$ 67.565,98"
H0168,Corrientes,2025-11,3,130,2,N1,24.9,621,"$ 158.262,61"
H0168,Corrientes,2025-12,3,130,2,N1,26.9,819,"$ 211.709,77"
H0169,Corrientes,2025-01,2,94,3,N2,27.3,980,"$ 154.241,50"
H0169,Corrientes,2025-02,2,94,3,N2,27.0,925,"$ 147.358,10"
H0169,Corrientes,2025-03,2,94,3,N2,24.3,564,"$ 78.790,05"
H0169,Corrientes,2025-04,2,94,3,N2,22.3,234,"$ 26.546,11"
H0169,Corrientes,2025-05,2,94,3,N2,18.7,254,"$ 29.032,16"
H0169,Corrientes,2025-06,2,94,3,N2,15.6,451,"$ 60.493,00"
H0169,Corrientes,2025-07,2,94,3,N2,15.0,507,"$ 74.376,94"
H0169,Corrientes,2025-08,2,94,3,N2,17.1,309,"$ 36.661,39"
H0169,Corrientes,2025-09,2,94,3,N2,19.2,229,"$ 29.531,59"
H0169,Corrientes,2025-10,2,94,3,N2,22.2,286,"$ 36.146,22"
H0169,Corrientes,2025-11,2,94,3,N2,24.9,570,"$ 97.461,16"
H0169,Corrientes,2025-12,2,94,3,N2,26.9,1044,"$ 218.375,17"
H0170,Corrientes,2025-01,2,77,2,N3,27.3,737,"$ 119.062,50"
H0170,Corrientes,2025-02,2,77,2,N3,27.0,757,"$ 125.944,31"
H0170,Corrientes,2025-03,2,77,2,N3,24.3,438,"$ 65.246,96"
H0170,Corrientes,2025-04,2,77,2,N3,22.3,239,"$ 35.162,31"
H0170,Corrientes,2025-05,2,77,2,N3,18.7,226,"$ 34.401,21"
H0170,Corrientes,2025-06,2,77,2,N3,15.6,455,"$ 73.927,91"
H0170,Corrientes,2025-07,2,77,2,N3,15.0,486,"$ 82.624,68"
H0170,Corrientes,2025-08,2,77,2,N3,17.1,390,"$ 62.951,61"
H0170,Corrientes,2025-09,2,77,2,N3,19.2,197,"$ 33.933,86"
H0170,Corrientes,2025-10,2,77,2,N3,22.2,189,"$ 33.640,25"
H0170,Corrientes,2025-11,2,77,2,N3,24.9,442,"$ 80.472,51"
H0170,Corrientes,2025-12,2,77,2,N3,26.9,735,"$ 155.720,41"
H0171,Corrientes,2025-01,2,53,1,N2,27.3,577,"$ 77.470,00"
H0171,Corrientes,2025-02,2,53,1,N2,27.0,451,"$ 54.803,68"
H0171,Corrientes,2025-03,2,53,1,N2,24.3,348,"$ 35.785,76"
H0171,Corrientes,2025-04,2,53,1,N2,22.3,167,"$ 20.589,99"
H0171,Corrientes,2025-05,2,53,1,N2,18.7,314,"$ 34.499,34"
H0171,Corrientes,2025-06,2,53,1,N2,15.6,733,"$ 121.273,38"
H0171,Corrientes,2025-07,2,53,1,N2,15.0,727,"$ 122.979,69"
H0171,Corrientes,2025-08,2,53,1,N2,17.1,487,"$ 71.707,47"
H0171,Corrientes,2025-09,2,53,1,N2,19.2,243,"$ 30.939,70"
H0171,Corrientes,2025-10,2,53,1,N2,22.2,177,"$ 24.909,01"
H0171,Corrientes,2025-11,2,53,1,N2,24.9,447,"$ 67.466,86"
H0171,Corrientes,2025-12,2,53,1,N2,26.9,555,"$ 96.148,40"
H0172,Corrientes,2025-01,1,93,2,N1,27.3,863,"$ 169.735,50"
H0172,Corrientes,2025-02,1,93,2,N1,27.0,611,"$ 124.772,74"
H0172,Corrientes,2025-03,1,93,2,N1,24.3,450,"$ 95.668,86"
H0172,Corrientes,2025-04,1,93,2,N1,22.3,257,"$ 58.467,08"
H0172,Corrientes,2025-05,1,93,2,N1,18.7,232,"$ 54.671,85"
H0172,Corrientes,2025-06,1,93,2,N1,15.6,348,"$ 81.040,51"
H0172,Corrientes,2025-07,1,93,2,N1,15.0,372,"$ 88.368,64"
H0172,Corrientes,2025-08,1,93,2,N1,17.1,293,"$ 72.688,73"
H0172,Corrientes,2025-09,1,93,2,N1,19.2,227,"$ 59.186,97"
H0172,Corrientes,2025-10,1,93,2,N1,22.2,269,"$ 70.658,79"
H0172,Corrientes,2025-11,1,93,2,N1,24.9,551,"$ 141.192,69"
H0172,Corrientes,2025-12,1,93,2,N1,26.9,811,"$ 209.710,15"
H0173,Corrientes,2025-01,4,62,0,N2,27.3,203,"$ 22.091,65"
H0173,Corrientes,2025-02,4,62,0,N2,27.0,224,"$ 24.420,83"
H0173,Corrientes,2025-03,4,62,0,N2,24.3,193,"$ 22.342,75"
H0173,Corrientes,2025-04,4,62,0,N2,22.3,292,"$ 31.702,15"
H0173,Corrientes,2025-05,4,62,0,N2,18.7,313,"$ 34.408,22"
H0173,Corrientes,2025-06,4,62,0,N2,15.6,559,"$ 83.770,60"
H0173,Corrientes,2025-07,4,62,0,N2,15.0,679,"$ 112.375,45"
H0173,Corrientes,2025-08,4,62,0,N2,17.1,494,"$ 73.292,58"
H0173,Corrientes,2025-09,4,62,0,N2,19.2,320,"$ 38.684,29"
H0173,Corrientes,2025-10,4,62,0,N2,22.2,216,"$ 28.929,66"
H0173,Corrientes,2025-11,4,62,0,N2,24.9,210,"$ 29.018,88"
H0173,Corrientes,2025-12,4,62,0,N2,26.9,183,"$ 26.819,90"
H0174,Corrientes,2025-01,1,120,3,N1,27.3,749,"$ 148.018,50"
H0174,Corrientes,2025-02,1,120,3,N1,27.0,836,"$ 168.706,80"
H0174,Corrientes,2025-03,1,120,3,N1,24.3,537,"$ 113.081,40"
H0174,Corrientes,2025-04,1,120,3,N1,22.3,179,"$ 42.465,57"
H0174,Corrientes,2025-05,1,120,3,N1,18.7,159,"$ 39.321,68"
H0174,Corrientes,2025-06,1,120,3,N1,15.6,287,"$ 67.892,98"
H0174,Corrientes,2025-07,1,120,3,N1,15.0,300,"$ 72.462,28"
H0174,Corrientes,2025-08,1,120,3,N1,17.1,208,"$ 53.440,93"
H0174,Corrientes,2025-09,1,120,3,N1,19.2,154,"$ 42.243,25"
H0174,Corrientes,2025-10,1,120,3,N1,22.2,172,"$ 47.581,68"
H0174,Corrientes,2025-11,1,120,3,N1,24.9,495,"$ 127.536,74"
H0174,Corrientes,2025-12,1,120,3,N1,26.9,1035,"$ 265.699,52"
H0175,Corrientes,2025-01,7,152,0,N2,27.3,287,"$ 29.025,85"
H0175,Corrientes,2025-02,7,152,0,N2,27.0,337,"$ 33.982,18"
H0175,Corrientes,2025-03,7,152,0,N2,24.3,391,"$ 44.165,12"
H0175,Corrientes,2025-04,7,152,0,N2,22.3,419,"$ 51.013,39"
H0175,Corrientes,2025-05,7,152,0,N2,18.7,796,"$ 131.562,91"
H0175,Corrientes,2025-06,7,152,0,N2,15.6,1441,"$ 273.870,93"
H0175,Corrientes,2025-07,7,152,0,N2,15.0,1515,"$ 297.065,91"
H0175,Corrientes,2025-08,7,152,0,N2,17.1,806,"$ 143.943,31"
H0175,Corrientes,2025-09,7,152,0,N2,19.2,659,"$ 113.422,34"
H0175,Corrientes,2025-10,7,152,0,N2,22.2,404,"$ 55.591,26"
H0175,Corrientes,2025-11,7,152,0,N2,24.9,328,"$ 41.488,05"
H0175,Corrientes,2025-12,7,152,0,N2,26.9,339,"$ 43.716,69"
H0176,Corrientes,2025-01,4,69,2,N2,27.3,1244,"$ 204.533,50"
H0176,Corrientes,2025-02,4,69,2,N2,27.0,985,"$ 159.073,85"
H0176,Corrientes,2025-03,4,69,2,N2,24.3,664,"$ 98.804,45"
H0176,Corrientes,2025-04,4,69,2,N2,22.3,306,"$ 32.946,71"
H0176,Corrientes,2025-05,4,69,2,N2,18.7,411,"$ 50.606,51"
H0176,Corrientes,2025-06,4,69,2,N2,15.6,984,"$ 175.372,23"
H0176,Corrientes,2025-07,4,69,2,N2,15.0,958,"$ 174.012,58"
H0176,Corrientes,2025-08,4,69,2,N2,17.1,541,"$ 83.935,48"
H0176,Corrientes,2025-09,4,69,2,N2,19.2,323,"$ 38.986,03"
H0176,Corrientes,2025-10,4,69,2,N2,22.2,340,"$ 41.713,27"
H0176,Corrientes,2025-11,4,69,2,N2,24.9,645,"$ 115.750,36"
H0176,Corrientes,2025-12,4,69,2,N2,26.9,915,"$ 186.131,30"
H0177,Corrientes,2025-01,5,114,0,N2,27.3,291,"$ 29.356,05"
H0177,Corrientes,2025-02,5,114,0,N2,27.0,292,"$ 30.174,56"
H0177,Corrientes,2025-03,5,114,0,N2,24.3,344,"$ 35.438,84"
H0177,Corrientes,2025-04,5,114,0,N2,22.3,337,"$ 35.702,53"
H0177,Corrientes,2025-05,5,114,0,N2,18.7,520,"$ 73.526,63"
H0177,Corrientes,2025-06,5,114,0,N2,15.6,777,"$ 130.756,85"
H0177,Corrientes,2025-07,5,114,0,N2,15.0,980,"$ 178.872,85"
H0177,Corrientes,2025-08,5,114,0,N2,17.1,621,"$ 102.051,05"
H0177,Corrientes,2025-09,5,114,0,N2,19.2,488,"$ 73.732,26"
H0177,Corrientes,2025-10,5,114,0,N2,22.2,263,"$ 33.775,06"
H0177,Corrientes,2025-11,5,114,0,N2,24.9,285,"$ 36.944,20"
H0177,Corrientes,2025-12,5,114,0,N2,26.9,316,"$ 41.225,50"
H0178,Corrientes,2025-01,3,64,1,N2,27.3,356,"$ 35.369,50"
H0178,Corrientes,2025-02,3,64,1,N2,27.0,301,"$ 30.936,09"
H0178,Corrientes,2025-03,3,64,1,N2,24.3,224,"$ 25.031,35"
H0178,Corrientes,2025-04,3,64,1,N2,22.3,205,"$ 23.968,09"
H0178,Corrientes,2025-05,3,64,1,N2,18.7,204,"$ 24.476,17"
H0178,Corrientes,2025-06,3,64,1,N2,15.6,360,"$ 40.879,48"
H0178,Corrientes,2025-07,3,64,1,N2,15.0,416,"$ 54.273,07"
H0178,Corrientes,2025-08,3,64,1,N2,17.1,292,"$ 34.993,24"
H0178,Corrientes,2025-09,3,64,1,N2,19.2,134,"$ 19.976,57"
H0178,Corrientes,2025-10,3,64,1,N2,22.2,165,"$ 23.671,89"
H0178,Corrientes,2025-11,3,64,1,N2,24.9,221,"$ 30.181,26"
H0178,Corrientes,2025-12,3,64,1,N2,26.9,411,"$ 60.155,24"
H0179,Corrientes,2025-01,4,76,0,N2,27.3,199,"$ 21.761,45"
H0179,Corrientes,2025-02,4,76,0,N2,27.0,172,"$ 20.020,92"
H0179,Corrientes,2025-03,4,76,0,N2,24.3,179,"$ 21.128,54"
H0179,Corrientes,2025-04,4,76,0,N2,22.3,151,"$ 19.167,63"
H0179,Corrientes,2025-05,4,76,0,N2,18.7,217,"$ 25.660,72"
H0179,Corrientes,2025-06,4,76,0,N2,15.6,450,"$ 60.277,47"
H0179,Corrientes,2025-07,4,76,0,N2,15.0,574,"$ 89.178,68"
H0179,Corrientes,2025-08,4,76,0,N2,17.1,299,"$ 35.680,13"
H0179,Corrientes,2025-09,4,76,0,N2,19.2,239,"$ 30.537,38"
H0179,Corrientes,2025-10,4,76,0,N2,22.2,183,"$ 25.527,57"
H0179,Corrientes,2025-11,4,76,0,N2,24.9,187,"$ 26.588,44"
H0179,Corrientes,2025-12,4,76,0,N2,26.9,201,"$ 28.769,53"
H0180,Corrientes,2025-01,3,101,2,N3,27.3,1095,"$ 187.261,50"
H0180,Corrientes,2025-02,3,101,2,N3,27.0,989,"$ 171.245,21"
H0180,Corrientes,2025-03,3,101,2,N3,24.3,602,"$ 98.070,59"
H0180,Corrientes,2025-04,3,101,2,N3,22.3,375,"$ 53.953,84"
H0180,Corrientes,2025-05,3,101,2,N3,18.7,356,"$ 51.307,43"
H0180,Corrientes,2025-06,3,101,2,N3,15.6,717,"$ 130.397,63"
H0180,Corrientes,2025-07,3,101,2,N3,15.0,730,"$ 136.529,55"
H0180,Corrientes,2025-08,3,101,2,N3,17.1,426,"$ 71.103,62"
H0180,Corrientes,2025-09,3,101,2,N3,19.2,303,"$ 48.695,79"
H0180,Corrientes,2025-10,3,101,2,N3,22.2,397,"$ 67.803,89"
H0180,Corrientes,2025-11,3,101,2,N3,24.9,682,"$ 138.997,98"
H0180,Corrientes,2025-12,3,101,2,N3,26.9,953,"$ 210.210,06"
H0181,Corrientes,2025-01,4,116,2,N1,27.3,674,"$ 133.731,00"
H0181,Corrientes,2025-02,4,116,2,N1,27.0,718,"$ 145.665,83"
H0181,Corrientes,2025-03,4,116,2,N1,24.3,493,"$ 104.275,06"
H0181,Corrientes,2025-04,4,116,2,N1,22.3,278,"$ 62.775,19"
H0181,Corrientes,2025-05,4,116,2,N1,18.7,390,"$ 87.895,52"
H0181,Corrientes,2025-06,4,116,2,N1,15.6,618,"$ 139.234,49"
H0181,Corrientes,2025-07,4,116,2,N1,15.0,794,"$ 181.597,55"
H0181,Corrientes,2025-08,4,116,2,N1,17.1,545,"$ 129.752,78"
H0181,Corrientes,2025-09,4,116,2,N1,19.2,288,"$ 73.345,42"
H0181,Corrientes,2025-10,4,116,2,N1,22.2,257,"$ 67.803,89"
H0181,Corrientes,2025-11,4,116,2,N1,24.9,509,"$ 130.950,73"
H0181,Corrientes,2025-12,4,116,2,N1,26.9,742,"$ 192.463,43"
H0182,Corrientes,2025-01,6,135,2,N3,27.3,983,"$ 165.925,50"
H0182,Corrientes,2025-02,6,135,2,N3,27.0,1193,"$ 211.078,76"
H0182,Corrientes,2025-03,6,135,2,N3,24.3,606,"$ 98.871,17"
H0182,Corrientes,2025-04,6,135,2,N3,22.3,452,"$ 69.750,21"
H0182,Corrientes,2025-05,6,135,2,N3,18.7,517,"$ 85.161,92"
H0182,Corrientes,2025-06,6,135,2,N3,15.6,1240,"$ 243.121,52"
H0182,Corrientes,2025-07,6,135,2,N3,15.0,1165,"$ 232.630,44"
H0182,Corrientes,2025-08,6,135,2,N3,17.1,s/l,"$ 140.169,23"
H0182,Corrientes,2025-09,6,135,2,N3,19.2,457,"$ 80.076,48"
H0182,Corrientes,2025-10,6,135,2,N3,22.2,467,"$ 84.457,48"
H0182,Corrientes,2025-11,6,135,2,N3,24.9,642,"$ 129.243,74"
H0182,Corrientes,2025-12,6,135,2,N3,26.9,s/l,"$ 195.462,86"
H0183,Corrientes,2025-01,3,59,0,N2,27.3,198,"$ 21.678,90"
H0183,Corrientes,2025-02,3,59,0,N2,27.0,164,"$ 19.344,01"
H0183,Corrientes,2025-03,3,59,0,N2,24.3,140,"$ 17.746,11"
H0183,Corrientes,2025-04,3,59,0,N2,22.3,151,"$ 19.167,63"
H0183,Corrientes,2025-05,3,59,0,N2,18.7,262,"$ 29.761,11"
H0183,Corrientes,2025-06,3,59,0,N2,15.6,532,"$ 77.951,20"
H0183,Corrientes,2025-07,3,59,0,N2,15.0,651,"$ 106.189,65"
H0183,Corrientes,2025-08,3,59,0,N2,17.1,393,"$ 50.421,67"
H0183,Corrientes,2025-09,3,59,0,N2,19.2,233,"$ 29.933,91"
H0183,Corrientes,2025-10,3,59,0,N2,22.2,145,"$ 21.610,01"
H0183,Corrientes,2025-11,3,59,0,N2,24.9,160,"$ 23.735,33"
H0183,Corrientes,2025-12,3,59,0,N2,26.9,180,"$ 26.494,97"
H0184,Corrientes,2025-01,2,70,1,N2,27.3,634,"$ 88.328,50"
H0184,Corrientes,2025-02,2,70,1,N2,27.0,376,"$ 40.158,99"
H0184,Corrientes,2025-03,2,70,1,N2,24.3,282,"$ 30.061,64"
H0184,Corrientes,2025-04,2,70,1,N2,22.3,231,"$ 26.279,42"
H0184,Corrientes,2025-05,2,70,1,N2,18.7,238,"$ 27.574,24"
H0184,Corrientes,2025-06,2,70,1,N2,15.6,387,"$ 46.698,87"
H0184,Corrientes,2025-07,2,70,1,N2,15.0,454,"$ 62.668,09"
H0184,Corrientes,2025-08,2,70,1,N2,17.1,405,"$ 53.139,01"
H0184,Corrientes,2025-09,2,70,1,N2,19.2,232,"$ 29.833,33"
H0184,Corrientes,2025-10,2,70,1,N2,22.2,211,"$ 28.414,19"
H0184,Corrientes,2025-11,2,70,1,N2,24.9,380,"$ 51.128,50"
H0184,Corrientes,2025-12,2,70,1,N2,26.9,619,"$ 112.145,36"
H0185,Corrientes,2025-01,3,99,3,N3,27.3,921,"$ 154.114,50"
H0185,Corrientes,2025-02,3,99,3,N3,27.0,873,"$ 148.594,76"
H0185,Corrientes,2025-03,3,99,3,N3,24.3,534,"$ 84.460,79"
H0185,Corrientes,2025-04,3,99,3,N3,22.3,314,"$ 44.393,95"
H0185,Corrientes,2025-05,3,99,3,N3,18.7,239,"$ 36.041,37"
H0185,Corrientes,2025-06,3,99,3,N3,15.6,539,"$ 92.032,70"
H0185,Corrientes,2025-07,3,99,3,N3,15.0,-,"$ 102.949,46"
H0185,Corrientes,2025-08,3,99,3,N3,17.1,368,"$ 57.969,83"
H0185,Corrientes,2025-09,3,99,3,N3,19.2,233,"$ 38.947,35"
H0185,Corrientes,2025-10,3,99,3,N3,22.2,236,"$ 40.349,26"
H0185,Corrientes,2025-11,3,99,3,N3,24.9,678,"$ 138.022,56"
H0185,Corrientes,2025-12,3,99,3,N3,26.9,854,"$ 185.464,76"
H0186,Corrientes,2025-01,3,70,0,N2,27.3,125,"$ 15.652,75"
H0186,Corrientes,2025-02,3,70,0,N2,27.0,156,"$ 18.667,10"
H0186,Corrientes,2025-03,3,70,0,N2,24.3,137,"$ 17.485,92"
H0186,Corrientes,2025-04,3,70,0,N2,22.3,130,"$ 17.300,79"
H0186,Corrientes,2025-05,3,70,0,N2,18.7,205,"$ 24.567,29"
H0186,Corrientes,2025-06,3,70,0,N2,15.6,447,"$ 59.630,87"
H0186,Corrientes,2025-07,3,70,0,N2,15.0,555,"$ 84.981,17"
H0186,Corrientes,2025-08,3,70,0,N2,17.1,335,"$ 39.212,66"
H0186,Corrientes,2025-09,3,70,0,N2,19.2,178,"$ 24.402,05"
H0186,Corrientes,2025-10,3,70,0,N2,22.2,143,"$ 21.403,83"
H0186,Corrientes,2025-11,3,70,0,N2,24.9,132,"$ 20.776,54"
H0186,Corrientes,2025-12,3,70,0,N2,26.9,177,"$ 26.170,03"
H0187,Corrientes,2025-01,3,108,3,N1,27.3,1107,"$ 216.217,50"
H0187,Corrientes,2025-02,3,108,3,N1,27.0,1341,"$ 267.314,36"
H0187,Corrientes,2025-03,3,108,3,N1,24.3,934,"$ 192.538,59"
H0187,Corrientes,2025-04,3,108,3,N1,22.3,381,"$ 83.905,39"
H0187,Corrientes,2025-05,3,108,3,N1,18.7,320,"$ 73.176,17"
H0187,Corrientes,2025-06,3,108,3,N1,15.6,688,"$ 154.321,82"
H0187,Corrientes,2025-07,3,108,3,N1,15.0,683,"$ 157.075,25"
H0187,Corrientes,2025-08,3,108,3,N1,17.1,514,"$ 122.732,99"
H0187,Corrientes,2025-09,3,108,3,N1,19.2,340,"$ 85.414,92"
H0187,Corrientes,2025-10,3,108,3,N1,22.2,337,"$ 86.836,56"
H0187,Corrientes,2025-11,3,108,3,N1,24.9,1038,"$ 259.950,61"
H0187,Corrientes,2025-12,3,108,3,N1,26.9,1423,"$ 362.681,09"
H0188,Corrientes,2025-01,3,54,0,N2,27.3,248,"$ 25.806,40"
H0188,Corrientes,2025-02,3,54,0,N2,27.0,211,"$ 23.320,85"
H0188,Corrientes,2025-03,3,54,0,N2,24.3,203,"$ 23.210,04"
H0188,Corrientes,2025-04,3,54,0,N2,22.3,201,"$ 23.612,50"
H0188,Corrientes,2025-05,3,54,0,N2,18.7,352,"$ 38.200,20"
H0188,Corrientes,2025-06,3,54,0,N2,15.6,771,"$ 129.463,65"
H0188,Corrientes,2025-07,3,54,0,N2,15.0,854,"$ 151.036,73"
H0188,Corrientes,2025-08,3,54,0,N2,17.1,670,"$ 113.146,84"
H0188,Corrientes,2025-09,3,54,0,N2,19.2,255,"$ 32.146,65"
H0188,Corrientes,2025-10,3,54,0,N2,22.2,271,"$ 34.599,81"
H0188,Corrientes,2025-11,3,54,0,N2,24.9,261,"$ 34.408,10"
H0188,Corrientes,2025-12,3,54,0,N2,26.9,210,"$ 29.744,35"
H0189,Corrientes,2025-01,3,58,2,N2,27.3,732,"$ 106.997,50"
H0189,Corrientes,2025-02,3,58,2,N2,27.0,756,"$ 114.358,74"
H0189,Corrientes,2025-03,3,58,2,N2,24.3,447,"$ 55.373,19"
H0189,Corrientes,2025-04,3,58,2,N2,22.3,250,"$ 27.968,46"
H0189,Corrientes,2025-05,3,58,2,N2,18.7,289,"$ 32.221,35"
H0189,Corrientes,2025-06,3,58,2,N2,15.6,423,"$ 54.458,07"
H0189,Corrientes,2025-07,3,58,2,N2,15.0,468,"$ 65.761,00"
H0189,Corrientes,2025-08,3,58,2,N2,17.1,249,"$ 30.773,83"
H0189,Corrientes,2025-09,3,58,2,N2,19.2,200,"$ 26.614,79"
H0189,Corrientes,2025-10,3,58,2,N2,22.2,198,"$ 27.073,98"
H0189,Corrientes,2025-11,3,58,2,N2,24.9,356,"$ 45.275,95"
H0189,Corrientes,2025-12,3,58,2,N2,26.9,834,"$ 165.885,15"
H0190,Corrientes,2025-01,3,95,2,N3,27.3,972,"$ 163.830,00"
H0190,Corrientes,2025-02,3,95,2,N3,27.0,726,"$ 119.891,18"
H0190,Corrientes,2025-03,3,95,2,N3,24.3,505,"$ 78.656,62"
H0190,Corrientes,2025-04,3,95,2,N3,22.3,335,"$ 46.978,82"
H0190,Corrientes,2025-05,3,95,2,N3,18.7,283,"$ 41.592,66"
H0190,Corrientes,2025-06,3,95,2,N3,15.6,596,"$ 104.318,10"
H0190,Corrientes,2025-07,3,95,2,N3,15.0,745,"$ 139.843,37"
H0190,Corrientes,2025-08,3,95,2,N3,17.1,498,"$ 87.407,63"
H0190,Corrientes,2025-09,3,95,2,N3,19.2,317,"$ 50.645,48"
H0190,Corrientes,2025-10,3,95,2,N3,22.2,276,"$ 46.059,07"
H0190,Corrientes,2025-11,3,95,2,N3,24.9,833,"$ 175.820,25"
H0190,Corrientes,2025-12,3,95,2,N3,26.9,758,"$ 161.469,32"
H0191,Corrientes,2025-01,3,65,0,N2,27.3,149,"$ 17.633,95"
H0191,Corrientes,2025-02,3,65,0,N2,27.0,187,"$ 21.290,12"
H0191,Corrientes,2025-03,3,65,0,N2,24.3,208,"$ 23.643,69"
H0191,Corrientes,2025-04,3,65,0,N2,22.3,149,"$ 18.989,84"
H0191,Corrientes,2025-05,3,65,0,N2,18.7,288,"$ 32.130,23"
H0191,Corrientes,2025-06,3,65,0,N2,15.6,659,"$ 105.323,92"
H0191,Corrientes,2025-07,3,65,0,N2,15.0,801,"$ 139.327,89"
H0191,Corrientes,2025-08,3,65,0,N2,17.1,483,"$ 70.801,69"
H0191,Corrientes,2025-09,3,65,0,N2,19.2,279,"$ 34.560,55"
H0191,Corrientes,2025-10,3,65,0,N2,22.2,142,"$ 21.300,73"
H0191,Corrientes,2025-11,3,65,0,N2,24.9,146,"$ 22.255,93"
H0191,Corrientes,2025-12,3,65,0,N2,26.9,158,"$ 24.112,09"
H0192,Corrientes,2025-01,1,77,0,N3,27.3,144,"$ 21.793,20"
H0192,Corrientes,2025-02,1,77,0,N3,27.0,140,"$ 21.869,40"
H0192,Corrientes,2025-03,1,77,0,N3,24.3,154,"$ 24.097,35"
H0192,Corrientes,2025-04,1,77,0,N3,22.3,140,"$ 22.976,54"
H0192,Corrientes,2025-05,1,77,0,N3,18.7,187,"$ 29.480,75"
H0192,Corrientes,2025-06,1,77,0,N3,15.6,384,"$ 58.625,05"
H0192,Corrientes,2025-07,1,77,0,N3,15.0,458,"$ 76.438,87"
H0192,Corrientes,2025-08,1,77,0,N3,17.1,294,"$ 46.285,28"
H0192,Corrientes,2025-09,1,77,0,N3,19.2,174,"$ 30.730,80"
H0192,Corrientes,2025-10,1,77,0,N3,22.2,137,"$ 26.217,51"
H0192,Corrientes,2025-11,1,77,0,N3,24.9,146,"$ 28.189,77"
H0192,Corrientes,2025-12,1,77,0,N3,26.9,156,"$ 30.394,23"
H0193,Corrientes,2025-01,1,62,1,N2,27.3,273,"$ 27.870,15"
H0193,Corrientes,2025-02,1,62,1,N2,27.0,287,"$ 29.751,50"
H0193,Corrientes,2025-03,1,62,1,N2,24.3,198,"$ 22.776,39"
H0193,Corrientes,2025-04,1,62,1,N2,22.3,119,"$ 16.322,92"
H0193,Corrientes,2025-05,1,62,1,N2,18.7,130,"$ 17.733,31"
H0193,Corrientes,2025-06,1,62,1,N2,15.6,268,"$ 31.065,53"
H0193,Corrientes,2025-07,1,62,1,N2,15.0,275,"$ 32.512,29"
H0193,Corrientes,2025-08,1,62,1,N2,17.1,174,"$ 23.414,38"
H0193,Corrientes,2025-09,1,62,1,N2,19.2,124,"$ 18.970,78"
H0193,Corrientes,2025-10,1,62,1,N2,22.2,123,"$ 19.341,95"
H0193,Corrientes,2025-11,1,62,1,N2,24.9,240,"$ 32.189,01"
H0193,Corrientes,2025-12,1,62,1,N2,26.9,330,"$ 42.741,88"
H0194,Corrientes,2025-01,5,76,0,N3,27.3,253,"$ 34.251,90"
H0194,Corrientes,2025-02,5,76,0,N3,27.0,227,"$ 32.062,10"
H0194,Corrientes,2025-03,5,76,0,N3,24.3,240,"$ 34.424,78"
H0194,Corrientes,2025-04,5,76,0,N3,22.3,246,"$ 36.023,93"
H0194,Corrientes,2025-05,5,76,0,N3,18.7,422,"$ 65.185,67"
H0194,Corrientes,2025-06,5,76,0,N3,15.6,953,"$ 181.263,48"
H0194,Corrientes,2025-07,5,76,0,N3,15.0,839,"$ 160.610,00"
H0194,Corrientes,2025-08,5,76,0,N3,17.1,720,"$ 137.678,34"
H0194,Corrientes,2025-09,5,76,0,N3,19.2,358,"$ 57.098,01"
H0194,Corrientes,2025-10,5,76,0,N3,22.2,234,"$ 40.063,77"
H0194,Corrientes,2025-11,5,76,0,N3,24.9,225,"$ 39.748,55"
H0194,Corrientes,2025-12,5,76,0,N3,26.9,203,"$ 37.442,89"
H0195,Corrientes,2025-01,3,105,0,N3,27.3,208,"$ 29.108,40"
H0195,Corrientes,2025-02,3,105,0,N3,27.0,222,"$ 31.476,31"
H0195,Corrientes,2025-03,3,105,0,N3,24.3,247,"$ 35.265,38"
H0195,Corrientes,2025-04,3,105,0,N3,22.3,208,"$ 31.346,56"
H0195,Corrientes,2025-05,3,105,0,N3,18.7,386,"$ 57.615,72"
H0195,Corrientes,2025-06,3,105,0,N3,15.6,486,"$ 80.609,44"
H0195,Corrientes,2025-07,3,105,0,N3,15.0,499,"$ 85.496,66"
H0195,Corrientes,2025-08,3,105,0,N3,17.1,368,"$ 57.969,83"
H0195,Corrientes,2025-09,3,105,0,N3,19.2,236,"$ 39.365,14"
H0195,Corrientes,2025-10,3,105,0,N3,22.2,223,"$ 38.493,58"
H0195,Corrientes,2025-11,3,105,0,N3,24.9,216,"$ 38.431,72"
H0195,Corrientes,2025-12,3,105,0,N3,26.9,244,"$ 43.591,72"
H0196,Corrientes,2025-01,4,105,0,N2,27.3,207,"$ 22.421,85"
H0196,Corrientes,2025-02,4,105,0,N2,27.0,206,"$ 22.897,78"
H0196,Corrientes,2025-03,4,105,0,N2,24.3,99999,"$ 22.949,85"
H0196,Corrientes,2025-04,4,105,0,N2,22.3,193,"$ 22.901,32"
H0196,Corrientes,2025-05,4,105,0,N2,18.7,389,"$ 45.980,43"
H0196,Corrientes,2025-06,4,105,0,N2,15.6,638,"$ 100.797,72"
H0196,Corrientes,2025-07,4,105,0,N2,15.0,633,"$ 102.213,06"
H0196,Corrientes,2025-08,4,105,0,N2,17.1,482,"$ 70.575,24"
H0196,Corrientes,2025-09,4,105,0,N2,19.2,244,"$ 31.040,28"
H0196,Corrientes,2025-10,4,105,0,N2,22.2,227,"$ 30.063,69"
H0196,Corrientes,2025-11,4,105,0,N2,24.9,163,"$ 24.052,34"
H0196,Corrientes,2025-12,4,105,0,N2,26.9,219,"$ 30.719,16"
H0197,Corrientes,2025-01,5,120,2,N3,27.3,814,"$ 133.731,00"
H0197,Corrientes,2025-02,5,120,2,N3,27.0,964,"$ 166.363,65"
H0197,Corrientes,2025-03,5,120,2,N3,24.3,561,"$ 89.864,68"
H0197,Corrientes,2025-04,5,120,2,N3,22.3,368,"$ 52.517,80"
H0197,Corrientes,2025-05,5,120,2,N3,18.7,316,"$ 45.756,13"
H0197,Corrientes,2025-06,5,120,2,N3,15.6,587,"$ 102.378,30"
H0197,Corrientes,2025-07,5,120,2,N3,15.0,726,"$ 135.645,86"
H0197,Corrientes,2025-08,5,120,2,N3,17.1,483,"$ 84.010,96"
H0197,Corrientes,2025-09,5,120,2,N3,19.2,324,"$ 51.620,32"
H0197,Corrientes,2025-10,5,120,2,N3,22.2,435,"$ 76.844,41"
H0197,Corrientes,2025-11,5,120,2,N3,24.9,523,"$ 100.224,86"
H0197,Corrientes,2025-12,5,120,2,N3,26.9,709,"$ 149.221,65"
H0198,Corrientes,2025-01,2,62,2,N2,27.3,717,"$ 104.140,00"
H0198,Corrientes,2025-02,2,62,2,N2,27.0,699,"$ 103.228,77"
H0198,Corrientes,2025-03,2,62,2,N2,24.3,458,"$ 57.574,78"
H0198,Corrientes,2025-04,2,62,2,N2,22.3,217,"$ 25.034,85"
H0198,Corrientes,2025-05,2,62,2,N2,18.7,220,"$ 25.934,08"
H0198,Corrientes,2025-06,2,62,2,N2,15.6,362,"$ 41.310,54"
H0198,Corrientes,2025-07,2,62,2,N2,15.0,415,"$ 54.052,15"
H0198,Corrientes,2025-08,2,62,2,N2,17.1,348,"$ 40.488,30"
H0198,Corrientes,2025-09,2,62,2,N2,19.2,183,"$ 24.904,95"
H0198,Corrientes,2025-10,2,62,2,N2,22.2,199,"$ 27.177,07"
H0198,Corrientes,2025-11,2,62,2,N2,24.9,568,"$ 96.973,44"
H0198,Corrientes,2025-12,2,62,2,N2,26.9,704,"$ 133.391,32"
H0199,Corrientes,2025-01,2,82,0,N3,27.3,s/l,"$ 26.936,70"
H0199,Corrientes,2025-02,2,82,0,N3,27.0,180,"$ 26.555,70"
H0199,Corrientes,2025-03,2,82,0,N3,24.3,99999,"$ 28.060,20"
H0199,Corrientes,2025-04,2,82,0,N3,22.3,176,"$ 27.407,73"
H0199,Corrientes,2025-05,2,82,0,N3,18.7,288,"$ 42.223,49"
H0199,Corrientes,2025-06,2,82,0,N3,15.6,561,"$ 96.774,44"
H0199,Corrientes,2025-07,2,82,0,N3,15.0,544,"$ 95.438,13"
H0199,Corrientes,2025-08,2,82,0,N3,17.1,565,"$ 102.579,42"
H0199,Corrientes,2025-09,2,82,0,N3,19.2,224,"$ 37.693,97"
H0199,Corrientes,2025-10,2,82,0,N3,22.2,198,"$ 34.924,95"
H0199,Corrientes,2025-11,2,82,0,N3,24.9,188,"$ 34.334,94"
H0199,Corrientes,2025-12,2,82,0,N3,26.9,177,"$ 33.543,63"
H0200,Corrientes,2025-01,5,91,0,N2,27.3,225,"$ 23.907,75"
H0200,Corrientes,2025-02,5,91,0,N2,27.0,257,"$ 27.213,08"
H0200,Corrientes,2025-03,5,91,0,N2,24.3,278,"$ 29.714,72"
H0200,Corrientes,2025-04,5,91,0,N2,22.3,99999,"$ 23.168,01"
H0200,Corrientes,2025-05,5,91,0,N2,18.7,456,"$ 60.068,95"
H0200,Corrientes,2025-06,5,91,0,N2,15.6,662,"$ 105.970,52"
H0200,Corrientes,2025-07,5,91,0,N2,15.0,605,"$ 96.027,25"
H0200,Corrientes,2025-08,5,91,0,N2,17.1,575,"$ 91.634,60"
H0200,Corrientes,2025-09,5,91,0,N2,19.2,334,"$ 40.092,40"
H0200,Corrientes,2025-10,5,91,0,N2,22.2,218,"$ 29.135,85"
H0200,Corrientes,2025-11,5,91,0,N2,24.9,308,"$ 39.374,63"
H0200,Corrientes,2025-12,5,91,0,N2,26.9,230,"$ 31.910,60"
H0201,Corrientes,2025-01,3,78,1,N2,27.3,498,"$ 62.420,50"
H0201,Corrientes,2025-02,3,78,1,N2,27.0,418,"$ 48.360,01"
H0201,Corrientes,2025-03,3,78,1,N2,24.3,273,"$ 29.281,08"
H0201,Corrientes,2025-04,3,78,1,N2,22.3,234,"$ 26.546,11"
H0201,Corrientes,2025-05,3,78,1,N2,18.7,286,"$ 31.947,99"
H0201,Corrientes,2025-06,3,78,1,N2,15.6,692,"$ 112.436,52"
H0201,Corrientes,2025-07,3,78,1,N2,15.0,660,"$ 108.177,94"
H0201,Corrientes,2025-08,3,78,1,N2,17.1,410,"$ 54.271,23"
H0201,Corrientes,2025-09,3,78,1,N2,19.2,258,"$ 32.448,38"
H0201,Corrientes,2025-10,3,78,1,N2,22.2,239,"$ 31.300,81"
H0201,Corrientes,2025-11,3,78,1,N2,24.9,355,"$ 45.032,09"
H0201,Corrientes,2025-12,3,78,1,N2,26.9,461,"$ 72.652,86"
H0202,Corrientes,2025-01,2,65,2,N3,27.3,627,"$ 98.107,50"
H0202,Corrientes,2025-02,2,65,2,N3,27.0,647,"$ 104.465,44"
H0202,Corrientes,2025-03,2,65,2,N3,24.3,386,"$ 54.839,47"
H0202,Corrientes,2025-04,2,65,2,N3,22.3,233,"$ 34.423,78"
H0202,Corrientes,2025-05,2,65,2,N3,18.7,200,"$ 31.120,90"
H0202,Corrientes,2025-06,2,65,2,N3,15.6,399,"$ 61.858,05"
H0202,Corrientes,2025-07,2,65,2,N3,15.0,533,"$ 93.007,99"
H0202,Corrientes,2025-08,2,65,2,N3,17.1,404,"$ 66.121,83"
H0202,Corrientes,2025-09,2,65,2,N3,19.2,177,"$ 31.148,59"
H0202,Corrientes,2025-10,2,65,2,N3,22.2,202,"$ 35.495,93"
H0202,Corrientes,2025-11,2,65,2,N3,24.9,502,"$ 95.103,88"
H0202,Corrientes,2025-12,2,65,2,N3,26.9,675,"$ 140.723,26"
H0203,Corrientes,2025-01,4,148,4,N1,27.3,1396,"$ 271.272,00"
H0203,Corrientes,2025-02,4,148,4,N1,27.0,1330,"$ 265.166,47"
H0203,Corrientes,2025-03,4,148,4,N1,24.3,615,"$ 128.692,63"
H0203,Corrientes,2025-04,4,148,4,N1,22.3,311,"$ 69.545,06"
H0203,Corrientes,2025-05,4,148,4,N1,18.7,330,"$ 75.278,94"
H0203,Corrientes,2025-06,4,148,4,N1,15.6,637,"$ 143.329,62"
H0203,Corrientes,2025-07,4,148,4,N1,15.0,576,"$ 133.436,64"
H0203,Corrientes,2025-08,4,148,4,N1,17.1,348,"$ 85.143,18"
H0203,Corrientes,2025-09,4,148,4,N1,19.2,247,"$ 63.829,08"
H0203,Corrientes,2025-10,4,148,4,N1,22.2,351,"$ 90.167,28"
H0203,Corrientes,2025-11,4,148,4,N1,24.9,862,"$ 217.031,93"
H0203,Corrientes,2025-12,4,148,4,N1,26.9,1206,"$ 308.441,40"
H0204,Corrientes,2025-01,1,104,3,N1,27.3,1290,"$ 251.079,00"
H0204,Corrientes,2025-02,1,104,3,N1,27.0,1086,"$ 217.522,43"
H0204,Corrientes,2025-03,1,104,3,N1,24.3,538,"$ 113.281,54"
H0204,Corrientes,2025-04,1,104,3,N1,22.3,315,"$ 70.365,65"
H0204,Corrientes,2025-05,1,104,3,N1,18.7,164,"$ 40.373,06"
H0204,Corrientes,2025-06,1,104,3,N1,15.6,290,"$ 68.539,58"
H0204,Corrientes,2025-07,1,104,3,N1,15.0,296,"$ 71.578,60"
H0204,Corrientes,2025-08,1,104,3,N1,17.1,229,"$ 58.196,27"
H0204,Corrientes,2025-09,1,104,3,N1,19.2,263,"$ 67.542,77"
H0204,Corrientes,2025-10,1,104,3,N1,22.2,279,"$ 73.037,88"
H0204,Corrientes,2025-11,1,104,3,N1,24.9,583,"$ 148.996,08"
H0204,Corrientes,2025-12,1,104,3,N1,26.9,1197,"$ 306.191,82"
H0205,Corrientes,2025-01,1,139,3,N1,27.3,1090,"$ 212.979,00"
H0205,Corrientes,2025-02,1,139,3,N1,27.0,1079,"$ 216.155,59"
H0205,Corrientes,2025-03,1,139,3,N1,24.3,733,"$ 152.309,63"
H0205,Corrientes,2025-04,1,139,3,N1,22.3,280,"$ 63.185,48"
H0205,Corrientes,2025-05,1,139,3,N1,18.7,259,"$ 60.349,31"
H0205,Corrientes,2025-06,1,139,3,N1,15.6,402,"$ 92.679,30"
H0205,Corrientes,2025-07,1,139,3,N1,15.0,479,"$ 112.007,25"
H0205,Corrientes,2025-08,1,139,3,N1,17.1,378,"$ 91.936,52"
H0205,Corrientes,2025-09,1,139,3,N1,19.2,228,"$ 59.419,07"
H0205,Corrientes,2025-10,1,139,3,N1,22.2,289,"$ 75.416,96"
H0205,Corrientes,2025-11,1,139,3,N1,24.9,714,"$ 180.941,23"
H0205,Corrientes,2025-12,1,139,3,N1,26.9,968,"$ 248.952,70"
H0206,Corrientes,2025-01,3,60,0,N2,27.3,186,"$ 20.688,30"
H0206,Corrientes,2025-02,3,60,0,N2,27.0,193,"$ 21.797,80"
H0206,Corrientes,2025-03,3,60,0,N2,24.3,185,"$ 21.648,92"
H0206,Corrientes,2025-04,3,60,0,N2,22.3,189,"$ 22.545,73"
H0206,Corrientes,2025-05,3,60,0,N2,18.7,306,"$ 33.770,38"
H0206,Corrientes,2025-06,3,60,0,N2,15.6,693,"$ 112.652,05"
H0206,Corrientes,2025-07,3,60,0,N2,15.0,736,"$ 124.967,98"
H0206,Corrientes,2025-08,3,60,0,N2,17.1,440,"$ 61.064,57"
H0206,Corrientes,2025-09,3,60,0,N2,19.2,305,"$ 37.175,60"
H0206,Corrientes,2025-10,3,60,0,N2,22.2,220,"$ 29.342,04"
H0206,Corrientes,2025-11,3,60,0,N2,24.9,199,"$ 27.856,50"
H0206,Corrientes,2025-12,3,60,0,N2,26.9,213,"$ 30.069,29"
H0207,Corrientes,2025-01,3,125,3,N1,27.3,899,"$ 176.593,50"
H0207,Corrientes,2025-02,3,125,3,N1,27.0,826,"$ 166.754,17"
H0207,Corrientes,2025-03,3,125,3,N1,24.3,596,"$ 124.889,90"
H0207,Corrientes,2025-04,3,125,3,N1,22.3,350,"$ 77.545,82"
H0207,Corrientes,2025-05,3,125,3,N1,18.7,367,"$ 83.059,16"
H0207,Corrientes,2025-06,3,125,3,N1,15.6,602,"$ 135.785,96"
H0207,Corrientes,2025-07,3,125,3,N1,15.0,573,"$ 132.773,88"
H0207,Corrientes,2025-08,3,125,3,N1,17.1,380,"$ 92.389,41"
H0207,Corrientes,2025-09,3,125,3,N1,19.2,287,"$ 73.113,31"
H0207,Corrientes,2025-10,3,125,3,N1,22.2,297,"$ 77.320,23"
H0207,Corrientes,2025-11,3,125,3,N1,24.9,733,"$ 185.574,50"
H0207,Corrientes,2025-12,3,125,3,N1,26.9,993,"$ 255.201,51"
H0208,Corrientes,2025-01,3,90,1,N3,27.3,595,"$ 92.011,50"
H0208,Corrientes,2025-02,3,90,1,N3,27.0,484,"$ 72.637,65"
H0208,Corrientes,2025-03,3,90,1,N3,24.3,349,"$ 47.514,20"
H0208,Corrientes,2025-04,3,90,1,N3,22.3,287,"$ 41.070,56"
H0208,Corrientes,2025-05,3,90,1,N3,18.7,320,"$ 46.260,80"
H0208,Corrientes,2025-06,3,90,1,N3,15.6,626,"$ 110.784,10"
H0208,Corrientes,2025-07,3,90,1,N3,15.0,725,"$ 135.424,94"
H0208,Corrientes,2025-08,3,90,1,N3,17.1,544,"$ 97.824,08"
H0208,Corrientes,2025-09,3,90,1,N3,19.2,260,"$ 42.707,46"
H0208,Corrientes,2025-10,3,90,1,N3,22.2,280,"$ 46.630,05"
H0208,Corrientes,2025-11,3,90,1,N3,24.9,476,"$ 88.763,62"
H0208,Corrientes,2025-12,3,90,1,N3,26.9,746,"$ 158.469,89"
H0209,Corrientes,2025-01,2,141,3,N3,27.3,1286,"$ 223.647,00"
H0209,Corrientes,2025-02,2,141,3,N3,27.0,982,"$ 169.878,38"
H0209,Corrientes,2025-03,2,141,3,N3,24.3,645,"$ 106.676,79"
H0209,Corrientes,2025-04,2,141,3,N3,22.3,470,"$ 73.442,86"
H0209,Corrientes,2025-05,2,141,3,N3,18.7,273,"$ 40.331,01"
H0209,Corrientes,2025-06,2,141,3,N3,15.6,520,"$ 87.937,57"
H0209,Corrientes,2025-07,2,141,3,N3,15.0,508,"$ 87.484,95"
H0209,Corrientes,2025-08,2,141,3,N3,17.1,372,"$ 58.875,61"
H0209,Corrientes,2025-09,2,141,3,N3,19.2,264,"$ 43.264,51"
H0209,Corrientes,2025-10,2,141,3,N3,22.2,420,"$ 73.275,79"
H0209,Corrientes,2025-11,2,141,3,N3,24.9,772,"$ 160.945,03"
H0209,Corrientes,2025-12,2,141,3,N3,26.9,1613,"$ 375.178,71"
H0210,Corrientes,2025-01,6,111,1,N1,27.3,481,"$ 96.964,50"
H0210,Corrientes,2025-02,6,111,1,N1,27.0,595,"$ 121.648,54"
H0210,Corrientes,2025-03,6,111,1,N1,24.3,447,"$ 95.068,43"
H0210,Corrientes,2025-04,6,111,1,N1,22.3,300,"$ 67.288,43"
H0210,Corrientes,2025-05,6,111,1,N1,18.7,359,"$ 81.376,95"
H0210,Corrientes,2025-06,6,111,1,N1,15.6,890,"$ 197.859,54"
H0210,Corrientes,2025-07,6,111,1,N1,15.0,838,"$ 191.318,10"
H0210,Corrientes,2025-08,6,111,1,N1,17.1,529,"$ 126.129,66"
H0210,Corrientes,2025-09,6,111,1,N1,19.2,412,"$ 102.126,53"
H0210,Corrientes,2025-10,6,111,1,N1,22.2,282,"$ 73.751,60"
H0210,Corrientes,2025-11,6,111,1,N1,24.9,462,"$ 119.489,49"
H0210,Corrientes,2025-12,6,111,1,N1,26.9,484,"$ 127.975,68"
H0211,Corrientes,2025-01,5,98,1,N2,27.3,s/l,"$ 73.469,50"
H0211,Corrientes,2025-02,5,98,1,N2,27.0,406,"$ 46.016,86"
H0211,Corrientes,2025-03,5,98,1,N2,24.3,422,"$ 50.369,59"
H0211,Corrientes,2025-04,5,98,1,N2,22.3,239,"$ 26.990,59"
H0211,Corrientes,2025-05,5,98,1,N2,18.7,277,"$ 31.127,91"
H0211,Corrientes,2025-06,5,98,1,N2,15.6,427,"$ 55.320,20"
H0211,Corrientes,2025-07,5,98,1,N2,15.0,587,"$ 92.050,67"
H0211,Corrientes,2025-08,5,98,1,N2,17.1,428,"$ 58.347,23"
H0211,Corrientes,2025-09,5,98,1,N2,19.2,286,"$ 35.264,60"
H0211,Corrientes,2025-10,5,98,1,N2,22.2,246,"$ 32.022,47"
H0211,Corrientes,2025-11,5,98,1,N2,24.9,351,"$ 44.056,67"
H0211,Corrientes,2025-12,5,98,1,N2,26.9,347,"$ 44.583,20"
H0212,Corrientes,2025-01,3,162,4,N1,27.3,1339,"$ 260.413,50"
H0212,Corrientes,2025-02,3,162,4,N1,27.0,1448,"$ 288.207,45"
H0212,Corrientes,2025-03,3,162,4,N1,24.3,959,"$ 197.542,19"
H0212,Corrientes,2025-04,3,162,4,N1,22.3,433,"$ 94.573,07"
H0212,Corrientes,2025-05,3,162,4,N1,18.7,334,"$ 76.120,04"
H0212,Corrientes,2025-06,3,162,4,N1,15.6,488,"$ 111.215,16"
H0212,Corrientes,2025-07,3,162,4,N1,15.0,505,"$ 117.751,21"
H0212,Corrientes,2025-08,3,162,4,N1,17.1,288,"$ 71.556,50"
H0212,Corrientes,2025-09,3,162,4,N1,19.2,313,"$ 79.148,06"
H0212,Corrientes,2025-10,3,162,4,N1,22.2,403,"$ 102.538,52"
H0212,Corrientes,2025-11,3,162,4,N1,24.9,937,"$ 235.321,14"
H0212,Corrientes,2025-12,3,162,4,N1,26.9,1252,"$ 319.939,21"
H0213,Corrientes,2025-01,2,80,0,N2,27.3,163,"$ 18.789,65"
H0213,Corrientes,2025-02,2,80,0,N2,27.0,153,"$ 18.413,25"
H0213,Corrientes,2025-03,2,80,0,N2,24.3,137,"$ 17.485,92"
H0213,Corrientes,2025-04,2,80,0,N2,22.3,141,"$ 18.278,66"
H0213,Corrientes,2025-05,2,80,0,N2,18.7,206,"$ 24.658,41"
H0213,Corrientes,2025-06,2,80,0,N2,15.6,344,"$ 38.163,76"
H0213,Corrientes,2025-07,2,80,0,N2,15.0,299,"$ 34.809,88"
H0213,Corrientes,2025-08,2,80,0,N2,17.1,286,"$ 34.404,49"
H0213,Corrientes,2025-09,2,80,0,N2,19.2,175,"$ 24.100,31"
H0213,Corrientes,2025-10,2,80,0,N2,22.2,166,"$ 23.774,98"
H0213,Corrientes,2025-11,2,80,0,N2,24.9,193,"$ 27.222,47"
H0213,Corrientes,2025-12,2,80,0,N2,26.9,111,"$ 19.021,39"
H0214,Corrientes,2025-01,3,80,2,N3,27.3,830,"$ 136.779,00"
H0214,Corrientes,2025-02,3,80,2,N3,27.0,662,"$ 107.394,38"
H0214,Corrientes,2025-03,3,80,2,N3,24.3,-,"$ 58.041,78"
H0214,Corrientes,2025-04,3,80,2,N3,22.3,225,"$ 33.439,07"
H0214,Corrientes,2025-05,3,80,2,N3,18.7,259,"$ 38.564,68"
H0214,Corrientes,2025-06,3,80,2,N3,15.6,471,"$ 77.376,44"
H0214,Corrientes,2025-07,3,80,2,N3,15.0,655,"$ 119.960,43"
H0214,Corrientes,2025-08,3,80,2,N3,17.1,328,"$ 50.904,75"
H0214,Corrientes,2025-09,3,80,2,N3,19.2,197,"$ 33.933,86"
H0214,Corrientes,2025-10,3,80,2,N3,22.2,189,"$ 33.640,25"
H0214,Corrientes,2025-11,3,80,2,N3,24.9,452,"$ 82.911,08"
H0214,Corrientes,2025-12,3,80,2,N3,26.9,705,"$ 148.221,84"
H0215,Corrientes,2025-01,2,56,2,N2,27.3,405,"$ 44.704,00"
H0215,Corrientes,2025-02,2,56,2,N2,27.0,444,"$ 53.436,84"
H0215,Corrientes,2025-03,2,56,2,N2,24.3,300,"$ 31.622,76"
H0215,Corrientes,2025-04,2,56,2,N2,22.3,138,"$ 18.011,96"
H0215,Corrientes,2025-05,2,56,2,N2,18.7,182,"$ 22.471,53"
H0215,Corrientes,2025-06,2,56,2,N2,15.6,306,"$ 34.614,64"
H0215,Corrientes,2025-07,2,56,2,N2,15.0,341,"$ 38.830,65"
H0215,Corrientes,2025-08,2,56,2,N2,17.1,221,"$ 28.026,30"
H0215,Corrientes,2025-09,2,56,2,N2,19.2,124,"$ 18.970,78"
H0215,Corrientes,2025-10,2,56,2,N2,22.2,178,"$ 25.012,10"
H0215,Corrientes,2025-11,2,56,2,N2,24.9,336,"$ 42.333,42"
H0215,Corrientes,2025-12,2,56,2,N2,26.9,419,"$ 62.154,86"
H0216,Corrientes,2025-01,5,75,2,N3,27.3,922,"$ 154.305,00"
H0216,Corrientes,2025-02,5,75,2,N3,27.0,955,"$ 164.606,29"
H0216,Corrientes,2025-03,5,75,2,N3,24.3,692,"$ 116.083,56"
H0216,Corrientes,2025-04,5,75,2,N3,22.3,417,"$ 62.570,04"
H0216,Corrientes,2025-05,5,75,2,N3,18.7,467,"$ 74.648,11"
H0216,Corrientes,2025-06,5,75,2,N3,15.6,833,"$ 155.399,48"
H0216,Corrientes,2025-07,5,75,2,N3,15.0,851,"$ 163.261,06"
H0216,Corrientes,2025-08,5,75,2,N3,17.1,554,"$ 100.088,53"
H0216,Corrientes,2025-09,5,75,2,N3,19.2,438,"$ 75.666,48"
H0216,Corrientes,2025-10,5,75,2,N3,22.2,337,"$ 54.766,51"
H0216,Corrientes,2025-11,5,75,2,N3,24.9,736,"$ 152.166,21"
H0216,Corrientes,2025-12,5,75,2,N3,26.9,1015,"$ 225.707,12"
H0217,Corrientes,2025-01,4,115,3,N1,27.3,923,"$ 181.165,50"
H0217,Corrientes,2025-02,4,115,3,N1,27.0,1100,"$ 220.256,10"
H0217,Corrientes,2025-03,4,115,3,N1,24.3,588,"$ 123.288,74"
H0217,Corrientes,2025-04,4,115,3,N1,22.3,289,"$ 65.031,81"
H0217,Corrientes,2025-05,4,115,3,N1,18.7,284,"$ 65.606,22"
H0217,Corrientes,2025-06,4,115,3,N1,15.6,545,"$ 123.500,56"
H0217,Corrientes,2025-07,4,115,3,N1,15.0,690,"$ 158.621,71"
H0217,Corrientes,2025-08,4,115,3,N1,17.1,448,"$ 107.787,65"
H0217,Corrientes,2025-09,4,115,3,N1,19.2,306,"$ 77.523,32"
H0217,Corrientes,2025-10,4,115,3,N1,22.2,320,"$ 82.792,12"
H0217,Corrientes,2025-11,4,115,3,N1,24.9,700,"$ 177.527,24"
H0217,Corrientes,2025-12,4,115,3,N1,26.9,897,"$ 231.206,07"
H0218,Corrientes,2025-01,4,148,1,N1,27.3,446,"$ 90.297,00"
H0218,Corrientes,2025-02,4,148,1,N1,27.0,467,"$ 96.654,94"
H0218,Corrientes,2025-03,4,148,1,N1,24.3,356,"$ 76.855,32"
H0218,Corrientes,2025-04,4,148,1,N1,22.3,211,"$ 49.030,29"
H0218,Corrientes,2025-05,4,148,1,N1,18.7,290,"$ 66.867,88"
H0218,Corrientes,2025-06,4,148,1,N1,15.6,460,"$ 105.180,23"
H0218,Corrientes,2025-07,4,148,1,N1,15.0,671,"$ 154.424,20"
H0218,Corrientes,2025-08,4,148,1,N1,17.1,415,"$ 100.314,97"
H0218,Corrientes,2025-09,4,148,1,N1,19.2,331,"$ 83.325,96"
H0218,Corrientes,2025-10,4,148,1,N1,22.2,274,"$ 71.848,34"
H0218,Corrientes,2025-11,4,148,1,N1,24.9,347,"$ 91.446,04"
H0218,Corrientes,2025-12,4,148,1,N1,26.9,540,"$ 141.973,02"
H0219,Corrientes,2025-01,4,119,1,N3,27.3,368,"$ 48.768,00"
H0219,Corrientes,2025-02,4,119,1,N3,27.0,503,"$ 76.347,64"
H0219,Corrientes,2025-03,4,119,1,N3,24.3,355,"$ 48.635,01"
H0219,Corrientes,2025-04,4,119,1,N3,22.3,293,"$ 41.809,09"
H0219,Corrientes,2025-05,4,119,1,N3,18.7,354,"$ 50.886,88"
H0219,Corrientes,2025-06,4,119,1,N3,15.6,417,"$ 65.737,65"
H0219,Corrientes,2025-07,4,119,1,N3,15.0,460,"$ 76.880,72"
H0219,Corrientes,2025-08,4,119,1,N3,17.1,333,"$ 51.584,09"
H0219,Corrientes,2025-09,4,119,1,N3,19.2,253,"$ 41.732,61"
H0219,Corrientes,2025-10,4,119,1,N3,22.2,233,"$ 39.921,03"
H0219,Corrientes,2025-11,4,119,1,N3,24.9,379,"$ 65.109,58"
H0219,Corrientes,2025-12,4,119,1,N3,26.9,532,"$ 104.980,05"
H0220,Corrientes,2025-01,1,115,2,N1,27.3,s/l,"$ 127.635,00"
H0220,Corrientes,2025-02,1,115,2,N1,27.0,638,"$ 130.044,82"
H0220,Corrientes,2025-03,1,115,2,N1,24.3,326,"$ 70.851,00"
H0220,Corrientes,2025-04,1,115,2,N1,22.3,239,"$ 54.774,43"
H0220,Corrientes,2025-05,1,115,2,N1,18.7,190,"$ 45.840,25"
H0220,Corrientes,2025-06,1,115,2,N1,15.6,305,"$ 71.772,58"
H0220,Corrientes,2025-07,1,115,2,N1,15.0,368,"$ 87.484,95"
H0220,Corrientes,2025-08,1,115,2,N1,17.1,248,"$ 62.498,72"
H0220,Corrientes,2025-09,1,115,2,N1,19.2,189,"$ 50.366,95"
H0220,Corrientes,2025-10,1,115,2,N1,22.2,206,"$ 55.670,56"
H0220,Corrientes,2025-11,1,115,2,N1,24.9,537,"$ 137.778,70"
H0220,Corrientes,2025-12,1,115,2,N1,26.9,566,"$ 148.471,79"
H0221,Resistencia,2025-01,5,108,1,N3,27.7,703,"$ 112.585,50"
H0221,Resistencia,2025-02,5,108,1,N3,27.0,540,"$ 83.572,35"
H0221,Resistencia,2025-03,5,108,1,N3,25.3,515,"$ 80.658,06"
H0221,Resistencia,2025-04,5,108,1,N3,21.6,274,"$ 39.470,41"
H0221,Resistencia,2025-05,5,108,1,N3,18.3,486,"$ 78.643,36"
H0221,Resistencia,2025-06,5,108,1,N3,16.0,725,"$ 132.121,89"
H0221,Resistencia,2025-07,5,108,1,N3,15.1,947,"$ 184.469,53"
H0221,Resistencia,2025-08,5,108,1,N3,16.6,808,"$ 157.605,47"
H0221,Resistencia,2025-09,5,108,1,N3,19.2,446,"$ 77.523,32"
H0221,Resistencia,2025-10,5,108,1,N3,22.7,419,"$ 73.037,88"
H0221,Resistencia,2025-11,5,108,1,N3,24.6,433,"$ 78.277,81"
H0221,Resistencia,2025-12,5,108,1,N3,26.7,588,"$ 118.977,39"
H0222,Resistencia,2025-01,2,104,1,N1,27.7,397,"$ 80.962,50"
H0222,Resistencia,2025-02,2,104,1,N1,27.0,427,"$ 88.844,44"
H0222,Resistencia,2025-03,2,104,1,N1,25.3,301,"$ 65.847,40"
H0222,Resistencia,2025-04,2,104,1,N1,21.6,176,"$ 41.850,12"
H0222,Resistencia,2025-05,2,104,1,N1,18.3,255,"$ 59.508,21"
H0222,Resistencia,2025-06,2,104,1,N1,16.0,342,"$ 79.747,31"
H0222,Resistencia,2025-07,2,104,1,N1,15.1,424,"$ 99.856,56"
H0222,Resistencia,2025-08,2,104,1,N1,16.6,335,"$ 82.199,40"
H0222,Resistencia,2025-09,2,104,1,N1,19.2,196,"$ 51.991,69"
H0222,Resistencia,2025-10,2,104,1,N1,22.7,182,"$ 49.960,76"
H0222,Resistencia,2025-11,2,104,1,N1,24.6,325,"$ 86.081,21"
H0222,Resistencia,2025-12,2,104,1,N1,26.7,455,"$ 120.727,06"
H0223,Resistencia,2025-01,3,98,1,N3,27.7,371,"$ 49.339,50"
H0223,Resistencia,2025-02,3,98,1,N3,27.0,425,"$ 61.117,16"
H0223,Resistencia,2025-03,3,98,1,N3,25.3,258,"$ 36.586,33"
H0223,Resistencia,2025-04,3,98,1,N3,21.6,167,"$ 26.299,93"
H0223,Resistencia,2025-05,3,98,1,N3,18.3,274,"$ 40.457,17"
H0223,Resistencia,2025-06,3,98,1,N3,16.0,358,"$ 53.021,18"
H0223,Resistencia,2025-07,3,98,1,N3,15.1,516,"$ 89.252,32"
H0223,Resistencia,2025-08,3,98,1,N3,16.6,431,"$ 72.235,84"
H0223,Resistencia,2025-09,3,98,1,N3,19.2,267,"$ 43.682,30"
H0223,Resistencia,2025-10,3,98,1,N3,22.7,198,"$ 34.924,95"
H0223,Resistencia,2025-11,3,98,1,N3,24.6,282,"$ 48.088,42"
H0223,Resistencia,2025-12,3,98,1,N3,26.7,307,"$ 53.039,92"
H0224,Resistencia,2025-01,1,140,4,N3,27.7,1312,"$ 228.600,00"
H0224,Resistencia,2025-02,1,140,4,N3,27.0,1300,"$ 231.971,85"
H0224,Resistencia,2025-03,1,140,4,N3,25.3,948,"$ 167.320,44"
H0224,Resistencia,2025-04,1,140,4,N3,21.6,129,"$ 21.622,56"
H0224,Resistencia,2025-05,1,140,4,N3,18.3,186,"$ 29.354,58"
H0224,Resistencia,2025-06,1,140,4,N3,16.0,448,"$ 72.419,18"
H0224,Resistencia,2025-07,1,140,4,N3,15.1,419,"$ 67.822,93"
H0224,Resistencia,2025-08,1,140,4,N3,16.6,314,"$ 49.002,62"
H0224,Resistencia,2025-09,1,140,4,N3,19.2,209,"$ 35.605,02"
H0224,Resistencia,2025-10,1,140,4,N3,22.7,360,"$ 59.001,28"
H0224,Resistencia,2025-11,1,140,4,N3,24.6,812,"$ 170.699,27"
H0224,Resistencia,2025-12,1,140,4,N3,26.7,979,"$ 216.708,82"
H0225,Resistencia,2025-01,5,132,2,N3,27.7,836,"$ 137.922,00"
H0225,Resistencia,2025-02,5,132,2,N3,27.0,960,"$ 165.582,60"
H0225,Resistencia,2025-03,5,132,2,N3,25.3,655,"$ 108.678,23"
H0225,Resistencia,2025-04,5,132,2,N3,21.6,358,"$ 50.466,33"
H0225,Resistencia,2025-05,5,132,2,N3,18.3,382,"$ 56.774,62"
H0225,Resistencia,2025-06,5,132,2,N3,16.0,636,"$ 112.939,43"
H0225,Resistencia,2025-07,5,132,2,N3,15.1,653,"$ 119.518,58"
H0225,Resistencia,2025-08,5,132,2,N3,16.6,716,"$ 136.772,56"
H0225,Resistencia,2025-09,5,132,2,N3,19.2,384,"$ 63.132,76"
H0225,Resistencia,2025-10,5,132,2,N3,22.7,491,"$ 90.167,28"
H0225,Resistencia,2025-11,5,132,2,N3,24.6,505,"$ 95.835,45"
H0225,Resistencia,2025-12,5,132,2,N3,26.7,849,"$ 184.215,00"
H0226,Resistencia,2025-01,5,73,2,N2,27.7,907,"$ 140.335,00"
H0226,Resistencia,2025-02,5,73,2,N2,27.0,819,"$ 126.660,28"
H0226,Resistencia,2025-03,5,73,2,N2,25.3,764,"$ 118.818,86"
H0226,Resistencia,2025-04,5,73,2,N2,21.6,241,"$ 27.168,39"
H0226,Resistencia,2025-05,5,73,2,N2,18.3,492,"$ 67.638,89"
H0226,Resistencia,2025-06,5,73,2,N2,16.0,842,"$ 144.766,51"
H0226,Resistencia,2025-07,5,73,2,N2,15.1,1034,"$ 190.802,62"
H0226,Resistencia,2025-08,5,73,2,N2,16.6,541,"$ 83.935,48"
H0226,Resistencia,2025-09,5,73,2,N2,19.2,329,"$ 39.589,50"
H0226,Resistencia,2025-10,5,73,2,N2,22.7,359,"$ 44.885,38"
H0226,Resistencia,2025-11,5,73,2,N2,24.6,586,"$ 101.362,85"
H0226,Resistencia,2025-12,5,73,2,N2,26.7,871,"$ 175.133,39"
H0227,Resistencia,2025-01,2,112,4,N1,27.7,1459,"$ 283.273,50"
H0227,Resistencia,2025-02,2,112,4,N1,27.0,1538,"$ 305.781,08"
H0227,Resistencia,2025-03,2,112,4,N1,25.3,1154,"$ 236.570,28"
H0227,Resistencia,2025-04,2,112,4,N1,21.6,182,"$ 43.081,01"
H0227,Resistencia,2025-05,2,112,4,N1,18.3,269,"$ 62.452,08"
H0227,Resistencia,2025-06,2,112,4,N1,16.0,439,"$ 100.654,03"
H0227,Resistencia,2025-07,2,112,4,N1,15.1,332,"$ 79.531,77"
H0227,Resistencia,2025-08,2,112,4,N1,16.6,280,"$ 69.744,95"
H0227,Resistencia,2025-09,2,112,4,N1,19.2,193,"$ 51.295,37"
H0227,Resistencia,2025-10,2,112,4,N1,22.7,443,"$ 112.054,85"
H0227,Resistencia,2025-11,2,112,4,N1,24.6,695,"$ 176.307,96"
H0227,Resistencia,2025-12,2,112,4,N1,26.7,1165,"$ 298.193,34"
H0228,Resistencia,2025-01,2,82,0,N3,27.7,153,"$ 22.821,90"
H0228,Resistencia,2025-02,2,82,0,N3,27.0,136,"$ 21.400,77"
H0228,Resistencia,2025-03,2,82,0,N3,25.3,132,"$ 21.455,44"
H0228,Resistencia,2025-04,2,82,0,N3,21.6,161,"$ 25.561,40"
H0228,Resistencia,2025-05,2,82,0,N3,18.3,200,"$ 31.120,90"
H0228,Resistencia,2025-06,2,82,0,N3,16.0,364,"$ 54.314,38"
H0228,Resistencia,2025-07,2,82,0,N3,15.1,482,"$ 81.740,99"
H0228,Resistencia,2025-08,2,82,0,N3,16.6,311,"$ 48.595,02"
H0228,Resistencia,2025-09,2,82,0,N3,19.2,221,"$ 37.276,18"
H0228,Resistencia,2025-10,2,82,0,N3,22.7,111,"$ 22.506,13"
H0228,Resistencia,2025-11,2,82,0,N3,24.6,158,"$ 29.945,53"
H0228,Resistencia,2025-12,2,82,0,N3,26.7,130,"$ 26.494,97"
H0229,Resistencia,2025-01,2,127,4,N1,27.7,2098,"$ 405.003,00"
H0229,Resistencia,2025-02,2,127,4,N1,27.0,2135,"$ 422.352,79"
H0229,Resistencia,2025-03,2,127,4,N1,25.3,1522,"$ 310.223,30"
H0229,Resistencia,2025-04,2,127,4,N1,21.6,282,"$ 63.595,78"
H0229,Resistencia,2025-05,2,127,4,N1,18.3,402,"$ 90.418,83"
H0229,Resistencia,2025-06,2,127,4,N1,16.0,567,"$ 128.242,29"
H0229,Resistencia,2025-07,2,127,4,N1,15.1,,"$ 127.250,84"
H0229,Resistencia,2025-08,2,127,4,N1,16.6,629,"$ 148.774,13"
H0229,Resistencia,2025-09,2,127,4,N1,19.2,249,"$ 64.293,29"
H0229,Resistencia,2025-10,2,127,4,N1,22.7,600,"$ 149.406,47"
H0229,Resistencia,2025-11,2,127,4,N1,24.6,1261,"$ 314.330,52"
H0229,Resistencia,2025-12,2,127,4,N1,26.7,1596,"$ 405.922,87"
H0230,Resistencia,2025-01,2,116,3,N1,27.7,1045,"$ 204.406,50"
H0230,Resistencia,2025-02,2,116,3,N1,27.0,876,"$ 176.517,30"
H0230,Resistencia,2025-03,2,116,3,N1,25.3,680,"$ 141.702,00"
H0230,Resistencia,2025-04,2,116,3,N1,21.6,179,"$ 42.465,57"
H0230,Resistencia,2025-05,2,116,3,N1,18.3,267,"$ 62.031,52"
H0230,Resistencia,2025-06,2,116,3,N1,16.0,424,"$ 97.421,04"
H0230,Resistencia,2025-07,2,116,3,N1,15.1,321,"$ 77.101,64"
H0230,Resistencia,2025-08,2,116,3,N1,16.6,324,"$ 79.708,51"
H0230,Resistencia,2025-09,2,116,3,N1,19.2,226,"$ 58.954,86"
H0230,Resistencia,2025-10,2,116,3,N1,22.7,308,"$ 79.937,22"
H0230,Resistencia,2025-11,2,116,3,N1,24.6,690,"$ 175.088,68"
H0230,Resistencia,2025-12,2,116,3,N1,26.7,575,"$ 150.721,36"
H0231,Resistencia,2025-01,1,39,1,N2,27.7,99999,"$ 50.990,50"
H0231,Resistencia,2025-02,1,39,1,N2,27.0,342,"$ 34.405,25"
H0231,Resistencia,2025-03,1,39,1,N2,25.3,256,"$ 27.806,68"
H0231,Resistencia,2025-04,1,39,1,N2,21.6,92,"$ 13.922,69"
H0231,Resistencia,2025-05,1,39,1,N2,18.3,199,"$ 24.020,57"
H0231,Resistencia,2025-06,1,39,1,N2,16.0,271,"$ 31.345,72"
H0231,Resistencia,2025-07,1,39,1,N2,15.1,280,"$ 32.990,96"
H0231,Resistencia,2025-08,1,39,1,N2,16.6,210,"$ 26.946,91"
H0231,Resistencia,2025-09,1,39,1,N2,19.2,116,"$ 18.166,14"
H0231,Resistencia,2025-10,1,39,1,N2,22.7,137,"$ 20.785,26"
H0231,Resistencia,2025-11,1,39,1,N2,24.6,206,"$ 28.596,19"
H0231,Resistencia,2025-12,1,39,1,N2,26.7,353,"$ 45.657,99"
H0232,Resistencia,2025-01,1,56,2,N2,27.7,654,"$ 92.138,50"
H0232,Resistencia,2025-02,1,56,2,N2,27.0,650,"$ 93.660,91"
H0232,Resistencia,2025-03,1,56,2,N2,25.3,435,"$ 52.971,46"
H0232,Resistencia,2025-04,1,56,2,N2,21.6,112,"$ 15.700,63"
H0232,Resistencia,2025-05,1,56,2,N2,18.3,158,"$ 20.284,66"
H0232,Resistencia,2025-06,1,56,2,N2,16.0,251,"$ 29.477,77"
H0232,Resistencia,2025-07,1,56,2,N2,15.1,282,"$ 33.182,42"
H0232,Resistencia,2025-08,1,56,2,N2,16.6,252,"$ 31.068,20"
H0232,Resistencia,2025-09,1,56,2,N2,19.2,128,"$ 19.373,09"
H0232,Resistencia,2025-10,1,56,2,N2,22.7,234,"$ 30.785,35"
H0232,Resistencia,2025-11,1,56,2,N2,24.6,406,"$ 57.468,76"
H0232,Resistencia,2025-12,1,56,2,N2,26.7,664,"$ 123.393,22"
H0233,Resistencia,2025-01,3,120,3,N1,27.7,1079,"$ 210.883,50"
H0233,Resistencia,2025-02,3,120,3,N1,27.0,1092,"$ 218.694,00"
H0233,Resistencia,2025-03,3,120,3,N1,25.3,667,"$ 139.100,12"
H0233,Resistencia,2025-04,3,120,3,N1,21.6,206,"$ 48.004,55"
H0233,Resistencia,2025-05,3,120,3,N1,18.3,291,"$ 67.078,16"
H0233,Resistencia,2025-06,3,120,3,N1,16.0,407,"$ 93.756,97"
H0233,Resistencia,2025-07,3,120,3,N1,15.1,544,"$ 126.367,15"
H0233,Resistencia,2025-08,3,120,3,N1,16.6,462,"$ 110.957,87"
H0233,Resistencia,2025-09,3,120,3,N1,19.2,279,"$ 71.256,47"
H0233,Resistencia,2025-10,3,120,3,N1,22.7,338,"$ 87.074,47"
H0233,Resistencia,2025-11,3,120,3,N1,24.6,592,"$ 151.190,79"
H0233,Resistencia,2025-12,3,120,3,N1,26.7,765,"$ 198.212,34"
H0234,Resistencia,2025-01,6,76,0,N2,27.7,352,"$ 34.607,50"
H0234,Resistencia,2025-02,6,76,0,N2,27.0,254,"$ 26.959,24"
H0234,Resistencia,2025-03,6,76,0,N2,25.3,283,"$ 30.148,37"
H0234,Resistencia,2025-04,6,76,0,N2,21.6,311,"$ 33.391,20"
H0234,Resistencia,2025-05,6,76,0,N2,18.3,508,"$ 71.003,32"
H0234,Resistencia,2025-06,6,76,0,N2,16.0,941,"$ 166.104,30"
H0234,Resistencia,2025-07,6,76,0,N2,15.1,797,"$ 138.444,20"
H0234,Resistencia,2025-08,6,76,0,N2,16.6,761,"$ 133.753,30"
H0234,Resistencia,2025-09,6,76,0,N2,19.2,437,"$ 61.894,87"
H0234,Resistencia,2025-10,6,76,0,N2,22.7,187,"$ 25.939,95"
H0234,Resistencia,2025-11,6,76,0,N2,24.6,225,"$ 30.603,94"
H0234,Resistencia,2025-12,6,76,0,N2,26.7,294,"$ 38.842,62"
H0235,Resistencia,2025-01,6,85,2,N2,27.7,604,"$ 82.613,50"
H0235,Resistencia,2025-02,6,85,2,N2,27.0,650,"$ 93.660,91"
H0235,Resistencia,2025-03,6,85,2,N2,25.3,641,"$ 94.201,14"
H0235,Resistencia,2025-04,6,85,2,N2,21.6,185,"$ 22.190,14"
H0235,Resistencia,2025-05,6,85,2,N2,18.3,s/l,"$ 71.844,42"
H0235,Resistencia,2025-06,6,85,2,N2,16.0,772,"$ 129.679,18"
H0235,Resistencia,2025-07,6,85,2,N2,15.1,879,"$ 156.559,77"
H0235,Resistencia,2025-08,6,85,2,N2,16.6,s/l,"$ 78.047,92"
H0235,Resistencia,2025-09,6,85,2,N2,19.2,358,"$ 43.558,51"
H0235,Resistencia,2025-10,6,85,2,N2,22.7,275,"$ 35.012,19"
H0235,Resistencia,2025-11,6,85,2,N2,24.6,470,"$ 73.075,55"
H0235,Resistencia,2025-12,6,85,2,N2,26.7,819,"$ 162.135,86"
H0236,Resistencia,2025-01,5,176,3,N1,27.7,1358,"$ 264.033,00"
H0236,Resistencia,2025-02,5,176,3,N1,27.0,1318,"$ 262.823,33"
H0236,Resistencia,2025-03,5,176,3,N1,25.3,919,"$ 189.536,43"
H0236,Resistencia,2025-04,5,176,3,N1,21.6,329,"$ 73.237,72"
H0236,Resistencia,2025-05,5,176,3,N1,18.3,651,"$ 142.777,65"
H0236,Resistencia,2025-06,5,176,3,N1,16.0,1121,"$ 247.647,72"
H0236,Resistencia,2025-07,5,176,3,N1,15.1,1155,"$ 261.350,25"
H0236,Resistencia,2025-08,5,176,3,N1,16.6,894,"$ 208.781,95"
H0236,Resistencia,2025-09,5,176,3,N1,19.2,516,"$ 126.265,53"
H0236,Resistencia,2025-10,5,176,3,N1,22.7,689,"$ 170.580,32"
H0236,Resistencia,2025-11,5,176,3,N1,24.6,865,"$ 217.763,50"
H0236,Resistencia,2025-12,5,176,3,N1,26.7,1606,"$ 408.422,40"
H0237,Resistencia,2025-01,4,66,0,N3,27.7,161,"$ 23.736,30"
H0237,Resistencia,2025-02,4,66,0,N3,27.0,171,"$ 25.501,28"
H0237,Resistencia,2025-03,4,66,0,N3,25.3,211,"$ 30.942,27"
H0237,Resistencia,2025-04,4,66,0,N3,21.6,188,"$ 28.884,79"
H0237,Resistencia,2025-05,4,66,0,N3,18.3,371,"$ 54.461,58"
H0237,Resistencia,2025-06,4,66,0,N3,16.0,509,"$ 85.566,71"
H0237,Resistencia,2025-07,4,66,0,N3,15.1,748,"$ 140.506,14"
H0237,Resistencia,2025-08,4,66,0,N3,16.6,628,"$ 116.845,43"
H0237,Resistencia,2025-09,4,66,0,N3,19.2,264,"$ 43.264,51"
H0237,Resistencia,2025-10,4,66,0,N3,22.7,211,"$ 36.780,64"
H0237,Resistencia,2025-11,4,66,0,N3,24.6,183,"$ 33.603,37"
H0237,Resistencia,2025-12,4,66,0,N3,26.7,154,"$ 30.094,28"
H0238,Resistencia,2025-01,4,191,1,N1,27.7,690,"$ 136.779,00"
H0238,Resistencia,2025-02,4,191,1,N1,27.0,s/l,"$ 141.370,05"
H0238,Resistencia,2025-03,4,191,1,N1,25.3,597,"$ 125.090,04"
H0238,Resistencia,2025-04,4,191,1,N1,21.6,345,"$ 76.520,08"
H0238,Resistencia,2025-05,4,191,1,N1,18.3,520,"$ 115.231,44"
H0238,Resistencia,2025-06,4,191,1,N1,16.0,901,"$ 200.230,40"
H0238,Resistencia,2025-07,4,191,1,N1,15.1,987,"$ 224.235,42"
H0238,Resistencia,2025-08,4,191,1,N1,16.6,645,"$ 152.397,24"
H0238,Resistencia,2025-09,4,191,1,N1,19.2,385,"$ 95.859,68"
H0238,Resistencia,2025-10,4,191,1,N1,22.7,435,"$ 110.151,59"
H0238,Resistencia,2025-11,4,191,1,N1,24.6,434,"$ 112.661,52"
H0238,Resistencia,2025-12,4,191,1,N1,26.7,99999,"$ 159.219,75"
H0239,Resistencia,2025-01,4,92,0,N3,27.7,164,"$ 24.079,20"
H0239,Resistencia,2025-02,4,92,0,N3,27.0,155,"$ 23.626,76"
H0239,Resistencia,2025-03,4,92,0,N3,25.3,211,"$ 30.942,27"
H0239,Resistencia,2025-04,4,92,0,N3,21.6,178,"$ 27.653,91"
H0239,Resistencia,2025-05,4,92,0,N3,18.3,292,"$ 42.728,16"
H0239,Resistencia,2025-06,4,92,0,N3,16.0,429,"$ 68.324,04"
H0239,Resistencia,2025-07,4,92,0,N3,15.1,535,"$ 93.449,84"
H0239,Resistencia,2025-08,4,92,0,N3,16.6,497,"$ 87.181,18"
H0239,Resistencia,2025-09,4,92,0,N3,19.2,229,"$ 38.390,29"
H0239,Resistencia,2025-10,4,92,0,N3,22.7,169,"$ 30.785,35"
H0239,Resistencia,2025-11,4,92,0,N3,24.6,170,"$ 31.701,29"
H0239,Resistencia,2025-12,4,92,0,N3,26.7,146,"$ 28.894,51"
H0240,Resistencia,2025-01,3,66,1,N2,27.7,533,"$ 69.088,00"
H0240,Resistencia,2025-02,3,66,1,N2,27.0,502,"$ 64.762,06"
H0240,Resistencia,2025-03,3,66,1,N2,25.3,411,"$ 48.168,00"
H0240,Resistencia,2025-04,3,66,1,N2,21.6,163,"$ 20.234,40"
H0240,Resistencia,2025-05,3,66,1,N2,18.3,296,"$ 32.859,19"
H0240,Resistencia,2025-06,3,66,1,N2,16.0,533,"$ 78.166,73"
H0240,Resistencia,2025-07,3,66,1,N2,15.1,612,"$ 97.573,70"
H0240,Resistencia,2025-08,3,66,1,N2,16.6,449,"$ 63.102,57"
H0240,Resistencia,2025-09,3,66,1,N2,19.2,260,"$ 32.649,54"
H0240,Resistencia,2025-10,3,66,1,N2,22.7,219,"$ 29.238,94"
H0240,Resistencia,2025-11,3,66,1,N2,24.6,312,"$ 39.797,32"
H0240,Resistencia,2025-12,3,66,1,N2,26.7,421,"$ 62.654,76"
H0241,Resistencia,2025-01,4,81,0,N2,27.7,193,"$ 21.266,15"
H0241,Resistencia,2025-02,4,81,0,N2,27.0,153,"$ 18.413,25"
H0241,Resistencia,2025-03,4,81,0,N2,25.3,156,"$ 19.133,77"
H0241,Resistencia,2025-04,4,81,0,N2,21.6,188,"$ 22.456,83"
H0241,Resistencia,2025-05,4,81,0,N2,18.3,326,"$ 35.592,78"
H0241,Resistencia,2025-06,4,81,0,N2,16.0,366,"$ 42.172,68"
H0241,Resistencia,2025-07,4,81,0,N2,15.1,600,"$ 94.922,65"
H0241,Resistencia,2025-08,4,81,0,N2,16.6,491,"$ 72.613,25"
H0241,Resistencia,2025-09,4,81,0,N2,19.2,285,"$ 35.164,02"
H0241,Resistencia,2025-10,4,81,0,N2,22.7,181,"$ 25.321,38"
H0241,Resistencia,2025-11,4,81,0,N2,24.6,,"$ 27.011,13"
H0241,Resistencia,2025-12,4,81,0,N2,26.7,180,"$ 26.494,97"
H0242,Resistencia,2025-01,3,115,2,N1,27.7,901,"$ 176.974,50"
H0242,Resistencia,2025-02,3,115,2,N1,27.0,792,"$ 160.115,25"
H0242,Resistencia,2025-03,3,115,2,N1,25.3,99999,"$ 112.280,82"
H0242,Resistencia,2025-04,3,115,2,N1,21.6,204,"$ 47.594,26"
H0242,Resistencia,2025-05,3,115,2,N1,18.3,312,"$ 71.493,96"
H0242,Resistencia,2025-06,3,115,2,N1,16.0,404,"$ 93.110,37"
H0242,Resistencia,2025-07,3,115,2,N1,15.1,580,"$ 134.320,33"
H0242,Resistencia,2025-08,3,115,2,N1,16.6,452,"$ 108.693,43"
H0242,Resistencia,2025-09,3,115,2,N1,19.2,235,"$ 61.043,81"
H0242,Resistencia,2025-10,3,115,2,N1,22.7,370,"$ 94.687,54"
H0242,Resistencia,2025-11,3,115,2,N1,24.6,523,"$ 134.364,71"
H0242,Resistencia,2025-12,3,115,2,N1,26.7,844,"$ 217.958,59"
H0243,Resistencia,2025-01,5,78,2,N3,27.7,750,"$ 121.539,00"
H0243,Resistencia,2025-02,5,78,2,N3,27.0,853,"$ 144.689,51"
H0243,Resistencia,2025-03,5,78,2,N3,25.3,506,"$ 78.856,76"
H0243,Resistencia,2025-04,5,78,2,N3,21.6,235,"$ 34.669,96"
H0243,Resistencia,2025-05,5,78,2,N3,18.3,415,"$ 63.713,74"
H0243,Resistencia,2025-06,5,78,2,N3,16.0,551,"$ 94.619,10"
H0243,Resistencia,2025-07,5,78,2,N3,15.1,567,"$ 100.519,33"
H0243,Resistencia,2025-08,5,78,2,N3,16.6,499,"$ 87.634,07"
H0243,Resistencia,2025-09,5,78,2,N3,19.2,272,"$ 44.378,62"
H0243,Resistencia,2025-10,5,78,2,N3,22.7,280,"$ 46.630,05"
H0243,Resistencia,2025-11,5,78,2,N3,24.6,562,"$ 109.735,25"
H0243,Resistencia,2025-12,5,78,2,N3,26.7,600,"$ 121.976,82"
H0244,Resistencia,2025-01,2,69,0,N2,27.7,167,"$ 19.119,85"
H0244,Resistencia,2025-02,2,69,0,N2,27.0,182,"$ 20.867,05"
H0244,Resistencia,2025-03,2,69,0,N2,25.3,182,"$ 21.388,73"
H0244,Resistencia,2025-04,2,69,0,N2,21.6,174,"$ 21.212,27"
H0244,Resistencia,2025-05,2,69,0,N2,18.3,301,"$ 33.314,78"
H0244,Resistencia,2025-06,2,69,0,N2,16.0,342,"$ 37.976,96"
H0244,Resistencia,2025-07,2,69,0,N2,15.1,389,"$ 48.308,19"
H0244,Resistencia,2025-08,2,69,0,N2,16.6,382,"$ 47.930,78"
H0244,Resistencia,2025-09,2,69,0,N2,19.2,215,"$ 28.123,48"
H0244,Resistencia,2025-10,2,69,0,N2,22.7,164,"$ 23.568,79"
H0244,Resistencia,2025-11,2,69,0,N2,24.6,153,"$ 22.995,63"
H0244,Resistencia,2025-12,2,69,0,N2,26.7,151,"$ 23.353,90"
H0245,Resistencia,2025-01,6,100,0,N2,27.7,271,"$ 27.705,05"
H0245,Resistencia,2025-02,6,100,0,N2,27.0,252,"$ 26.790,01"
H0245,Resistencia,2025-03,6,100,0,N2,25.3,296,"$ 31.275,85"
H0245,Resistencia,2025-04,6,100,0,N2,21.6,221,"$ 25.390,44"
H0245,Resistencia,2025-05,6,100,0,N2,18.3,408,"$ 49.975,68"
H0245,Resistencia,2025-06,6,100,0,N2,16.0,669,"$ 107.479,25"
H0245,Resistencia,2025-07,6,100,0,N2,15.1,694,"$ 115.689,28"
H0245,Resistencia,2025-08,6,100,0,N2,16.6,496,"$ 73.745,47"
H0245,Resistencia,2025-09,6,100,0,N2,19.2,265,"$ 33.152,44"
H0245,Resistencia,2025-10,6,100,0,N2,22.7,256,"$ 33.053,41"
H0245,Resistencia,2025-11,6,100,0,N2,24.6,230,"$ 31.132,30"
H0245,Resistencia,2025-12,6,100,0,N2,26.7,221,"$ 30.935,79"
H0246,Resistencia,2025-01,5,113,0,N2,27.7,321,"$ 31.832,55"
H0246,Resistencia,2025-02,5,113,0,N2,27.0,284,"$ 29.497,65"
H0246,Resistencia,2025-03,5,113,0,N2,25.3,348,"$ 35.785,76"
H0246,Resistencia,2025-04,5,113,0,N2,21.6,282,"$ 30.813,18"
H0246,Resistencia,2025-05,5,113,0,N2,18.3,563,"$ 82.568,52"
H0246,Resistencia,2025-06,5,113,0,N2,16.0,955,"$ 169.121,77"
H0246,Resistencia,2025-07,5,113,0,N2,15.1,1150,"$ 216.429,52"
H0246,Resistencia,2025-08,5,113,0,N2,16.6,1000,"$ 187.873,57"
H0246,Resistencia,2025-09,5,113,0,N2,19.2,377,"$ 47.968,52"
H0246,Resistencia,2025-10,5,113,0,N2,22.7,257,"$ 33.156,50"
H0246,Resistencia,2025-11,5,113,0,N2,24.6,325,"$ 41.171,04"
H0246,Resistencia,2025-12,5,113,0,N2,26.7,302,"$ 39.709,12"
H0247,Resistencia,2025-01,2,72,1,N2,27.7,475,"$ 58.039,00"
H0247,Resistencia,2025-02,2,72,1,N2,27.0,422,"$ 49.141,06"
H0247,Resistencia,2025-03,2,72,1,N2,25.3,418,"$ 49.569,01"
H0247,Resistencia,2025-04,2,72,1,N2,21.6,189,"$ 22.545,73"
H0247,Resistencia,2025-05,2,72,1,N2,18.3,287,"$ 32.039,11"
H0247,Resistencia,2025-06,2,72,1,N2,16.0,385,"$ 46.267,81"
H0247,Resistencia,2025-07,2,72,1,N2,15.1,523,"$ 77.911,68"
H0247,Resistencia,2025-08,2,72,1,N2,16.6,330,"$ 38.722,03"
H0247,Resistencia,2025-09,2,72,1,N2,19.2,242,"$ 30.839,12"
H0247,Resistencia,2025-10,2,72,1,N2,22.7,195,"$ 26.764,69"
H0247,Resistencia,2025-11,2,72,1,N2,24.6,319,"$ 40.537,01"
H0247,Resistencia,2025-12,2,72,1,N2,26.7,432,"$ 65.404,24"
H0248,Resistencia,2025-01,4,94,0,N2,27.7,169,"$ 19.284,95"
H0248,Resistencia,2025-02,4,94,0,N2,27.0,271,"$ 28.397,68"
H0248,Resistencia,2025-03,4,94,0,N2,25.3,229,"$ 25.465,00"
H0248,Resistencia,2025-04,4,94,0,N2,21.6,224,"$ 25.657,13"
H0248,Resistencia,2025-05,4,94,0,N2,18.3,354,"$ 38.620,76"
H0248,Resistencia,2025-06,4,94,0,N2,16.0,539,"$ 79.459,93"
H0248,Resistencia,2025-07,4,94,0,N2,15.1,704,"$ 117.898,49"
H0248,Resistencia,2025-08,4,94,0,N2,16.6,562,"$ 88.690,82"
H0248,Resistencia,2025-09,4,94,0,N2,19.2,269,"$ 33.554,75"
H0248,Resistencia,2025-10,4,94,0,N2,22.7,221,"$ 29.445,13"
H0248,Resistencia,2025-11,4,94,0,N2,24.6,219,"$ 29.969,92"
H0248,Resistencia,2025-12,4,94,0,N2,26.7,233,"$ 32.235,54"
H0249,Resistencia,2025-01,2,73,2,N1,27.7,752,"$ 148.590,00"
H0249,Resistencia,2025-02,2,73,2,N1,27.0,715,"$ 145.080,04"
H0249,Resistencia,2025-03,2,73,2,N1,25.3,577,"$ 121.087,16"
H0249,Resistencia,2025-04,2,73,2,N1,21.6,172,"$ 41.029,53"
H0249,Resistencia,2025-05,2,73,2,N1,18.3,280,"$ 64.765,12"
H0249,Resistencia,2025-06,2,73,2,N1,16.0,424,"$ 97.421,04"
H0249,Resistencia,2025-07,2,73,2,N1,15.1,497,"$ 115.983,84"
H0249,Resistencia,2025-08,2,73,2,N1,16.6,394,"$ 95.559,64"
H0249,Resistencia,2025-09,2,73,2,N1,19.2,217,"$ 56.865,91"
H0249,Resistencia,2025-10,2,73,2,N1,22.7,267,"$ 70.182,98"
H0249,Resistencia,2025-11,2,73,2,N1,24.6,523,"$ 134.364,71"
H0249,Resistencia,2025-12,2,73,2,N1,26.7,649,"$ 169.217,85"
H0250,Resistencia,2025-01,6,107,1,N3,27.7,537,"$ 80.962,50"
H0250,Resistencia,2025-02,6,107,1,N3,27.0,612,"$ 97.631,25"
H0250,Resistencia,2025-03,6,107,1,N3,25.3,390,"$ 55.640,05"
H0250,Resistencia,2025-04,6,107,1,N3,21.6,310,"$ 43.901,60"
H0250,Resistencia,2025-05,6,107,1,N3,18.3,487,"$ 78.853,63"
H0250,Resistencia,2025-06,6,107,1,N3,16.0,739,"$ 135.139,36"
H0250,Resistencia,2025-07,6,107,1,N3,15.1,837,"$ 160.168,16"
H0250,Resistencia,2025-08,6,107,1,N3,16.6,591,"$ 108.466,98"
H0250,Resistencia,2025-09,6,107,1,N3,19.2,304,"$ 48.835,05"
H0250,Resistencia,2025-10,6,107,1,N3,22.7,323,"$ 52.768,08"
H0250,Resistencia,2025-11,6,107,1,N3,24.6,464,"$ 85.837,35"
H0250,Resistencia,2025-12,6,107,1,N3,26.7,492,"$ 94.981,95"
H0251,Resistencia,2025-01,3,69,2,N2,27.7,853,"$ 130.048,00"
H0251,Resistencia,2025-02,3,69,2,N2,27.0,622,"$ 88.193,56"
H0251,Resistencia,2025-03,3,69,2,N2,25.3,560,"$ 77.989,47"
H0251,Resistencia,2025-04,3,69,2,N2,21.6,168,"$ 20.678,88"
H0251,Resistencia,2025-05,3,69,2,N2,18.3,248,"$ 28.485,44"
H0251,Resistencia,2025-06,3,69,2,N2,16.0,362,"$ 41.310,54"
H0251,Resistencia,2025-07,3,69,2,N2,15.1,537,"$ 81.004,59"
H0251,Resistencia,2025-08,3,69,2,N2,16.6,372,"$ 45.666,33"
H0251,Resistencia,2025-09,3,69,2,N2,19.2,171,"$ 23.698,00"
H0251,Resistencia,2025-10,3,69,2,N2,22.7,262,"$ 33.671,97"
H0251,Resistencia,2025-11,3,69,2,N2,24.6,402,"$ 56.493,33"
H0251,Resistencia,2025-12,3,69,2,N2,26.7,636,"$ 116.394,55"
H0252,Resistencia,2025-01,3,62,0,N3,27.7,145,"$ 21.907,50"
H0252,Resistencia,2025-02,3,62,0,N3,27.0,137,"$ 21.517,93"
H0252,Resistencia,2025-03,3,62,0,N3,25.3,131,"$ 21.335,36"
H0252,Resistencia,2025-04,3,62,0,N3,21.6,120,"$ 20.514,77"
H0252,Resistencia,2025-05,3,62,0,N3,18.3,273,"$ 40.331,01"
H0252,Resistencia,2025-06,3,62,0,N3,16.0,450,"$ 72.850,24"
H0252,Resistencia,2025-07,3,62,0,N3,15.1,535,"$ 93.449,84"
H0252,Resistencia,2025-08,3,62,0,N3,16.6,323,"$ 50.225,42"
H0252,Resistencia,2025-09,3,62,0,N3,19.2,191,"$ 33.098,28"
H0252,Resistencia,2025-10,3,62,0,N3,22.7,143,"$ 27.073,98"
H0252,Resistencia,2025-11,3,62,0,N3,24.6,108,"$ 22.629,85"
H0252,Resistencia,2025-12,3,62,0,N3,26.7,126,"$ 25.895,08"
H0253,Resistencia,2025-01,3,99,1,N3,27.7,545,"$ 82.486,50"
H0253,Resistencia,2025-02,3,99,1,N3,27.0,502,"$ 76.152,38"
H0253,Resistencia,2025-03,3,99,1,N3,25.3,417,"$ 61.043,94"
H0253,Resistencia,2025-04,3,99,1,N3,21.6,208,"$ 31.346,56"
H0253,Resistencia,2025-05,3,99,1,N3,18.3,309,"$ 44.872,97"
H0253,Resistencia,2025-06,3,99,1,N3,16.0,493,"$ 82.118,17"
H0253,Resistencia,2025-07,3,99,1,N3,15.1,588,"$ 105.158,68"
H0253,Resistencia,2025-08,3,99,1,N3,16.6,428,"$ 71.556,50"
H0253,Resistencia,2025-09,3,99,1,N3,19.2,275,"$ 44.796,41"
H0253,Resistencia,2025-10,3,99,1,N3,22.7,231,"$ 39.635,54"
H0253,Resistencia,2025-11,3,99,1,N3,24.6,450,"$ 82.423,36"
H0253,Resistencia,2025-12,3,99,1,N3,26.7,515,"$ 100.730,86"
H0254,Resistencia,2025-01,2,63,0,N2,27.7,154,"$ 18.046,70"
H0254,Resistencia,2025-02,2,63,0,N2,27.0,119,"$ 15.536,39"
H0254,Resistencia,2025-03,2,63,0,N2,25.3,177,"$ 20.955,08"
H0254,Resistencia,2025-04,2,63,0,N2,21.6,146,"$ 18.723,14"
H0254,Resistencia,2025-05,2,63,0,N2,18.3,299,"$ 33.132,54"
H0254,Resistencia,2025-06,2,63,0,N2,16.0,357,"$ 40.232,88"
H0254,Resistencia,2025-07,2,63,0,N2,15.1,361,"$ 42.122,38"
H0254,Resistencia,2025-08,2,63,0,N2,16.6,403,"$ 52.686,12"
H0254,Resistencia,2025-09,2,63,0,N2,19.2,215,"$ 28.123,48"
H0254,Resistencia,2025-10,2,63,0,N2,22.7,125,"$ 19.548,14"
H0254,Resistencia,2025-11,2,63,0,N2,24.6,202,"$ 28.173,51"
H0254,Resistencia,2025-12,2,63,0,N2,26.7,148,"$ 23.028,96"
H0255,Resistencia,2025-01,2,66,0,N3,27.7,102,"$ 16.992,60"
H0255,Resistencia,2025-02,2,66,0,N3,27.0,179,"$ 26.438,54"
H0255,Resistencia,2025-03,2,66,0,N3,25.3,125,"$ 20.614,84"
H0255,Resistencia,2025-04,2,66,0,N3,21.6,119,"$ 20.391,68"
H0255,Resistencia,2025-05,2,66,0,N3,18.3,223,"$ 34.022,71"
H0255,Resistencia,2025-06,2,66,0,N3,16.0,347,"$ 50.908,96"
H0255,Resistencia,2025-07,2,66,0,N3,15.1,353,"$ 53.242,10"
H0255,Resistencia,2025-08,2,66,0,N3,16.6,336,"$ 51.991,69"
H0255,Resistencia,2025-09,2,66,0,N3,19.2,183,"$ 31.984,17"
H0255,Resistencia,2025-10,2,66,0,N3,22.7,176,"$ 31.784,56"
H0255,Resistencia,2025-11,2,66,0,N3,24.6,143,"$ 27.750,82"
H0255,Resistencia,2025-12,2,66,0,N3,26.7,129,"$ 26.344,99"
H0256,Resistencia,2025-01,4,77,2,N3,27.7,1122,"$ 192.405,00"
H0256,Resistencia,2025-02,4,77,2,N3,27.0,s/l,"$ 164.215,76"
H0256,Resistencia,2025-03,4,77,2,N3,25.3,726,"$ 122.888,45"
H0256,Resistencia,2025-04,4,77,2,N3,21.6,253,"$ 36.885,55"
H0256,Resistencia,2025-05,4,77,2,N3,18.3,553,"$ 92.731,87"
H0256,Resistencia,2025-06,4,77,2,N3,16.0,850,"$ 159.063,55"
H0256,Resistencia,2025-07,4,77,2,N3,15.1,889,"$ 171.656,08"
H0256,Resistencia,2025-08,4,77,2,N3,16.6,694,"$ 131.790,78"
H0256,Resistencia,2025-09,4,77,2,N3,19.2,314,"$ 50.227,68"
H0256,Resistencia,2025-10,4,77,2,N3,22.7,342,"$ 55.480,24"
H0256,Resistencia,2025-11,4,77,2,N3,24.6,575,"$ 112.905,38"
H0256,Resistencia,2025-12,4,77,2,N3,26.7,882,"$ 192.463,43"
H0257,Resistencia,2025-01,4,65,0,N2,27.7,161,"$ 18.624,55"
H0257,Resistencia,2025-02,4,65,0,N2,27.0,172,"$ 20.020,92"
H0257,Resistencia,2025-03,4,65,0,N2,25.3,207,"$ 23.556,96"
H0257,Resistencia,2025-04,4,65,0,N2,21.6,128,"$ 17.122,99"
H0257,Resistencia,2025-05,4,65,0,N2,18.3,249,"$ 28.576,56"
H0257,Resistencia,2025-06,4,65,0,N2,16.0,397,"$ 48.854,21"
H0257,Resistencia,2025-07,4,65,0,N2,15.1,448,"$ 61.342,56"
H0257,Resistencia,2025-08,4,65,0,N2,16.6,392,"$ 50.195,23"
H0257,Resistencia,2025-09,4,65,0,N2,19.2,229,"$ 29.531,59"
H0257,Resistencia,2025-10,4,65,0,N2,22.7,177,"$ 24.909,01"
H0257,Resistencia,2025-11,4,65,0,N2,24.6,169,"$ 24.686,37"
H0257,Resistencia,2025-12,4,65,0,N2,26.7,216,"$ 30.394,23"
H0258,Resistencia,2025-01,1,113,3,N1,27.7,1227,"$ 239.077,50"
H0258,Resistencia,2025-02,1,113,3,N1,27.0,1090,"$ 218.303,48"
H0258,Resistencia,2025-03,1,113,3,N1,25.3,1024,"$ 210.551,55"
H0258,Resistencia,2025-04,1,113,3,N1,21.6,213,"$ 49.440,59"
H0258,Resistencia,2025-05,1,113,3,N1,18.3,264,"$ 61.400,70"
H0258,Resistencia,2025-06,1,113,3,N1,16.0,430,"$ 98.714,24"
H0258,Resistencia,2025-07,1,113,3,N1,15.1,472,"$ 110.460,80"
H0258,Resistencia,2025-08,1,113,3,N1,16.6,343,"$ 84.010,96"
H0258,Resistencia,2025-09,1,113,3,N1,19.2,233,"$ 60.579,60"
H0258,Resistencia,2025-10,1,113,3,N1,22.7,457,"$ 115.385,57"
H0258,Resistencia,2025-11,1,113,3,N1,24.6,753,"$ 190.451,62"
H0258,Resistencia,2025-12,1,113,3,N1,26.7,1497,"$ 381.177,58"
H0259,Resistencia,2025-01,3,93,0,N2,27.7,149,"$ 17.633,95"
H0259,Resistencia,2025-02,3,93,0,N2,27.0,155,"$ 18.582,48"
H0259,Resistencia,2025-03,3,93,0,N2,25.3,196,"$ 22.602,94"
H0259,Resistencia,2025-04,3,93,0,N2,21.6,185,"$ 22.190,14"
H0259,Resistencia,2025-05,3,93,0,N2,18.3,s/l,"$ 31.765,75"
H0259,Resistencia,2025-06,3,93,0,N2,16.0,538,"$ 79.244,40"
H0259,Resistencia,2025-07,3,93,0,N2,15.1,496,"$ 71.946,80"
H0259,Resistencia,2025-08,3,93,0,N2,16.6,477,"$ 69.443,02"
H0259,Resistencia,2025-09,3,93,0,N2,19.2,224,"$ 29.028,69"
H0259,Resistencia,2025-10,3,93,0,N2,22.7,154,"$ 22.537,86"
H0259,Resistencia,2025-11,3,93,0,N2,24.6,140,"$ 21.621,91"
H0259,Resistencia,2025-12,3,93,0,N2,26.7,180,"$ 26.494,97"
H0260,Resistencia,2025-01,3,90,1,N3,27.7,596,"$ 92.202,00"
H0260,Resistencia,2025-02,3,90,1,N3,27.0,820,"$ 138.245,85"
H0260,Resistencia,2025-03,3,90,1,N3,25.3,556,"$ 88.863,96"
H0260,Resistencia,2025-04,3,90,1,N3,21.6,245,"$ 35.900,84"
H0260,Resistencia,2025-05,3,90,1,N3,18.3,430,"$ 66.867,88"
H0260,Resistencia,2025-06,3,90,1,N3,16.0,946,"$ 179.754,74"
H0260,Resistencia,2025-07,3,90,1,N3,15.1,1024,"$ 201.480,50"
H0260,Resistencia,2025-08,3,90,1,N3,16.6,733,"$ 140.622,12"
H0260,Resistencia,2025-09,3,90,1,N3,19.2,313,"$ 50.088,42"
H0260,Resistencia,2025-10,3,90,1,N3,22.7,350,"$ 56.622,20"
H0260,Resistencia,2025-11,3,90,1,N3,24.6,377,"$ 64.621,87"
H0260,Resistencia,2025-12,3,90,1,N3,26.7,569,"$ 114.228,30"
H0261,Resistencia,2025-01,3,117,1,N3,27.7,683,"$ 108.775,50"
H0261,Resistencia,2025-02,3,117,1,N3,27.0,491,"$ 74.004,49"
H0261,Resistencia,2025-03,3,117,1,N3,25.3,381,"$ 53.838,75"
H0261,Resistencia,2025-04,3,117,1,N3,21.6,209,"$ 31.469,65"
H0261,Resistencia,2025-05,3,117,1,N3,18.3,307,"$ 44.620,64"
H0261,Resistencia,2025-06,3,117,1,N3,16.0,554,"$ 95.265,70"
H0261,Resistencia,2025-07,3,117,1,N3,15.1,598,"$ 107.367,90"
H0261,Resistencia,2025-08,3,117,1,N3,16.6,559,"$ 101.220,75"
H0261,Resistencia,2025-09,3,117,1,N3,19.2,339,"$ 53.709,27"
H0261,Resistencia,2025-10,3,117,1,N3,22.7,255,"$ 43.061,42"
H0261,Resistencia,2025-11,3,117,1,N3,24.6,433,"$ 78.277,81"
H0261,Resistencia,2025-12,3,117,1,N3,26.7,702,"$ 147.471,98"
H0262,Resistencia,2025-01,3,64,2,N3,27.7,685,"$ 109.156,50"
H0262,Resistencia,2025-02,3,64,2,N3,27.0,697,"$ 114.228,56"
H0262,Resistencia,2025-03,3,64,2,N3,25.3,s/l,"$ 84.260,65"
H0262,Resistencia,2025-04,3,64,2,N3,21.6,150,"$ 24.207,42"
H0262,Resistencia,2025-05,3,64,2,N3,18.3,249,"$ 37.303,03"
H0262,Resistencia,2025-06,3,64,2,N3,16.0,478,"$ 78.885,17"
H0262,Resistencia,2025-07,3,64,2,N3,15.1,455,"$ 75.776,11"
H0262,Resistencia,2025-08,3,64,2,N3,16.6,459,"$ 78.576,29"
H0262,Resistencia,2025-09,3,64,2,N3,19.2,200,"$ 34.351,65"
H0262,Resistencia,2025-10,3,64,2,N3,22.7,271,"$ 45.345,34"
H0262,Resistencia,2025-11,3,64,2,N3,24.6,409,"$ 72.425,26"
H0262,Resistencia,2025-12,3,64,2,N3,26.7,612,"$ 124.976,25"
H0263,Resistencia,2025-01,3,46,1,N2,27.7,386,"$ 41.084,50"
H0263,Resistencia,2025-02,3,46,1,N2,27.0,321,"$ 32.628,36"
H0263,Resistencia,2025-03,3,46,1,N2,25.3,270,"$ 29.020,89"
H0263,Resistencia,2025-04,3,46,1,N2,21.6,108,"$ 15.345,05"
H0263,Resistencia,2025-05,3,46,1,N2,18.3,272,"$ 30.672,31"
H0263,Resistencia,2025-06,3,46,1,N2,16.0,504,"$ 71.916,27"
H0263,Resistencia,2025-07,3,46,1,N2,15.1,603,"$ 95.585,41"
H0263,Resistencia,2025-08,3,46,1,N2,16.6,346,"$ 40.292,05"
H0263,Resistencia,2025-09,3,46,1,N2,19.2,187,"$ 25.307,26"
H0263,Resistencia,2025-10,3,46,1,N2,22.7,194,"$ 26.661,60"
H0263,Resistencia,2025-11,3,46,1,N2,24.6,252,"$ 33.457,06"
H0263,Resistencia,2025-12,3,46,1,N2,26.7,381,"$ 52.656,66"
H0264,Resistencia,2025-01,2,62,1,N2,27.7,582,"$ 78.422,50"
H0264,Resistencia,2025-02,2,62,1,N2,27.0,505,"$ 65.347,85"
H0264,Resistencia,2025-03,2,62,1,N2,25.3,99999,"$ 41.763,39"
H0264,Resistencia,2025-04,2,62,1,N2,21.6,187,"$ 22.367,93"
H0264,Resistencia,2025-05,2,62,1,N2,18.3,303,"$ 33.497,02"
H0264,Resistencia,2025-06,2,62,1,N2,16.0,488,"$ 68.467,73"
H0264,Resistencia,2025-07,2,62,1,N2,15.1,617,"$ 98.678,31"
H0264,Resistencia,2025-08,2,62,1,N2,16.6,479,"$ 69.895,91"
H0264,Resistencia,2025-09,2,62,1,N2,19.2,217,"$ 28.324,64"
H0264,Resistencia,2025-10,2,62,1,N2,22.7,267,"$ 34.187,44"
H0264,Resistencia,2025-11,2,62,1,N2,24.6,277,"$ 36.098,83"
H0264,Resistencia,2025-12,2,62,1,N2,26.7,527,"$ 89.149,73"
H0265,Resistencia,2025-01,1,39,1,N2,27.7,438,"$ 50.990,50"
H0265,Resistencia,2025-02,1,39,1,N2,27.0,393,"$ 43.478,45"
H0265,Resistencia,2025-03,1,39,1,N2,25.3,311,"$ 32.576,78"
H0265,Resistencia,2025-04,1,39,1,N2,21.6,96,"$ 14.278,28"
H0265,Resistencia,2025-05,1,39,1,N2,18.3,134,"$ 18.097,79"
H0265,Resistencia,2025-06,1,39,1,N2,16.0,99999,"$ 34.147,65"
H0265,Resistencia,2025-07,1,39,1,N2,15.1,306,"$ 35.480,01"
H0265,Resistencia,2025-08,1,39,1,N2,16.6,201,"$ 26.063,78"
H0265,Resistencia,2025-09,1,39,1,N2,19.2,115,"$ 18.065,56"
H0265,Resistencia,2025-10,1,39,1,N2,22.7,149,"$ 22.022,39"
H0265,Resistencia,2025-11,1,39,1,N2,24.6,246,"$ 32.823,03"
H0265,Resistencia,2025-12,1,39,1,N2,26.7,453,"$ 70.653,24"
H0266,Resistencia,2025-01,6,116,1,N3,27.7,544,"$ 82.296,00"
H0266,Resistencia,2025-02,6,116,1,N3,27.0,427,"$ 61.507,69"
H0266,Resistencia,2025-03,6,116,1,N3,25.3,379,"$ 53.438,46"
H0266,Resistencia,2025-04,6,116,1,N3,21.6,239,"$ 35.162,31"
H0266,Resistencia,2025-05,6,116,1,N3,18.3,383,"$ 56.984,89"
H0266,Resistencia,2025-06,6,116,1,N3,16.0,668,"$ 119.836,50"
H0266,Resistencia,2025-07,6,116,1,N3,15.1,840,"$ 160.830,92"
H0266,Resistencia,2025-08,6,116,1,N3,16.6,594,"$ 109.146,31"
H0266,Resistencia,2025-09,6,116,1,N3,19.2,267,"$ 43.682,30"
H0266,Resistencia,2025-10,6,116,1,N3,22.7,340,"$ 55.194,75"
H0266,Resistencia,2025-11,6,116,1,N3,24.6,349,"$ 57.891,44"
H0266,Resistencia,2025-12,6,116,1,N3,26.7,503,"$ 97.731,43"
H0267,Resistencia,2025-01,4,70,0,N3,27.7,165,"$ 24.193,50"
H0267,Resistencia,2025-02,4,70,0,N3,27.0,202,"$ 29.133,16"
H0267,Resistencia,2025-03,4,70,0,N3,25.3,182,"$ 27.459,77"
H0267,Resistencia,2025-04,4,70,0,N3,21.6,s/l,"$ 27.407,73"
H0267,Resistencia,2025-05,4,70,0,N3,18.3,351,"$ 50.256,05"
H0267,Resistencia,2025-06,4,70,0,N3,16.0,485,"$ 80.393,91"
H0267,Resistencia,2025-07,4,70,0,N3,15.1,694,"$ 128.576,37"
H0267,Resistencia,2025-08,4,70,0,N3,16.6,583,"$ 106.655,42"
H0267,Resistencia,2025-09,4,70,0,N3,19.2,240,"$ 39.922,19"
H0267,Resistencia,2025-10,4,70,0,N3,22.7,169,"$ 30.785,35"
H0267,Resistencia,2025-11,4,70,0,N3,24.6,203,"$ 36.529,64"
H0267,Resistencia,2025-12,4,70,0,N3,26.7,220,"$ 39.992,40"
H0268,Resistencia,2025-01,3,138,2,N1,27.7,905,"$ 177.736,50"
H0268,Resistencia,2025-02,3,138,2,N1,27.0,966,"$ 194.090,92"
H0268,Resistencia,2025-03,3,138,2,N1,25.3,785,"$ 162.717,12"
H0268,Resistencia,2025-04,3,138,2,N1,21.6,237,"$ 54.364,13"
H0268,Resistencia,2025-05,3,138,2,N1,18.3,375,"$ 84.741,37"
H0268,Resistencia,2025-06,3,138,2,N1,16.0,736,"$ 164.667,41"
H0268,Resistencia,2025-07,3,138,2,N1,15.1,931,"$ 211.863,81"
H0268,Resistencia,2025-08,3,138,2,N1,16.6,549,"$ 130.658,56"
H0268,Resistencia,2025-09,3,138,2,N1,19.2,382,"$ 95.163,36"
H0268,Resistencia,2025-10,3,138,2,N1,22.7,387,"$ 98.731,98"
H0268,Resistencia,2025-11,3,138,2,N1,24.6,657,"$ 167.041,43"
H0268,Resistencia,2025-12,3,138,2,N1,26.7,994,"$ 255.451,46"
H0269,Resistencia,2025-01,1,77,0,N3,27.7,151,"$ 22.593,30"
H0269,Resistencia,2025-02,1,77,0,N3,27.0,127,"$ 20.346,35"
H0269,Resistencia,2025-03,1,77,0,N3,25.3,145,"$ 23.016,57"
H0269,Resistencia,2025-04,1,77,0,N3,21.6,147,"$ 23.838,16"
H0269,Resistencia,2025-05,1,77,0,N3,18.3,254,"$ 37.933,85"
H0269,Resistencia,2025-06,1,77,0,N3,16.0,307,"$ 45.736,16"
H0269,Resistencia,2025-07,1,77,0,N3,15.1,331,"$ 50.060,83"
H0269,Resistencia,2025-08,1,77,0,N3,16.6,291,"$ 45.877,68"
H0269,Resistencia,2025-09,1,77,0,N3,19.2,221,"$ 37.276,18"
H0269,Resistencia,2025-10,1,77,0,N3,22.7,141,"$ 26.788,49"
H0269,Resistencia,2025-11,1,77,0,N3,24.6,167,"$ 31.262,35"
H0269,Resistencia,2025-12,1,77,0,N3,26.7,135,"$ 27.244,82"
H0270,Resistencia,2025-01,4,86,0,N2,27.7,318,"$ 31.584,90"
H0270,Resistencia,2025-02,4,86,0,N2,27.0,181,"$ 20.782,44"
H0270,Resistencia,2025-03,4,86,0,N2,25.3,246,"$ 26.939,39"
H0270,Resistencia,2025-04,4,86,0,N2,21.6,244,"$ 27.435,08"
H0270,Resistencia,2025-05,4,86,0,N2,18.3,395,"$ 47.242,09"
H0270,Resistencia,2025-06,4,86,0,N2,16.0,673,"$ 108.341,39"
H0270,Resistencia,2025-07,4,86,0,N2,15.1,832,"$ 146.176,46"
H0270,Resistencia,2025-08,4,86,0,N2,16.6,639,"$ 106.127,05"
H0270,Resistencia,2025-09,4,86,0,N2,19.2,309,"$ 37.577,92"
H0270,Resistencia,2025-10,4,86,0,N2,22.7,227,"$ 30.063,69"
H0270,Resistencia,2025-11,4,86,0,N2,24.6,179,"$ 25.743,08"
H0270,Resistencia,2025-12,4,86,0,N2,26.7,260,"$ 35.159,99"
H0271,Resistencia,2025-01,2,103,0,N1,27.7,201,"$ 43.624,50"
H0271,Resistencia,2025-02,2,103,0,N1,27.0,230,"$ 50.377,72"
H0271,Resistencia,2025-03,2,103,0,N1,25.3,179,"$ 41.429,82"
H0271,Resistencia,2025-04,2,103,0,N1,21.6,182,"$ 43.081,01"
H0271,Resistencia,2025-05,2,103,0,N1,18.3,313,"$ 71.704,24"
H0271,Resistencia,2025-06,2,103,0,N1,16.0,473,"$ 107.982,17"
H0271,Resistencia,2025-07,2,103,0,N1,15.1,615,"$ 142.052,59"
H0271,Resistencia,2025-08,2,103,0,N1,16.6,474,"$ 113.675,21"
H0271,Resistencia,2025-09,2,103,0,N1,19.2,243,"$ 62.900,66"
H0271,Resistencia,2025-10,2,103,0,N1,22.7,99999,"$ 52.339,85"
H0271,Resistencia,2025-11,2,103,0,N1,24.6,200,"$ 55.599,19"
H0271,Resistencia,2025-12,2,103,0,N1,26.7,228,"$ 63.987,84"
H0272,Resistencia,2025-01,5,99,1,N2,27.7,596,"$ 81.089,50"
H0272,Resistencia,2025-02,5,99,1,N2,27.0,549,"$ 73.939,40"
H0272,Resistencia,2025-03,5,99,1,N2,25.3,460,"$ 57.975,06"
H0272,Resistencia,2025-04,5,99,1,N2,21.6,263,"$ 29.124,13"
H0272,Resistencia,2025-05,5,99,1,N2,18.3,611,"$ 92.661,78"
H0272,Resistencia,2025-06,5,99,1,N2,16.0,899,"$ 157.051,91"
H0272,Resistencia,2025-07,5,99,1,N2,15.1,888,"$ 158.548,07"
H0272,Resistencia,2025-08,5,99,1,N2,16.6,578,"$ 92.313,93"
H0272,Resistencia,2025-09,5,99,1,N2,19.2,497,"$ 75.821,21"
H0272,Resistencia,2025-10,5,99,1,N2,22.7,297,"$ 37.280,25"
H0272,Resistencia,2025-11,5,99,1,N2,24.6,430,"$ 63.321,30"
H0272,Resistencia,2025-12,5,99,1,N2,26.7,536,"$ 91.399,30"
H0273,Resistencia,2025-01,2,136,1,N3,27.7,456,"$ 65.532,00"
H0273,Resistencia,2025-02,2,136,1,N3,27.0,410,"$ 58.188,22"
H0273,Resistencia,2025-03,2,136,1,N3,25.3,99999,"$ 42.470,57"
H0273,Resistencia,2025-04,2,136,1,N3,21.6,196,"$ 29.869,50"
H0273,Resistencia,2025-05,2,136,1,N3,18.3,212,"$ 32.634,89"
H0273,Resistencia,2025-06,2,136,1,N3,16.0,400,"$ 62.073,58"
H0273,Resistencia,2025-07,2,136,1,N3,15.1,410,"$ 65.834,64"
H0273,Resistencia,2025-08,2,136,1,N3,16.6,s/l,"$ 57.743,38"
H0273,Resistencia,2025-09,2,136,1,N3,19.2,234,"$ 39.086,61"
H0273,Resistencia,2025-10,2,136,1,N3,22.7,221,"$ 38.208,09"
H0273,Resistencia,2025-11,2,136,1,N3,24.6,350,"$ 58.037,75"
H0273,Resistencia,2025-12,2,136,1,N3,26.7,356,"$ 60.988,41"
H0274,Resistencia,2025-01,4,99,1,N2,27.7,679,"$ 96.901,00"
H0274,Resistencia,2025-02,4,99,1,N2,27.0,517,"$ 67.691,00"
H0274,Resistencia,2025-03,4,99,1,N2,25.3,487,"$ 63.378,95"
H0274,Resistencia,2025-04,4,99,1,N2,21.6,s/l,"$ 29.746,41"
H0274,Resistencia,2025-05,4,99,1,N2,18.3,415,"$ 51.447,62"
H0274,Resistencia,2025-06,4,99,1,N2,16.0,764,"$ 127.954,91"
H0274,Resistencia,2025-07,4,99,1,N2,15.1,732,"$ 124.084,30"
H0274,Resistencia,2025-08,4,99,1,N2,16.6,419,"$ 56.309,23"
H0274,Resistencia,2025-09,4,99,1,N2,19.2,252,"$ 31.844,91"
H0274,Resistencia,2025-10,4,99,1,N2,22.7,276,"$ 35.115,28"
H0274,Resistencia,2025-11,4,99,1,N2,24.6,345,"$ 43.284,46"
H0274,Resistencia,2025-12,4,99,1,N2,26.7,426,"$ 63.904,52"
H0275,Resistencia,2025-01,3,53,1,N2,27.7,469,"$ 56.896,00"
H0275,Resistencia,2025-02,3,53,1,N2,27.0,446,"$ 53.827,36"
H0275,Resistencia,2025-03,3,53,1,N2,25.3,357,"$ 37.360,22"
H0275,Resistencia,2025-04,3,53,1,N2,21.6,186,"$ 22.279,04"
H0275,Resistencia,2025-05,3,53,1,N2,18.3,321,"$ 35.137,18"
H0275,Resistencia,2025-06,3,53,1,N2,16.0,518,"$ 74.933,73"
H0275,Resistencia,2025-07,3,53,1,N2,15.1,554,"$ 84.760,25"
H0275,Resistencia,2025-08,3,53,1,N2,16.6,477,"$ 69.443,02"
H0275,Resistencia,2025-09,3,53,1,N2,19.2,227,"$ 29.330,43"
H0275,Resistencia,2025-10,3,53,1,N2,22.7,216,"$ 28.929,66"
H0275,Resistencia,2025-11,3,53,1,N2,24.6,296,"$ 38.106,58"
H0275,Resistencia,2025-12,3,53,1,N2,26.7,373,"$ 50.657,04"
H0276,Resistencia,2025-01,4,119,1,N3,27.7,449,"$ 64.198,50"
H0276,Resistencia,2025-02,4,119,1,N3,27.0,374,"$ 51.158,78"
H0276,Resistencia,2025-03,4,119,1,N3,25.3,302,"$ 41.870,14"
H0276,Resistencia,2025-04,4,119,1,N3,21.6,169,"$ 26.546,11"
H0276,Resistencia,2025-05,4,119,1,N3,18.3,219,"$ 33.518,05"
H0276,Resistencia,2025-06,4,119,1,N3,16.0,371,"$ 55.823,12"
H0276,Resistencia,2025-07,4,119,1,N3,15.1,498,"$ 85.275,74"
H0276,Resistencia,2025-08,4,119,1,N3,16.6,383,"$ 61.366,50"
H0276,Resistencia,2025-09,4,119,1,N3,19.2,246,"$ 40.757,77"
H0276,Resistencia,2025-10,4,119,1,N3,22.7,267,"$ 44.774,36"
H0276,Resistencia,2025-11,4,119,1,N3,24.6,235,"$ 41.211,68"
H0276,Resistencia,2025-12,4,119,1,N3,26.7,353,"$ 60.238,55"
H0277,Resistencia,2025-01,3,88,2,N2,27.7,785,"$ 117.094,00"
H0277,Resistencia,2025-02,3,88,2,N2,27.0,768,"$ 116.701,89"
H0277,Resistencia,2025-03,3,88,2,N2,25.3,568,"$ 79.590,62"
H0277,Resistencia,2025-04,3,88,2,N2,21.6,204,"$ 23.879,19"
H0277,Resistencia,2025-05,3,88,2,N2,18.3,307,"$ 33.861,50"
H0277,Resistencia,2025-06,3,88,2,N2,16.0,99999,"$ 67.390,07"
H0277,Resistencia,2025-07,3,88,2,N2,15.1,702,"$ 117.456,65"
H0277,Resistencia,2025-08,3,88,2,N2,16.6,558,"$ 87.785,04"
H0277,Resistencia,2025-09,3,88,2,N2,19.2,291,"$ 35.767,50"
H0277,Resistencia,2025-10,3,88,2,N2,22.7,383,"$ 50.595,19"
H0277,Resistencia,2025-11,3,88,2,N2,24.6,463,"$ 71.368,55"
H0277,Resistencia,2025-12,3,88,2,N2,26.7,799,"$ 157.136,81"
H0278,Resistencia,2025-01,3,85,2,N2,27.7,792,"$ 118.427,50"
H0278,Resistencia,2025-02,3,85,2,N2,27.0,719,"$ 107.134,03"
H0278,Resistencia,2025-03,3,85,2,N2,25.3,796,"$ 125.223,47"
H0278,Resistencia,2025-04,3,85,2,N2,21.6,154,"$ 19.434,32"
H0278,Resistencia,2025-05,3,85,2,N2,18.3,281,"$ 31.492,39"
H0278,Resistencia,2025-06,3,85,2,N2,16.0,424,"$ 54.673,60"
H0278,Resistencia,2025-07,3,85,2,N2,15.1,517,"$ 76.586,15"
H0278,Resistencia,2025-08,3,85,2,N2,16.6,419,"$ 56.309,23"
H0278,Resistencia,2025-09,3,85,2,N2,19.2,199,"$ 26.514,21"
H0278,Resistencia,2025-10,3,85,2,N2,22.7,320,"$ 39.651,40"
H0278,Resistencia,2025-11,3,85,2,N2,24.6,501,"$ 80.635,09"
H0278,Resistencia,2025-12,3,85,2,N2,26.7,890,"$ 179.882,49"
H0279,Resistencia,2025-01,1,106,1,N3,27.7,471,"$ 68.389,50"
H0279,Resistencia,2025-02,1,106,1,N3,27.0,425,"$ 61.117,16"
H0279,Resistencia,2025-03,1,106,1,N3,25.3,306,"$ 42.350,48"
H0279,Resistencia,2025-04,1,106,1,N3,21.6,152,"$ 24.453,60"
H0279,Resistencia,2025-05,1,106,1,N3,18.3,186,"$ 29.354,58"
H0279,Resistencia,2025-06,1,106,1,N3,16.0,300,"$ 44.830,92"
H0279,Resistencia,2025-07,1,106,1,N3,15.1,397,"$ 62.962,65"
H0279,Resistencia,2025-08,1,106,1,N3,16.6,238,"$ 38.676,74"
H0279,Resistencia,2025-09,1,106,1,N3,19.2,146,"$ 26.831,42"
H0279,Resistencia,2025-10,1,106,1,N3,22.7,175,"$ 31.641,82"
H0279,Resistencia,2025-11,1,106,1,N3,24.6,285,"$ 48.527,37"
H0279,Resistencia,2025-12,1,106,1,N3,26.7,351,"$ 59.738,65"
H0280,Resistencia,2025-01,6,71,1,N2,27.7,543,"$ 70.993,00"
H0280,Resistencia,2025-02,6,71,1,N2,27.0,508,"$ 65.933,64"
H0280,Resistencia,2025-03,6,71,1,N2,25.3,397,"$ 45.365,99"
H0280,Resistencia,2025-04,6,71,1,N2,21.6,225,"$ 25.746,03"
H0280,Resistencia,2025-05,6,71,1,N2,18.3,374,"$ 42.826,28"
H0280,Resistencia,2025-06,6,71,1,N2,16.0,690,"$ 112.005,45"
H0280,Resistencia,2025-07,6,71,1,N2,15.1,701,"$ 117.235,73"
H0280,Resistencia,2025-08,6,71,1,N2,16.6,603,"$ 97.975,05"
H0280,Resistencia,2025-09,6,71,1,N2,19.2,309,"$ 37.577,92"
H0280,Resistencia,2025-10,6,71,1,N2,22.7,247,"$ 32.125,56"
H0280,Resistencia,2025-11,6,71,1,N2,24.6,330,"$ 41.699,39"
H0280,Resistencia,2025-12,6,71,1,N2,26.7,718,"$ 136.890,66"
H0281,Resistencia,2025-01,4,99,2,N1,27.7,1303,"$ 253.555,50"
H0281,Resistencia,2025-02,4,99,2,N1,27.0,1096,"$ 219.475,05"
H0281,Resistencia,2025-03,4,99,2,N1,25.3,749,"$ 155.511,94"
H0281,Resistencia,2025-04,4,99,2,N1,21.6,317,"$ 70.775,94"
H0281,Resistencia,2025-05,4,99,2,N1,18.3,577,"$ 127.217,20"
H0281,Resistencia,2025-06,4,99,2,N1,16.0,865,"$ 192.471,21"
H0281,Resistencia,2025-07,4,99,2,N1,15.1,870,"$ 198.387,59"
H0281,Resistencia,2025-08,4,99,2,N1,16.6,741,"$ 174.135,93"
H0281,Resistencia,2025-09,4,99,2,N1,19.2,422,"$ 104.447,59"
H0281,Resistencia,2025-10,4,99,2,N1,22.7,410,"$ 104.203,88"
H0281,Resistencia,2025-11,4,99,2,N1,24.6,790,"$ 199.474,29"
H0281,Resistencia,2025-12,4,99,2,N1,26.7,786,"$ 203.461,34"
H0282,Resistencia,2025-01,4,89,2,N2,27.7,623,"$ 86.233,00"
H0282,Resistencia,2025-02,4,89,2,N2,27.0,738,"$ 110.844,01"
H0282,Resistencia,2025-03,4,89,2,N2,25.3,483,"$ 62.578,38"
H0282,Resistencia,2025-04,4,89,2,N2,21.6,185,"$ 22.190,14"
H0282,Resistencia,2025-05,4,89,2,N2,18.3,244,"$ 28.120,96"
H0282,Resistencia,2025-06,4,89,2,N2,16.0,493,"$ 69.545,40"
H0282,Resistencia,2025-07,4,89,2,N2,15.1,575,"$ 89.399,61"
H0282,Resistencia,2025-08,4,89,2,N2,16.6,554,"$ 86.879,26"
H0282,Resistencia,2025-09,4,89,2,N2,19.2,197,"$ 26.313,06"
H0282,Resistencia,2025-10,4,89,2,N2,22.7,273,"$ 34.806,00"
H0282,Resistencia,2025-11,4,89,2,N2,24.6,585,"$ 101.119,00"
H0282,Resistencia,2025-12,4,89,2,N2,26.7,659,"$ 122.143,46"
H0283,Resistencia,2025-01,3,79,1,N2,27.7,330,"$ 32.575,50"
H0283,Resistencia,2025-02,3,79,1,N2,27.0,325,"$ 32.966,82"
H0283,Resistencia,2025-03,3,79,1,N2,25.3,233,"$ 25.811,91"
H0283,Resistencia,2025-04,3,79,1,N2,21.6,120,"$ 16.411,81"
H0283,Resistencia,2025-05,3,79,1,N2,18.3,198,"$ 23.929,45"
H0283,Resistencia,2025-06,3,79,1,N2,16.0,371,"$ 43.250,34"
H0283,Resistencia,2025-07,3,79,1,N2,15.1,351,"$ 39.913,17"
H0283,Resistencia,2025-08,3,79,1,N2,16.6,296,"$ 35.385,75"
H0283,Resistencia,2025-09,3,79,1,N2,19.2,158,"$ 22.390,47"
H0283,Resistencia,2025-10,3,79,1,N2,22.7,150,"$ 22.125,48"
H0283,Resistencia,2025-11,3,79,1,N2,24.6,201,"$ 28.067,84"
H0283,Resistencia,2025-12,3,79,1,N2,26.7,299,"$ 39.384,18"
H0284,Resistencia,2025-01,5,81,0,N2,27.7,246,"$ 25.641,30"
H0284,Resistencia,2025-02,5,81,0,N2,27.0,251,"$ 26.705,40"
H0284,Resistencia,2025-03,5,81,0,N2,25.3,275,"$ 29.454,53"
H0284,Resistencia,2025-04,5,81,0,N2,21.6,232,"$ 26.368,31"
H0284,Resistencia,2025-05,5,81,0,N2,18.3,439,"$ 56.494,25"
H0284,Resistencia,2025-06,5,81,0,N2,16.0,682,"$ 110.281,19"
H0284,Resistencia,2025-07,5,81,0,N2,15.1,684,"$ 113.480,06"
H0284,Resistencia,2025-08,5,81,0,N2,16.6,728,"$ 126.280,63"
H0284,Resistencia,2025-09,5,81,0,N2,19.2,368,"$ 45.879,57"
H0284,Resistencia,2025-10,5,81,0,N2,22.7,219,"$ 29.238,94"
H0284,Resistencia,2025-11,5,81,0,N2,24.6,240,"$ 32.189,01"
H0284,Resistencia,2025-12,5,81,0,N2,26.7,205,"$ 29.202,78"
H0285,Resistencia,2025-01,3,53,1,N2,27.7,552,"$ 72.707,50"
H0285,Resistencia,2025-02,3,53,1,N2,27.0,502,"$ 64.762,06"
H0285,Resistencia,2025-03,3,53,1,N2,25.3,453,"$ 56.574,06"
H0285,Resistencia,2025-04,3,53,1,N2,21.6,99999,"$ 20.234,40"
H0285,Resistencia,2025-05,3,53,1,N2,18.3,275,"$ 30.945,67"
H0285,Resistencia,2025-06,3,53,1,N2,16.0,426,"$ 55.104,67"
H0285,Resistencia,2025-07,3,53,1,N2,15.1,475,"$ 67.307,45"
H0285,Resistencia,2025-08,3,53,1,N2,16.6,411,"$ 54.497,68"
H0285,Resistencia,2025-09,3,53,1,N2,19.2,259,"$ 32.548,96"
H0285,Resistencia,2025-10,3,53,1,N2,22.7,283,"$ 35.836,93"
H0285,Resistencia,2025-11,3,53,1,N2,24.6,339,"$ 42.650,43"
H0285,Resistencia,2025-12,3,53,1,N2,26.7,508,"$ 84.400,63"
H0286,Resistencia,2025-01,2,103,3,N3,27.7,1362,"$ 238.125,00"
H0286,Resistencia,2025-02,2,103,3,N3,27.0,1065,"$ 186.085,16"
H0286,Resistencia,2025-03,2,103,3,N3,25.3,1040,"$ 185.733,69"
H0286,Resistencia,2025-04,2,103,3,N3,21.6,191,"$ 29.254,06"
H0286,Resistencia,2025-05,2,103,3,N3,18.3,395,"$ 59.508,21"
H0286,Resistencia,2025-06,2,103,3,N3,16.0,436,"$ 69.832,78"
H0286,Resistencia,2025-07,2,103,3,N3,15.1,630,"$ 114.437,39"
H0286,Resistencia,2025-08,2,103,3,N3,16.6,415,"$ 68.612,72"
H0286,Resistencia,2025-09,2,103,3,N3,19.2,263,"$ 43.125,25"
H0286,Resistencia,2025-10,2,103,3,N3,22.7,418,"$ 72.799,97"
H0286,Resistencia,2025-11,2,103,3,N3,24.6,737,"$ 152.410,07"
H0286,Resistencia,2025-12,2,103,3,N3,26.7,1271,"$ 289.694,96"
H0287,Resistencia,2025-01,5,98,0,N2,27.7,277,"$ 28.200,35"
H0287,Resistencia,2025-02,5,98,0,N2,27.0,309,"$ 31.613,00"
H0287,Resistencia,2025-03,5,98,0,N2,25.3,237,"$ 26.158,83"
H0287,Resistencia,2025-04,5,98,0,N2,21.6,207,"$ 24.145,88"
H0287,Resistencia,2025-05,5,98,0,N2,18.3,584,"$ 86.984,32"
H0287,Resistencia,2025-06,5,98,0,N2,16.0,853,"$ 147.137,38"
H0287,Resistencia,2025-07,5,98,0,N2,15.1,985,"$ 179.977,46"
H0287,Resistencia,2025-08,5,98,0,N2,16.6,878,"$ 160.247,32"
H0287,Resistencia,2025-09,5,98,0,N2,19.2,392,"$ 51.450,11"
H0287,Resistencia,2025-10,5,98,0,N2,22.7,234,"$ 30.785,35"
H0287,Resistencia,2025-11,5,98,0,N2,24.6,287,"$ 37.155,54"
H0287,Resistencia,2025-12,5,98,0,N2,26.7,297,"$ 39.167,56"
H0288,Resistencia,2025-01,2,120,1,N1,27.7,524,"$ 105.156,00"
H0288,Resistencia,2025-02,2,120,1,N1,27.0,562,"$ 115.204,88"
H0288,Resistencia,2025-03,2,120,1,N1,25.3,405,"$ 86.662,38"
H0288,Resistencia,2025-04,2,120,1,N1,21.6,274,"$ 61.954,59"
H0288,Resistencia,2025-05,2,120,1,N1,18.3,447,"$ 99.881,27"
H0288,Resistencia,2025-06,2,120,1,N1,16.0,620,"$ 139.665,56"
H0288,Resistencia,2025-07,2,120,1,N1,15.1,672,"$ 154.645,12"
H0288,Resistencia,2025-08,2,120,1,N1,16.6,528,"$ 125.903,22"
H0288,Resistencia,2025-09,2,120,1,N1,19.2,254,"$ 65.453,82"
H0288,Resistencia,2025-10,2,120,1,N1,22.7,312,"$ 80.888,85"
H0288,Resistencia,2025-11,2,120,1,N1,24.6,478,"$ 123.391,19"
H0288,Resistencia,2025-12,2,120,1,N1,26.7,s/l,"$ 154.720,60"
H0289,Resistencia,2025-01,3,59,1,N2,27.7,524,"$ 67.373,50"
H0289,Resistencia,2025-02,3,59,1,N2,27.0,453,"$ 55.194,20"
H0289,Resistencia,2025-03,3,59,1,N2,25.3,317,"$ 33.097,16"
H0289,Resistencia,2025-04,3,59,1,N2,21.6,177,"$ 21.478,96"
H0289,Resistencia,2025-05,3,59,1,N2,18.3,466,"$ 62.171,71"
H0289,Resistencia,2025-06,3,59,1,N2,16.0,487,"$ 68.252,20"
H0289,Resistencia,2025-07,3,59,1,N2,15.1,577,"$ 89.841,45"
H0289,Resistencia,2025-08,3,59,1,N2,16.6,430,"$ 58.800,12"
H0289,Resistencia,2025-09,3,59,1,N2,19.2,237,"$ 30.336,22"
H0289,Resistencia,2025-10,3,59,1,N2,22.7,276,"$ 35.115,28"
H0289,Resistencia,2025-11,3,59,1,N2,24.6,338,"$ 42.544,76"
H0289,Resistencia,2025-12,3,59,1,N2,26.7,524,"$ 88.399,87"
H0290,Resistencia,2025-01,3,50,1,N2,27.7,352,"$ 34.607,50"
H0290,Resistencia,2025-02,3,50,1,N2,27.0,322,"$ 32.712,98"
H0290,Resistencia,2025-03,3,50,1,N2,25.3,332,"$ 34.398,09"
H0290,Resistencia,2025-04,3,50,1,N2,21.6,143,"$ 18.456,45"
H0290,Resistencia,2025-05,3,50,1,N2,18.3,212,"$ 25.205,13"
H0290,Resistencia,2025-06,3,50,1,N2,16.0,458,"$ 62.001,74"
H0290,Resistencia,2025-07,3,50,1,N2,15.1,442,"$ 60.017,03"
H0290,Resistencia,2025-08,3,50,1,N2,16.6,320,"$ 37.740,77"
H0290,Resistencia,2025-09,3,50,1,N2,19.2,186,"$ 25.206,68"
H0290,Resistencia,2025-10,3,50,1,N2,22.7,142,"$ 21.300,73"
H0290,Resistencia,2025-11,3,50,1,N2,24.6,252,"$ 33.457,06"
H0290,Resistencia,2025-12,3,50,1,N2,26.7,365,"$ 48.657,42"
H0291,Resistencia,2025-01,2,75,0,N2,27.7,120,"$ 15.240,00"
H0291,Resistencia,2025-02,2,75,0,N2,27.0,145,"$ 17.736,34"
H0291,Resistencia,2025-03,2,75,0,N2,25.3,114,"$ 15.491,15"
H0291,Resistencia,2025-04,2,75,0,N2,21.6,135,"$ 17.745,27"
H0291,Resistencia,2025-05,2,75,0,N2,18.3,219,"$ 25.842,96"
H0291,Resistencia,2025-06,2,75,0,N2,16.0,334,"$ 37.229,78"
H0291,Resistencia,2025-07,2,75,0,N2,15.1,364,"$ 42.785,15"
H0291,Resistencia,2025-08,2,75,0,N2,16.6,322,"$ 37.937,02"
H0291,Resistencia,2025-09,2,75,0,N2,19.2,177,"$ 24.301,47"
H0291,Resistencia,2025-10,2,75,0,N2,22.7,116,"$ 18.620,30"
H0291,Resistencia,2025-11,2,75,0,N2,24.6,143,"$ 21.938,92"
H0291,Resistencia,2025-12,2,75,0,N2,26.7,155,"$ 23.787,15"
H0292,Resistencia,2025-01,4,102,3,N1,27.7,1175,"$ 229.171,50"
H0292,Resistencia,2025-02,4,102,3,N1,27.0,911,"$ 183.351,49"
H0292,Resistencia,2025-03,4,102,3,N1,25.3,994,"$ 204.547,23"
H0292,Resistencia,2025-04,4,102,3,N1,21.6,307,"$ 68.724,47"
H0292,Resistencia,2025-05,4,102,3,N1,18.3,356,"$ 80.746,12"
H0292,Resistencia,2025-06,4,102,3,N1,16.0,763,"$ 170.486,81"
H0292,Resistencia,2025-07,4,102,3,N1,15.1,633,"$ 146.029,18"
H0292,Resistencia,2025-08,4,102,3,N1,16.6,653,"$ 154.208,80"
H0292,Resistencia,2025-09,4,102,3,N1,19.2,368,"$ 91.913,88"
H0292,Resistencia,2025-10,4,102,3,N1,22.7,540,"$ 135.131,97"
H0292,Resistencia,2025-11,4,102,3,N1,24.6,791,"$ 199.718,15"
H0292,Resistencia,2025-12,4,102,3,N1,26.7,1413,"$ 360.181,56"
H0293,Resistencia,2025-01,6,94,0,N2,27.7,208,"$ 22.504,40"
H0293,Resistencia,2025-02,6,94,0,N2,27.0,250,"$ 26.620,79"
H0293,Resistencia,2025-03,6,94,0,N2,25.3,99999,"$ 26.852,66"
H0293,Resistencia,2025-04,6,94,0,N2,21.6,225,"$ 25.746,03"
H0293,Resistencia,2025-05,6,94,0,N2,18.3,380,"$ 44.087,94"
H0293,Resistencia,2025-06,6,94,0,N2,16.0,525,"$ 76.442,46"
H0293,Resistencia,2025-07,6,94,0,N2,15.1,730,"$ 123.642,45"
H0293,Resistencia,2025-08,6,94,0,N2,16.6,449,"$ 63.102,57"
H0293,Resistencia,2025-09,6,94,0,N2,19.2,299,"$ 36.572,13"
H0293,Resistencia,2025-10,6,94,0,N2,22.7,168,"$ 23.981,17"
H0293,Resistencia,2025-11,6,94,0,N2,24.6,254,"$ 33.668,40"
H0293,Resistencia,2025-12,6,94,0,N2,26.7,215,"$ 30.285,91"
H0294,Resistencia,2025-01,4,53,1,N2,27.7,676,"$ 96.329,50"
H0294,Resistencia,2025-02,4,53,1,N2,27.0,601,"$ 84.093,05"
H0294,Resistencia,2025-03,4,53,1,N2,25.3,518,"$ 69.583,42"
H0294,Resistencia,2025-04,4,53,1,N2,21.6,246,"$ 27.612,88"
H0294,Resistencia,2025-05,4,53,1,N2,18.3,520,"$ 73.526,63"
H0294,Resistencia,2025-06,4,53,1,N2,16.0,794,"$ 134.420,91"
H0294,Resistencia,2025-07,4,53,1,N2,15.1,729,"$ 123.421,53"
H0294,Resistencia,2025-08,4,53,1,N2,16.6,494,"$ 73.292,58"
H0294,Resistencia,2025-09,4,53,1,N2,19.2,398,"$ 52.842,74"
H0294,Resistencia,2025-10,4,53,1,N2,22.7,s/l,"$ 40.991,62"
H0294,Resistencia,2025-11,4,53,1,N2,24.6,429,"$ 63.077,45"
H0294,Resistencia,2025-12,4,53,1,N2,26.7,652,"$ 120.393,79"
H0295,Resistencia,2025-01,3,146,2,N3,27.7,844,"$ 139.446,00"
H0295,Resistencia,2025-02,3,146,2,N3,27.0,937,"$ 161.091,56"
H0295,Resistencia,2025-03,3,146,2,N3,25.3,848,"$ 147.306,03"
H0295,Resistencia,2025-04,3,146,2,N3,21.6,275,"$ 39.593,50"
H0295,Resistencia,2025-05,3,146,2,N3,18.3,402,"$ 60.980,14"
H0295,Resistencia,2025-06,3,146,2,N3,16.0,692,"$ 125.009,29"
H0295,Resistencia,2025-07,3,146,2,N3,15.1,817,"$ 155.749,73"
H0295,Resistencia,2025-08,3,146,2,N3,16.6,654,"$ 122.732,99"
H0295,Resistencia,2025-09,3,146,2,N3,19.2,434,"$ 74.738,05"
H0295,Resistencia,2025-10,3,146,2,N3,22.7,475,"$ 86.360,75"
H0295,Resistencia,2025-11,3,146,2,N3,24.6,666,"$ 135.096,28"
H0295,Resistencia,2025-12,3,146,2,N3,26.7,1017,"$ 226.207,02"
H0296,Resistencia,2025-01,3,143,1,N1,27.7,511,"$ 102.679,50"
H0296,Resistencia,2025-02,3,143,1,N1,27.0,539,"$ 110.713,84"
H0296,Resistencia,2025-03,3,143,1,N1,25.3,417,"$ 89.064,11"
H0296,Resistencia,2025-04,3,143,1,N1,21.6,276,"$ 62.364,89"
H0296,Resistencia,2025-05,3,143,1,N1,18.3,363,"$ 82.218,06"
H0296,Resistencia,2025-06,3,143,1,N1,16.0,508,"$ 115.525,83"
H0296,Resistencia,2025-07,3,143,1,N1,15.1,580,"$ 134.320,33"
H0296,Resistencia,2025-08,3,143,1,N1,16.6,406,"$ 98.276,97"
H0296,Resistencia,2025-09,3,143,1,N1,19.2,s/l,"$ 62.436,45"
H0296,Resistencia,2025-10,3,143,1,N1,22.7,-,"$ 69.707,16"
H0296,Resistencia,2025-11,3,143,1,N1,24.6,390,"$ 101.931,85"
H0296,Resistencia,2025-12,3,143,1,N1,26.7,408,"$ 108.979,29"
H0297,Resistencia,2025-01,2,119,4,N1,27.7,1102,"$ 215.265,00"
H0297,Resistencia,2025-02,2,119,4,N1,27.0,1205,"$ 240.758,66"
H0297,Resistencia,2025-03,2,119,4,N1,25.3,732,"$ 152.109,49"
H0297,Resistencia,2025-04,2,119,4,N1,21.6,224,"$ 51.697,21"
H0297,Resistencia,2025-05,2,119,4,N1,18.3,279,"$ 64.554,84"
H0297,Resistencia,2025-06,2,119,4,N1,16.0,359,"$ 83.411,37"
H0297,Resistencia,2025-07,2,119,4,N1,15.1,378,"$ 89.694,17"
H0297,Resistencia,2025-08,2,119,4,N1,16.6,315,"$ 77.670,51"
H0297,Resistencia,2025-09,2,119,4,N1,19.2,203,"$ 53.616,43"
H0297,Resistencia,2025-10,2,119,4,N1,22.7,347,"$ 89.215,65"
H0297,Resistencia,2025-11,2,119,4,N1,24.6,657,"$ 167.041,43"
H0297,Resistencia,2025-12,2,119,4,N1,26.7,934,"$ 240.454,31"
H0298,Resistencia,2025-01,2,55,0,N2,27.7,124,"$ 15.570,20"
H0298,Resistencia,2025-02,2,55,0,N2,27.0,98,"$ 13.759,50"
H0298,Resistencia,2025-03,2,55,0,N2,25.3,107,"$ 14.884,05"
H0298,Resistencia,2025-04,2,55,0,N2,21.6,134,"$ 17.656,38"
H0298,Resistencia,2025-05,2,55,0,N2,18.3,180,"$ 22.289,29"
H0298,Resistencia,2025-06,2,55,0,N2,16.0,248,"$ 29.197,57"
H0298,Resistencia,2025-07,2,55,0,N2,15.1,332,"$ 37.969,06"
H0298,Resistencia,2025-08,2,55,0,N2,16.6,219,"$ 27.830,05"
H0298,Resistencia,2025-09,2,55,0,N2,19.2,142,"$ 20.781,20"
H0298,Resistencia,2025-10,2,55,0,N2,22.7,109,"$ 17.898,64"
H0298,Resistencia,2025-11,2,55,0,N2,24.6,98,"$ 17.183,73"
H0298,Resistencia,2025-12,2,55,0,N2,26.7,109,"$ 18.804,76"
H0299,Resistencia,2025-01,2,74,1,N2,27.7,630,"$ 87.566,50"
H0299,Resistencia,2025-02,2,74,1,N2,27.0,593,"$ 82.530,95"
H0299,Resistencia,2025-03,2,74,1,N2,25.3,448,"$ 55.573,33"
H0299,Resistencia,2025-04,2,74,1,N2,21.6,205,"$ 23.968,09"
H0299,Resistencia,2025-05,2,74,1,N2,18.3,326,"$ 35.592,78"
H0299,Resistencia,2025-06,2,74,1,N2,16.0,834,"$ 143.042,24"
H0299,Resistencia,2025-07,2,74,1,N2,15.1,925,"$ 166.722,16"
H0299,Resistencia,2025-08,2,74,1,N2,16.6,523,"$ 79.859,47"
H0299,Resistencia,2025-09,2,74,1,N2,19.2,301,"$ 36.773,29"
H0299,Resistencia,2025-10,2,74,1,N2,22.7,284,"$ 35.940,03"
H0299,Resistencia,2025-11,2,74,1,N2,24.6,368,"$ 48.202,22"
H0299,Resistencia,2025-12,2,74,1,N2,26.7,550,"$ 94.898,64"
H0300,Resistencia,2025-01,3,80,1,N3,27.7,822,"$ 135.255,00"
H0300,Resistencia,2025-02,3,80,1,N3,27.0,531,"$ 81.814,99"
H0300,Resistencia,2025-03,3,80,1,N3,25.3,334,"$ 45.712,90"
H0300,Resistencia,2025-04,3,80,1,N3,21.6,213,"$ 31.962,01"
H0300,Resistencia,2025-05,3,80,1,N3,18.3,333,"$ 47.900,95"
H0300,Resistencia,2025-06,3,80,1,N3,16.0,643,"$ 114.448,16"
H0300,Resistencia,2025-07,3,80,1,N3,15.1,597,"$ 107.146,97"
H0300,Resistencia,2025-08,3,80,1,N3,16.6,422,"$ 70.197,84"
H0300,Resistencia,2025-09,3,80,1,N3,19.2,235,"$ 39.225,87"
H0300,Resistencia,2025-10,3,80,1,N3,22.7,237,"$ 40.492,01"
H0300,Resistencia,2025-11,3,80,1,N3,24.6,399,"$ 69.986,70"
H0300,Resistencia,2025-12,3,80,1,N3,26.7,415,"$ 75.735,61"
H0301,Resistencia,2025-01,6,133,2,N3,27.7,880,"$ 146.304,00"
H0301,Resistencia,2025-02,6,133,2,N3,27.0,903,"$ 154.452,64"
H0301,Resistencia,2025-03,6,133,2,N3,25.3,853,"$ 148.306,75"
H0301,Resistencia,2025-04,6,133,2,N3,21.6,336,"$ 47.101,90"
H0301,Resistencia,2025-05,6,133,2,N3,18.3,555,"$ 93.152,43"
H0301,Resistencia,2025-06,6,133,2,N3,16.0,927,"$ 175.659,61"
H0301,Resistencia,2025-07,6,133,2,N3,15.1,1182,"$ 236.386,11"
H0301,Resistencia,2025-08,6,133,2,N3,16.6,874,"$ 172.550,81"
H0301,Resistencia,2025-09,6,133,2,N3,19.2,496,"$ 89.128,61"
H0301,Resistencia,2025-10,6,133,2,N3,22.7,503,"$ 93.022,18"
H0301,Resistencia,2025-11,6,133,2,N3,24.6,640,"$ 128.756,02"
H0301,Resistencia,2025-12,6,133,2,N3,26.7,790,"$ 169.467,80"
H0302,Resistencia,2025-01,5,85,0,N3,27.7,258,"$ 34.823,40"
H0302,Resistencia,2025-02,5,85,0,N3,27.0,277,"$ 37.919,98"
H0302,Resistencia,2025-03,5,85,0,N3,25.3,252,"$ 35.865,82"
H0302,Resistencia,2025-04,5,85,0,N3,21.6,224,"$ 33.315,98"
H0302,Resistencia,2025-05,5,85,0,N3,18.3,,"$ 69.391,20"
H0302,Resistencia,2025-06,5,85,0,N3,16.0,669,"$ 120.052,03"
H0302,Resistencia,2025-07,5,85,0,N3,15.1,783,"$ 148.238,39"
H0302,Resistencia,2025-08,5,85,0,N3,16.6,s/l,"$ 118.656,99"
H0302,Resistencia,2025-09,5,85,0,N3,19.2,-,"$ 65.918,03"
H0302,Resistencia,2025-10,5,85,0,N3,22.7,224,"$ 38.636,32"
H0302,Resistencia,2025-11,5,85,0,N3,24.6,206,"$ 36.968,59"
H0302,Resistencia,2025-12,5,85,0,N3,26.7,284,"$ 49.590,58"
H0303,Resistencia,2025-01,5,160,4,N1,27.7,1773,"$ 343.090,50"
H0303,Resistencia,2025-02,5,160,4,N1,27.0,1441,"$ 286.840,61"
H0303,Resistencia,2025-03,5,160,4,N1,25.3,1056,"$ 216.956,16"
H0303,Resistencia,2025-04,5,160,4,N1,21.6,316,"$ 70.570,80"
H0303,Resistencia,2025-05,5,160,4,N1,18.3,577,"$ 127.217,20"
H0303,Resistencia,2025-06,5,160,4,N1,16.0,704,"$ 157.770,35"
H0303,Resistencia,2025-07,5,160,4,N1,15.1,800,"$ 182.923,08"
H0303,Resistencia,2025-08,5,160,4,N1,16.6,559,"$ 132.923,00"
H0303,Resistencia,2025-09,5,160,4,N1,19.2,395,"$ 98.180,73"
H0303,Resistencia,2025-10,5,160,4,N1,22.7,616,"$ 153.213,01"
H0303,Resistencia,2025-11,5,160,4,N1,24.6,1191,"$ 297.260,59"
H0303,Resistencia,2025-12,5,160,4,N1,26.7,1555,"$ 395.674,82"
H0304,Resistencia,2025-01,3,90,1,N2,27.7,369,"$ 37.846,00"
H0304,Resistencia,2025-02,3,90,1,N2,27.0,312,"$ 31.866,84"
H0304,Resistencia,2025-03,3,90,1,N2,25.3,311,"$ 32.576,78"
H0304,Resistencia,2025-04,3,90,1,N2,21.6,179,"$ 21.656,76"
H0304,Resistencia,2025-05,3,90,1,N2,18.3,216,"$ 25.569,60"
H0304,Resistencia,2025-06,3,90,1,N2,16.0,383,"$ 45.836,74"
H0304,Resistencia,2025-07,3,90,1,N2,15.1,364,"$ 42.785,15"
H0304,Resistencia,2025-08,3,90,1,N2,16.6,443,"$ 61.743,90"
H0304,Resistencia,2025-09,3,90,1,N2,19.2,184,"$ 25.005,53"
H0304,Resistencia,2025-10,3,90,1,N2,22.7,178,"$ 25.012,10"
H0304,Resistencia,2025-11,3,90,1,N2,24.6,296,"$ 38.106,58"
H0304,Resistencia,2025-12,3,90,1,N2,26.7,322,"$ 41.875,38"
H0305,Resistencia,2025-01,4,79,0,N1,27.7,148,"$ 33.528,00"
H0305,Resistencia,2025-02,4,79,0,N1,27.0,173,"$ 39.247,76"
H0305,Resistencia,2025-03,4,79,0,N1,25.3,201,"$ 45.832,99"
H0305,Resistencia,2025-04,4,79,0,N1,21.6,163,"$ 39.183,20"
H0305,Resistencia,2025-05,4,79,0,N1,18.3,290,"$ 66.867,88"
H0305,Resistencia,2025-06,4,79,0,N1,16.0,397,"$ 91.601,64"
H0305,Resistencia,2025-07,4,79,0,N1,15.1,632,"$ 145.808,25"
H0305,Resistencia,2025-08,4,79,0,N1,16.6,440,"$ 105.976,09"
H0305,Resistencia,2025-09,4,79,0,N1,19.2,217,"$ 56.865,91"
H0305,Resistencia,2025-10,4,79,0,N1,22.7,201,"$ 54.481,02"
H0305,Resistencia,2025-11,4,79,0,N1,24.6,146,"$ 42.430,96"
H0305,Resistencia,2025-12,4,79,0,N1,26.7,204,"$ 57.988,98"
H0306,Resistencia,2025-01,3,90,1,N3,27.7,398,"$ 54.483,00"
H0306,Resistencia,2025-02,3,90,1,N3,27.0,472,"$ 70.294,50"
H0306,Resistencia,2025-03,3,90,1,N3,25.3,301,"$ 41.750,05"
H0306,Resistencia,2025-04,3,90,1,N3,21.6,s/l,"$ 24.207,42"
H0306,Resistencia,2025-05,3,90,1,N3,18.3,324,"$ 46.765,46"
H0306,Resistencia,2025-06,3,90,1,N3,16.0,496,"$ 82.764,77"
H0306,Resistencia,2025-07,3,90,1,N3,15.1,632,"$ 114.879,23"
H0306,Resistencia,2025-08,3,90,1,N3,16.6,414,"$ 68.386,28"
H0306,Resistencia,2025-09,3,90,1,N3,19.2,223,"$ 37.554,71"
H0306,Resistencia,2025-10,3,90,1,N3,22.7,228,"$ 39.207,30"
H0306,Resistencia,2025-11,3,90,1,N3,24.6,258,"$ 44.576,90"
H0306,Resistencia,2025-12,3,90,1,N3,26.7,376,"$ 65.987,46"
H0307,Resistencia,2025-01,2,69,1,N2,27.7,99999,"$ 37.655,50"
H0307,Resistencia,2025-02,2,69,1,N2,27.0,361,"$ 37.230,05"
H0307,Resistencia,2025-03,2,69,1,N2,25.3,276,"$ 29.541,26"
H0307,Resistencia,2025-04,2,69,1,N2,21.6,121,"$ 16.500,71"
H0307,Resistencia,2025-05,2,69,1,N2,18.3,195,"$ 23.656,09"
H0307,Resistencia,2025-06,2,69,1,N2,16.0,226,"$ 27.142,82"
H0307,Resistencia,2025-07,2,69,1,N2,15.1,299,"$ 34.809,88"
H0307,Resistencia,2025-08,2,69,1,N2,16.6,246,"$ 30.479,45"
H0307,Resistencia,2025-09,2,69,1,N2,19.2,160,"$ 22.591,63"
H0307,Resistencia,2025-10,2,69,1,N2,22.7,163,"$ 23.465,70"
H0307,Resistencia,2025-11,2,69,1,N2,24.6,238,"$ 31.977,66"
H0307,Resistencia,2025-12,2,69,1,N2,26.7,286,"$ 37.976,12"
H0308,Resistencia,2025-01,6,102,1,N2,27.7,633,"$ 88.138,00"
H0308,Resistencia,2025-02,6,102,1,N2,27.0,509,"$ 66.128,90"
H0308,Resistencia,2025-03,6,102,1,N2,25.3,546,"$ 75.187,45"
H0308,Resistencia,2025-04,6,102,1,N2,21.6,309,"$ 33.213,41"
H0308,Resistencia,2025-05,6,102,1,N2,18.3,466,"$ 62.171,71"
H0308,Resistencia,2025-06,6,102,1,N2,16.0,870,"$ 150.801,44"
H0308,Resistencia,2025-07,6,102,1,N2,15.1,1196,"$ 226.591,92"
H0308,Resistencia,2025-08,6,102,1,N2,16.6,784,"$ 138.961,53"
H0308,Resistencia,2025-09,6,102,1,N2,19.2,449,"$ 64.680,14"
H0308,Resistencia,2025-10,6,102,1,N2,22.7,330,"$ 40.682,34"
H0308,Resistencia,2025-11,6,102,1,N2,24.6,480,"$ 75.514,11"
H0308,Resistencia,2025-12,6,102,1,N2,26.7,416,"$ 61.405,00"
H0309,Resistencia,2025-01,7,98,2,N2,27.7,1405,"$ 235.204,00"
H0309,Resistencia,2025-02,7,98,2,N2,27.0,963,"$ 154.778,08"
H0309,Resistencia,2025-03,7,98,2,N2,25.3,859,"$ 137.832,54"
H0309,Resistencia,2025-04,7,98,2,N2,21.6,417,"$ 50.603,09"
H0309,Resistencia,2025-05,7,98,2,N2,18.3,846,"$ 142.076,72"
H0309,Resistencia,2025-06,7,98,2,N2,16.0,s/l,"$ 197.356,63"
H0309,Resistencia,2025-07,7,98,2,N2,15.1,1450,"$ 282.706,00"
H0309,Resistencia,2025-08,7,98,2,N2,16.6,1039,"$ 196.704,91"
H0309,Resistencia,2025-09,7,98,2,N2,19.2,722,"$ 128.045,01"
H0309,Resistencia,2025-10,7,98,2,N2,22.7,490,"$ 76.051,38"
H0309,Resistencia,2025-11,7,98,2,N2,24.6,1127,"$ 233.289,01"
H0309,Resistencia,2025-12,7,98,2,N2,26.7,1150,"$ 244.870,14"
H0310,Resistencia,2025-01,5,74,1,N2,27.7,563,"$ 74.803,00"
H0310,Resistencia,2025-02,5,74,1,N2,27.0,506,"$ 65.543,11"
H0310,Resistencia,2025-03,5,74,1,N2,25.3,389,"$ 43.764,83"
H0310,Resistencia,2025-04,5,74,1,N2,21.6,226,"$ 25.834,93"
H0310,Resistencia,2025-05,5,74,1,N2,18.3,367,"$ 41.354,35"
H0310,Resistencia,2025-06,5,74,1,N2,16.0,,"$ 113.298,65"
H0310,Resistencia,2025-07,5,74,1,N2,15.1,809,"$ 141.095,26"
H0310,Resistencia,2025-08,5,74,1,N2,16.6,520,"$ 79.180,14"
H0310,Resistencia,2025-09,5,74,1,N2,19.2,323,"$ 38.986,03"
H0310,Resistencia,2025-10,5,74,1,N2,22.7,306,"$ 38.208,09"
H0310,Resistencia,2025-11,5,74,1,N2,24.6,356,"$ 45.275,95"
H0310,Resistencia,2025-12,5,74,1,N2,26.7,579,"$ 102.147,26"
H0311,Resistencia,2025-01,4,153,4,N1,27.7,1528,"$ 296.418,00"
H0311,Resistencia,2025-02,4,153,4,N1,27.0,1237,"$ 247.007,06"
H0311,Resistencia,2025-03,4,153,4,N1,25.3,1037,"$ 213.153,43"
H0311,Resistencia,2025-04,4,153,4,N1,21.6,222,"$ 51.286,92"
H0311,Resistencia,2025-05,4,153,4,N1,18.3,409,"$ 91.890,77"
H0311,Resistencia,2025-06,4,153,4,N1,16.0,848,"$ 188.807,14"
H0311,Resistencia,2025-07,4,153,4,N1,15.1,784,"$ 179.388,34"
H0311,Resistencia,2025-08,4,153,4,N1,16.6,634,"$ 149.906,35"
H0311,Resistencia,2025-09,4,153,4,N1,19.2,323,"$ 81.469,12"
H0311,Resistencia,2025-10,4,153,4,N1,22.7,438,"$ 110.865,31"
H0311,Resistencia,2025-11,4,153,4,N1,24.6,783,"$ 197.767,30"
H0311,Resistencia,2025-12,4,153,4,N1,26.7,1721,"$ 437.166,94"
H0312,Resistencia,2025-01,3,93,3,N3,27.7,1324,"$ 230.886,00"
H0312,Resistencia,2025-02,3,93,3,N3,27.0,1242,"$ 220.646,62"
H0312,Resistencia,2025-03,3,93,3,N3,25.3,875,"$ 152.709,92"
H0312,Resistencia,2025-04,3,93,3,N3,21.6,228,"$ 33.808,34"
H0312,Resistencia,2025-05,3,93,3,N3,18.3,360,"$ 52.148,54"
H0312,Resistencia,2025-06,3,93,3,N3,16.0,643,"$ 114.448,16"
H0312,Resistencia,2025-07,3,93,3,N3,15.1,519,"$ 89.915,09"
H0312,Resistencia,2025-08,3,93,3,N3,16.6,483,"$ 84.010,96"
H0312,Resistencia,2025-09,3,93,3,N3,19.2,346,"$ 54.684,12"
H0312,Resistencia,2025-10,3,93,3,N3,22.7,401,"$ 68.755,53"
H0312,Resistencia,2025-11,3,93,3,N3,24.6,955,"$ 205.570,70"
H0312,Resistencia,2025-12,3,93,3,N3,26.7,1146,"$ 258.450,89"
H0313,Resistencia,2025-01,3,66,1,N2,27.7,s/l,"$ 44.323,00"
H0313,Resistencia,2025-02,3,66,1,N2,27.0,498,"$ 63.981,01"
H0313,Resistencia,2025-03,3,66,1,N2,25.3,296,"$ 31.275,85"
H0313,Resistencia,2025-04,3,66,1,N2,21.6,180,"$ 21.745,65"
H0313,Resistencia,2025-05,3,66,1,N2,18.3,337,"$ 36.595,10"
H0313,Resistencia,2025-06,3,66,1,N2,16.0,540,"$ 79.675,46"
H0313,Resistencia,2025-07,3,66,1,N2,15.1,573,"$ 88.957,76"
H0313,Resistencia,2025-08,3,66,1,N2,16.6,539,"$ 83.482,59"
H0313,Resistencia,2025-09,3,66,1,N2,19.2,222,"$ 28.827,53"
H0313,Resistencia,2025-10,3,66,1,N2,22.7,276,"$ 35.115,28"
H0313,Resistencia,2025-11,3,66,1,N2,24.6,305,"$ 39.057,62"
H0313,Resistencia,2025-12,3,66,1,N2,26.7,447,"$ 69.153,53"
H0314,Resistencia,2025-01,3,52,1,N2,27.7,480,"$ 58.991,50"
H0314,Resistencia,2025-02,3,52,1,N2,27.0,429,"$ 50.507,90"
H0314,Resistencia,2025-03,3,52,1,N2,25.3,354,"$ 36.759,79"
H0314,Resistencia,2025-04,3,52,1,N2,21.6,148,"$ 18.900,94"
H0314,Resistencia,2025-05,3,52,1,N2,18.3,325,"$ 35.501,66"
H0314,Resistencia,2025-06,3,52,1,N2,16.0,446,"$ 59.415,34"
H0314,Resistencia,2025-07,3,52,1,N2,15.1,644,"$ 104.643,20"
H0314,Resistencia,2025-08,3,52,1,N2,16.6,578,"$ 92.313,93"
H0314,Resistencia,2025-09,3,52,1,N2,19.2,243,"$ 30.939,70"
H0314,Resistencia,2025-10,3,52,1,N2,22.7,283,"$ 35.836,93"
H0314,Resistencia,2025-11,3,52,1,N2,24.6,314,"$ 40.008,66"
H0314,Resistencia,2025-12,3,52,1,N2,26.7,463,"$ 73.152,77"
H0315,Resistencia,2025-01,2,65,2,N2,27.7,661,"$ 93.472,00"
H0315,Resistencia,2025-02,2,65,2,N2,27.0,665,"$ 96.589,85"
H0315,Resistencia,2025-03,2,65,2,N2,25.3,603,"$ 86.595,66"
H0315,Resistencia,2025-04,2,65,2,N2,21.6,132,"$ 17.478,58"
H0315,Resistencia,2025-05,2,65,2,N2,18.3,224,"$ 26.298,56"
H0315,Resistencia,2025-06,2,65,2,N2,16.0,469,"$ 64.372,60"
H0315,Resistencia,2025-07,2,65,2,N2,15.1,99999,"$ 94.701,72"
H0315,Resistencia,2025-08,2,65,2,N2,16.6,386,"$ 48.836,56"
H0315,Resistencia,2025-09,2,65,2,N2,19.2,213,"$ 27.922,32"
H0315,Resistencia,2025-10,2,65,2,N2,22.7,264,"$ 33.878,16"
H0315,Resistencia,2025-11,2,65,2,N2,24.6,449,"$ 67.954,57"
H0315,Resistencia,2025-12,2,65,2,N2,26.7,491,"$ 80.151,44"
H0316,Resistencia,2025-01,2,90,2,N3,27.7,1153,"$ 198.310,50"
H0316,Resistencia,2025-02,2,90,2,N3,27.0,1158,"$ 204.244,58"
H0316,Resistencia,2025-03,2,90,2,N3,25.3,595,"$ 96.669,58"
H0316,Resistencia,2025-04,2,90,2,N3,21.6,192,"$ 29.377,15"
H0316,Resistencia,2025-05,2,90,2,N3,18.3,331,"$ 47.648,62"
H0316,Resistencia,2025-06,2,90,2,N3,16.0,502,"$ 84.057,97"
H0316,Resistencia,2025-07,2,90,2,N3,15.1,595,"$ 106.705,13"
H0316,Resistencia,2025-08,2,90,2,N3,16.6,499,"$ 87.634,07"
H0316,Resistencia,2025-09,2,90,2,N3,19.2,254,"$ 41.871,88"
H0316,Resistencia,2025-10,2,90,2,N3,22.7,387,"$ 65.424,81"
H0316,Resistencia,2025-11,2,90,2,N3,24.6,99999,"$ 97.542,44"
H0316,Resistencia,2025-12,2,90,2,N3,26.7,904,"$ 197.962,39"
H0317,Resistencia,2025-01,1,79,2,N1,27.7,829,"$ 163.258,50"
H0317,Resistencia,2025-02,1,79,2,N1,27.0,727,"$ 147.423,19"
H0317,Resistencia,2025-03,1,79,2,N1,25.3,552,"$ 116.083,56"
H0317,Resistencia,2025-04,1,79,2,N1,21.6,143,"$ 35.080,25"
H0317,Resistencia,2025-05,1,79,2,N1,18.3,178,"$ 43.316,93"
H0317,Resistencia,2025-06,1,79,2,N1,16.0,266,"$ 63.366,78"
H0317,Resistencia,2025-07,1,79,2,N1,15.1,264,"$ 64.509,11"
H0317,Resistencia,2025-08,1,79,2,N1,16.6,307,"$ 75.858,95"
H0317,Resistencia,2025-09,1,79,2,N1,19.2,133,"$ 37.369,03"
H0317,Resistencia,2025-10,1,79,2,N1,22.7,261,"$ 68.755,53"
H0317,Resistencia,2025-11,1,79,2,N1,24.6,406,"$ 105.833,55"
H0317,Resistencia,2025-12,1,79,2,N1,26.7,707,"$ 183.715,09"
H0318,Resistencia,2025-01,4,135,3,N1,27.7,1119,"$ 218.503,50"
H0318,Resistencia,2025-02,4,135,3,N1,27.0,1426,"$ 283.911,67"
H0318,Resistencia,2025-03,4,135,3,N1,25.3,877,"$ 181.130,38"
H0318,Resistencia,2025-04,4,135,3,N1,21.6,276,"$ 62.364,89"
H0318,Resistencia,2025-05,4,135,3,N1,18.3,390,"$ 87.895,52"
H0318,Resistencia,2025-06,4,135,3,N1,16.0,590,"$ 133.199,56"
H0318,Resistencia,2025-07,4,135,3,N1,15.1,645,"$ 148.680,23"
H0318,Resistencia,2025-08,4,135,3,N1,16.6,632,"$ 149.453,46"
H0318,Resistencia,2025-09,4,135,3,N1,19.2,286,"$ 72.881,21"
H0318,Resistencia,2025-10,4,135,3,N1,22.7,449,"$ 113.482,30"
H0318,Resistencia,2025-11,4,135,3,N1,24.6,666,"$ 169.236,14"
H0318,Resistencia,2025-12,4,135,3,N1,26.7,1048,"$ 268.948,90"
H0319,Resistencia,2025-01,4,72,1,N2,27.7,356,"$ 35.369,50"
H0319,Resistencia,2025-02,4,72,1,N2,27.0,373,"$ 39.573,20"
H0319,Resistencia,2025-03,4,72,1,N2,25.3,264,"$ 28.500,51"
H0319,Resistencia,2025-04,4,72,1,N2,21.6,159,"$ 19.878,81"
H0319,Resistencia,2025-05,4,72,1,N2,18.3,254,"$ 29.032,16"
H0319,Resistencia,2025-06,4,72,1,N2,16.0,387,"$ 46.698,87"
H0319,Resistencia,2025-07,4,72,1,N2,15.1,461,"$ 64.214,54"
H0319,Resistencia,2025-08,4,72,1,N2,16.6,406,"$ 53.365,45"
H0319,Resistencia,2025-09,4,72,1,N2,19.2,175,"$ 24.100,31"
H0319,Resistencia,2025-10,4,72,1,N2,22.7,189,"$ 26.146,13"
H0319,Resistencia,2025-11,4,72,1,N2,24.6,193,"$ 27.222,47"
H0319,Resistencia,2025-12,4,72,1,N2,26.7,436,"$ 66.404,05"
H0320,Resistencia,2025-01,5,129,2,N3,27.7,957,"$ 160.972,50"
H0320,Resistencia,2025-02,5,129,2,N3,27.0,830,"$ 140.198,48"
H0320,Resistencia,2025-03,5,129,2,N3,25.3,643,"$ 106.276,50"
H0320,Resistencia,2025-04,5,129,2,N3,21.6,255,"$ 37.131,73"
H0320,Resistencia,2025-05,5,129,2,N3,18.3,477,"$ 76.750,87"
H0320,Resistencia,2025-06,5,129,2,N3,16.0,602,"$ 105.611,30"
H0320,Resistencia,2025-07,5,129,2,N3,15.1,669,"$ 123.053,33"
H0320,Resistencia,2025-08,5,129,2,N3,16.6,533,"$ 95.333,19"
H0320,Resistencia,2025-09,5,129,2,N3,19.2,375,"$ 61.043,81"
H0320,Resistencia,2025-10,5,129,2,N3,22.7,370,"$ 61.380,37"
H0320,Resistencia,2025-11,5,129,2,N3,24.6,604,"$ 119.977,20"
H0320,Resistencia,2025-12,5,129,2,N3,26.7,793,"$ 170.217,66"
H0321,Resistencia,2025-01,2,96,2,N1,27.7,959,"$ 188.023,50"
H0321,Resistencia,2025-02,2,96,2,N1,27.0,569,"$ 116.571,71"
H0321,Resistencia,2025-03,2,96,2,N1,25.3,472,"$ 100.072,03"
H0321,Resistencia,2025-04,2,96,2,N1,21.6,153,"$ 37.131,73"
H0321,Resistencia,2025-05,2,96,2,N1,18.3,245,"$ 57.405,45"
H0321,Resistencia,2025-06,2,96,2,N1,16.0,346,"$ 80.609,44"
H0321,Resistencia,2025-07,2,96,2,N1,15.1,381,"$ 90.356,93"
H0321,Resistencia,2025-08,2,96,2,N1,16.6,314,"$ 77.444,07"
H0321,Resistencia,2025-09,2,96,2,N1,19.2,184,"$ 49.206,42"
H0321,Resistencia,2025-10,2,96,2,N1,22.7,284,"$ 74.227,42"
H0321,Resistencia,2025-11,2,96,2,N1,24.6,474,"$ 122.415,77"
H0321,Resistencia,2025-12,2,96,2,N1,26.7,797,"$ 206.210,82"
H0322,Resistencia,2025-01,3,84,3,N2,27.7,1080,"$ 173.291,50"
H0322,Resistencia,2025-02,3,84,3,N2,27.0,983,"$ 158.683,33"
H0322,Resistencia,2025-03,3,84,3,N2,25.3,630,"$ 91.999,55"
H0322,Resistencia,2025-04,3,84,3,N2,21.6,182,"$ 21.923,45"
H0322,Resistencia,2025-05,3,84,3,N2,18.3,226,"$ 26.480,80"
H0322,Resistencia,2025-06,3,84,3,N2,16.0,400,"$ 49.500,81"
H0322,Resistencia,2025-07,3,84,3,N2,15.1,496,"$ 71.946,80"
H0322,Resistencia,2025-08,3,84,3,N2,16.6,367,"$ 44.534,11"
H0322,Resistencia,2025-09,3,84,3,N2,19.2,214,"$ 28.022,90"
H0322,Resistencia,2025-10,3,84,3,N2,22.7,303,"$ 37.898,81"
H0322,Resistencia,2025-11,3,84,3,N2,24.6,575,"$ 98.680,44"
H0322,Resistencia,2025-12,3,84,3,N2,26.7,957,"$ 196.629,31"
H0323,Resistencia,2025-01,2,53,0,N2,27.7,139,"$ 16.808,45"
H0323,Resistencia,2025-02,2,53,0,N2,27.0,115,"$ 15.197,93"
H0323,Resistencia,2025-03,2,53,0,N2,25.3,121,"$ 16.098,25"
H0323,Resistencia,2025-04,2,53,0,N2,21.6,99,"$ 14.544,97"
H0323,Resistencia,2025-05,2,53,0,N2,18.3,263,"$ 29.852,23"
H0323,Resistencia,2025-06,2,53,0,N2,16.0,443,"$ 58.768,74"
H0323,Resistencia,2025-07,2,53,0,N2,15.1,416,"$ 54.273,07"
H0323,Resistencia,2025-08,2,53,0,N2,16.6,384,"$ 48.383,67"
H0323,Resistencia,2025-09,2,53,0,N2,19.2,170,"$ 23.597,42"
H0323,Resistencia,2025-10,2,53,0,N2,22.7,120,"$ 19.032,67"
H0323,Resistencia,2025-11,2,53,0,N2,24.6,154,"$ 23.101,30"
H0323,Resistencia,2025-12,2,53,0,N2,26.7,142,"$ 22.379,08"
H0324,Resistencia,2025-01,2,65,1,N2,27.7,464,"$ 55.943,50"
H0324,Resistencia,2025-02,2,65,1,N2,27.0,460,"$ 56.561,04"
H0324,Resistencia,2025-03,2,65,1,N2,25.3,419,"$ 49.769,16"
H0324,Resistencia,2025-04,2,65,1,N2,21.6,197,"$ 23.256,91"
H0324,Resistencia,2025-05,2,65,1,N2,18.3,244,"$ 28.120,96"
H0324,Resistencia,2025-06,2,65,1,N2,16.0,387,"$ 46.698,87"
H0324,Resistencia,2025-07,2,65,1,N2,15.1,451,"$ 62.005,33"
H0324,Resistencia,2025-08,2,65,1,N2,16.6,328,"$ 38.525,78"
H0324,Resistencia,2025-09,2,65,1,N2,19.2,189,"$ 25.508,42"
H0324,Resistencia,2025-10,2,65,1,N2,22.7,236,"$ 30.991,53"
H0324,Resistencia,2025-11,2,65,1,N2,24.6,308,"$ 39.374,63"
H0324,Resistencia,2025-12,2,65,1,N2,26.7,583,"$ 103.147,07"
H0325,Resistencia,2025-01,3,95,2,N2,27.7,758,"$ 111.950,50"
H0325,Resistencia,2025-02,3,95,2,N2,27.0,589,"$ 81.749,90"
H0325,Resistencia,2025-03,3,95,2,N2,25.3,453,"$ 56.574,06"
H0325,Resistencia,2025-04,3,95,2,N2,21.6,189,"$ 22.545,73"
H0325,Resistencia,2025-05,3,95,2,N2,18.3,328,"$ 35.775,02"
H0325,Resistencia,2025-06,3,95,2,N2,16.0,420,"$ 53.811,47"
H0325,Resistencia,2025-07,3,95,2,N2,15.1,537,"$ 81.004,59"
H0325,Resistencia,2025-08,3,95,2,N2,16.6,457,"$ 64.914,13"
H0325,Resistencia,2025-09,3,95,2,N2,19.2,262,"$ 32.850,70"
H0325,Resistencia,2025-10,3,95,2,N2,22.7,316,"$ 39.239,02"
H0325,Resistencia,2025-11,3,95,2,N2,24.6,454,"$ 69.173,85"
H0325,Resistencia,2025-12,3,95,2,N2,26.7,496,"$ 81.401,20"
H0326,Resistencia,2025-01,1,115,4,N1,27.7,1249,"$ 243.268,50"
H0326,Resistencia,2025-02,1,115,4,N1,27.0,1195,"$ 238.806,04"
H0326,Resistencia,2025-03,1,115,4,N1,25.3,806,"$ 166.920,15"
H0326,Resistencia,2025-04,1,115,4,N1,21.6,172,"$ 41.029,53"
H0326,Resistencia,2025-05,1,115,4,N1,18.3,203,"$ 48.573,84"
H0326,Resistencia,2025-06,1,115,4,N1,16.0,250,"$ 59.918,25"
H0326,Resistencia,2025-07,1,115,4,N1,15.1,250,"$ 61.416,20"
H0326,Resistencia,2025-08,1,115,4,N1,16.6,240,"$ 60.687,16"
H0326,Resistencia,2025-09,1,115,4,N1,19.2,156,"$ 42.707,46"
H0326,Resistencia,2025-10,1,115,4,N1,22.7,389,"$ 99.207,80"
H0326,Resistencia,2025-11,1,115,4,N1,24.6,777,"$ 196.304,17"
H0326,Resistencia,2025-12,1,115,4,N1,26.7,1263,"$ 322.688,69"
H0327,Resistencia,2025-01,1,54,1,N2,27.7,401,"$ 43.942,00"
H0327,Resistencia,2025-02,1,54,1,N2,27.0,465,"$ 57.537,35"
H0327,Resistencia,2025-03,1,54,1,N2,25.3,318,"$ 33.183,89"
H0327,Resistencia,2025-04,1,54,1,N2,21.6,105,"$ 15.078,35"
H0327,Resistencia,2025-05,1,54,1,N2,18.3,216,"$ 25.569,60"
H0327,Resistencia,2025-06,1,54,1,N2,16.0,342,"$ 37.976,96"
H0327,Resistencia,2025-07,1,54,1,N2,15.1,410,"$ 52.947,54"
H0327,Resistencia,2025-08,1,54,1,N2,16.6,249,"$ 30.773,83"
H0327,Resistencia,2025-09,1,54,1,N2,19.2,132,"$ 19.775,41"
H0327,Resistencia,2025-10,1,54,1,N2,22.7,206,"$ 27.898,72"
H0327,Resistencia,2025-11,1,54,1,N2,24.6,250,"$ 33.245,72"
H0327,Resistencia,2025-12,1,54,1,N2,26.7,399,"$ 57.155,81"
H0328,Resistencia,2025-01,3,52,0,N2,27.7,229,"$ 24.237,95"
H0328,Resistencia,2025-02,3,52,0,N2,27.0,176,"$ 20.359,37"
H0328,Resistencia,2025-03,3,52,0,N2,25.3,179,"$ 21.128,54"
H0328,Resistencia,2025-04,3,52,0,N2,21.6,184,"$ 22.101,24"
H0328,Resistencia,2025-05,3,52,0,N2,18.3,397,"$ 47.662,64"
H0328,Resistencia,2025-06,3,52,0,N2,16.0,734,"$ 121.488,92"
H0328,Resistencia,2025-07,3,52,0,N2,15.1,667,"$ 109.724,39"
H0328,Resistencia,2025-08,3,52,0,N2,16.6,556,"$ 87.332,15"
H0328,Resistencia,2025-09,3,52,0,N2,19.2,295,"$ 36.169,81"
H0328,Resistencia,2025-10,3,52,0,N2,22.7,202,"$ 27.486,35"
H0328,Resistencia,2025-11,3,52,0,N2,24.6,192,"$ 27.116,80"
H0328,Resistencia,2025-12,3,52,0,N2,26.7,181,"$ 26.603,28"
H0329,Resistencia,2025-01,2,82,2,N3,27.7,1043,"$ 177.355,50"
H0329,Resistencia,2025-02,2,82,2,N3,27.0,868,"$ 147.618,45"
H0329,Resistencia,2025-03,2,82,2,N3,25.3,602,"$ 98.070,59"
H0329,Resistencia,2025-04,2,82,2,N3,21.6,189,"$ 29.007,88"
H0329,Resistencia,2025-05,2,82,2,N3,18.3,271,"$ 40.078,67"
H0329,Resistencia,2025-06,2,82,2,N3,16.0,386,"$ 59.056,11"
H0329,Resistencia,2025-07,2,82,2,N3,15.1,480,"$ 81.299,15"
H0329,Resistencia,2025-08,2,82,2,N3,16.6,407,"$ 66.801,17"
H0329,Resistencia,2025-09,2,82,2,N3,19.2,257,"$ 42.289,67"
H0329,Resistencia,2025-10,2,82,2,N3,22.7,289,"$ 47.914,75"
H0329,Resistencia,2025-11,2,82,2,N3,24.6,659,"$ 133.389,29"
H0329,Resistencia,2025-12,2,82,2,N3,26.7,585,"$ 118.227,54"
H0330,Resistencia,2025-01,2,73,0,N2,27.7,141,"$ 16.973,55"
H0330,Resistencia,2025-02,2,73,0,N2,27.0,99999,"$ 18.667,10"
H0330,Resistencia,2025-03,2,73,0,N2,25.3,177,"$ 20.955,08"
H0330,Resistencia,2025-04,2,73,0,N2,21.6,134,"$ 17.656,38"
H0330,Resistencia,2025-05,2,73,0,N2,18.3,278,"$ 31.219,03"
H0330,Resistencia,2025-06,2,73,0,N2,16.0,544,"$ 80.537,60"
H0330,Resistencia,2025-07,2,73,0,N2,15.1,480,"$ 68.412,05"
H0330,Resistencia,2025-08,2,73,0,N2,16.6,s/l,"$ 39.605,17"
H0330,Resistencia,2025-09,2,73,0,N2,19.2,199,"$ 26.514,21"
H0330,Resistencia,2025-10,2,73,0,N2,22.7,163,"$ 23.465,70"
H0330,Resistencia,2025-11,2,73,0,N2,24.6,134,"$ 20.987,88"
H0330,Resistencia,2025-12,2,73,0,N2,26.7,144,"$ 22.595,71"
H0331,Resistencia,2025-01,1,66,1,N2,27.7,580,"$ 78.041,50"
H0331,Resistencia,2025-02,1,66,1,N2,27.0,498,"$ 63.981,01"
H0331,Resistencia,2025-03,1,66,1,N2,25.3,447,"$ 55.373,19"
H0331,Resistencia,2025-04,1,66,1,N2,21.6,179,"$ 21.656,76"
H0331,Resistencia,2025-05,1,66,1,N2,18.3,298,"$ 33.041,42"
H0331,Resistencia,2025-06,1,66,1,N2,16.0,532,"$ 77.951,20"
H0331,Resistencia,2025-07,1,66,1,N2,15.1,517,"$ 76.586,15"
H0331,Resistencia,2025-08,1,66,1,N2,16.6,384,"$ 48.383,67"
H0331,Resistencia,2025-09,1,66,1,N2,19.2,201,"$ 26.715,37"
H0331,Resistencia,2025-10,1,66,1,N2,22.7,242,"$ 31.610,10"
H0331,Resistencia,2025-11,1,66,1,N2,24.6,354,"$ 44.788,24"
H0331,Resistencia,2025-12,1,66,1,N2,26.7,585,"$ 103.646,97"
H0332,Resistencia,2025-01,2,57,0,N2,27.7,156,"$ 18.211,80"
H0332,Resistencia,2025-02,2,57,0,N2,27.0,117,"$ 15.367,16"
H0332,Resistencia,2025-03,2,57,0,N2,25.3,137,"$ 17.485,92"
H0332,Resistencia,2025-04,2,57,0,N2,21.6,124,"$ 16.767,40"
H0332,Resistencia,2025-05,2,57,0,N2,18.3,198,"$ 23.929,45"
H0332,Resistencia,2025-06,2,57,0,N2,16.0,406,"$ 50.794,01"
H0332,Resistencia,2025-07,2,57,0,N2,15.1,414,"$ 53.831,23"
H0332,Resistencia,2025-08,2,57,0,N2,16.6,312,"$ 36.955,76"
H0332,Resistencia,2025-09,2,57,0,N2,19.2,160,"$ 22.591,63"
H0332,Resistencia,2025-10,2,57,0,N2,22.7,104,"$ 17.383,17"
H0332,Resistencia,2025-11,2,57,0,N2,24.6,122,"$ 19.719,83"
H0332,Resistencia,2025-12,2,57,0,N2,26.7,131,"$ 21.187,64"
H0333,Resistencia,2025-01,5,113,3,N2,27.7,896,"$ 138.239,50"
H0333,Resistencia,2025-02,5,113,3,N2,27.0,699,"$ 103.228,77"
H0333,Resistencia,2025-03,5,113,3,N2,25.3,527,"$ 71.384,72"
H0333,Resistencia,2025-04,5,113,3,N2,21.6,275,"$ 30.190,90"
H0333,Resistencia,2025-05,5,113,3,N2,18.3,278,"$ 31.219,03"
H0333,Resistencia,2025-06,5,113,3,N2,16.0,s/l,"$ 52.302,74"
H0333,Resistencia,2025-07,5,113,3,N2,15.1,546,"$ 82.992,88"
H0333,Resistencia,2025-08,5,113,3,N2,16.6,399,"$ 51.780,34"
H0333,Resistencia,2025-09,5,113,3,N2,19.2,253,"$ 31.945,49"
H0333,Resistencia,2025-10,5,113,3,N2,22.7,274,"$ 34.909,09"
H0333,Resistencia,2025-11,5,113,3,N2,24.6,562,"$ 95.510,31"
H0333,Resistencia,2025-12,5,113,3,N2,26.7,893,"$ 180.632,35"
H0334,Resistencia,2025-01,2,49,1,N2,27.7,472,"$ 57.467,50"
H0334,Resistencia,2025-02,2,49,1,N2,27.0,315,"$ 32.120,68"
H0334,Resistencia,2025-03,2,49,1,N2,25.3,335,"$ 34.658,28"
H0334,Resistencia,2025-04,2,49,1,N2,21.6,126,"$ 16.945,20"
H0334,Resistencia,2025-05,2,49,1,N2,18.3,208,"$ 24.840,65"
H0334,Resistencia,2025-06,2,49,1,N2,16.0,305,"$ 34.521,24"
H0334,Resistencia,2025-07,2,49,1,N2,15.1,354,"$ 40.575,93"
H0334,Resistencia,2025-08,2,49,1,N2,16.6,302,"$ 35.974,50"
H0334,Resistencia,2025-09,2,49,1,N2,19.2,165,"$ 23.094,52"
H0334,Resistencia,2025-10,2,49,1,N2,22.7,153,"$ 22.434,76"
H0334,Resistencia,2025-11,2,49,1,N2,24.6,308,"$ 39.374,63"
H0334,Resistencia,2025-12,2,49,1,N2,26.7,379,"$ 52.156,76"
H0335,Resistencia,2025-01,4,95,0,N3,27.7,170,"$ 24.765,00"
H0335,Resistencia,2025-02,4,95,0,N3,27.0,226,"$ 31.944,94"
H0335,Resistencia,2025-03,4,95,0,N3,25.3,252,"$ 35.865,82"
H0335,Resistencia,2025-04,4,95,0,N3,21.6,216,"$ 32.331,27"
H0335,Resistencia,2025-05,4,95,0,N3,18.3,314,"$ 45.503,80"
H0335,Resistencia,2025-06,4,95,0,N3,16.0,496,"$ 82.764,77"
H0335,Resistencia,2025-07,4,95,0,N3,15.1,546,"$ 95.879,97"
H0335,Resistencia,2025-08,4,95,0,N3,16.6,437,"$ 73.594,51"
H0335,Resistencia,2025-09,4,95,0,N3,19.2,338,"$ 53.570,01"
H0335,Resistencia,2025-10,4,95,0,N3,22.7,203,"$ 35.638,68"
H0335,Resistencia,2025-11,4,95,0,N3,24.6,281,"$ 47.942,11"
H0335,Resistencia,2025-12,4,95,0,N3,26.7,186,"$ 34.893,37"
H0336,Resistencia,2025-01,1,86,2,N1,27.7,779,"$ 153.733,50"
H0336,Resistencia,2025-02,1,86,2,N1,27.0,932,"$ 187.452,00"
H0336,Resistencia,2025-03,1,86,2,N1,25.3,562,"$ 118.085,00"
H0336,Resistencia,2025-04,1,86,2,N1,21.6,202,"$ 47.183,96"
H0336,Resistencia,2025-05,1,86,2,N1,18.3,233,"$ 54.882,13"
H0336,Resistencia,2025-06,1,86,2,N1,16.0,370,"$ 85.782,24"
H0336,Resistencia,2025-07,1,86,2,N1,15.1,405,"$ 95.659,05"
H0336,Resistencia,2025-08,1,86,2,N1,16.6,419,"$ 101.220,75"
H0336,Resistencia,2025-09,1,86,2,N1,19.2,232,"$ 60.347,50"
H0336,Resistencia,2025-10,1,86,2,N1,22.7,306,"$ 79.461,40"
H0336,Resistencia,2025-11,1,86,2,N1,24.6,502,"$ 129.243,74"
H0336,Resistencia,2025-12,1,86,2,N1,26.7,575,"$ 150.721,36"
H0337,Resistencia,2025-01,5,143,1,N1,27.7,724,"$ 143.256,00"
H0337,Resistencia,2025-02,5,143,1,N1,27.0,593,"$ 121.258,01"
H0337,Resistencia,2025-03,5,143,1,N1,25.3,563,"$ 118.285,14"
H0337,Resistencia,2025-04,5,143,1,N1,21.6,402,"$ 88.213,50"
H0337,Resistencia,2025-05,5,143,1,N1,18.3,699,"$ 152.870,91"
H0337,Resistencia,2025-06,5,143,1,N1,16.0,880,"$ 195.704,20"
H0337,Resistencia,2025-07,5,143,1,N1,15.1,1124,"$ 254.501,68"
H0337,Resistencia,2025-08,5,143,1,N1,16.6,783,"$ 183.646,60"
H0337,Resistencia,2025-09,5,143,1,N1,19.2,396,"$ 98.412,84"
H0337,Resistencia,2025-10,5,143,1,N1,22.7,354,"$ 90.881,01"
H0337,Resistencia,2025-11,5,143,1,N1,24.6,569,"$ 145.582,10"
H0337,Resistencia,2025-12,5,143,1,N1,26.7,592,"$ 154.970,56"
H0338,Resistencia,2025-01,6,118,1,N3,27.7,646,"$ 101.727,00"
H0338,Resistencia,2025-02,6,118,1,N3,27.0,623,"$ 99.779,14"
H0338,Resistencia,2025-03,6,118,1,N3,25.3,570,"$ 91.665,98"
H0338,Resistencia,2025-04,6,118,1,N3,21.6,344,"$ 48.086,61"
H0338,Resistencia,2025-05,6,118,1,N3,18.3,-,"$ 79.905,02"
H0338,Resistencia,2025-06,6,118,1,N3,16.0,1026,"$ 196.997,40"
H0338,Resistencia,2025-07,6,118,1,N3,15.1,814,"$ 155.086,96"
H0338,Resistencia,2025-08,6,118,1,N3,16.6,731,"$ 140.169,23"
H0338,Resistencia,2025-09,6,118,1,N3,19.2,372,"$ 60.347,50"
H0338,Resistencia,2025-10,6,118,1,N3,22.7,338,"$ 54.909,26"
H0338,Resistencia,2025-11,6,118,1,N3,24.6,433,"$ 78.277,81"
H0338,Resistencia,2025-12,6,118,1,N3,26.7,602,"$ 122.476,73"
H0339,Resistencia,2025-01,3,104,0,N2,27.7,225,"$ 23.907,75"
H0339,Resistencia,2025-02,3,104,0,N2,27.0,197,"$ 22.136,26"
H0339,Resistencia,2025-03,3,104,0,N2,25.3,303,"$ 31.882,95"
H0339,Resistencia,2025-04,3,104,0,N2,21.6,239,"$ 26.990,59"
H0339,Resistencia,2025-05,3,104,0,N2,18.3,457,"$ 60.279,22"
H0339,Resistencia,2025-06,3,104,0,N2,16.0,594,"$ 91.314,26"
H0339,Resistencia,2025-07,3,104,0,N2,15.1,735,"$ 124.747,06"
H0339,Resistencia,2025-08,3,104,0,N2,16.6,592,"$ 95.484,15"
H0339,Resistencia,2025-09,3,104,0,N2,19.2,300,"$ 36.672,71"
H0339,Resistencia,2025-10,3,104,0,N2,22.7,245,"$ 31.919,38"
H0339,Resistencia,2025-11,3,104,0,N2,24.6,244,"$ 32.611,69"
H0339,Resistencia,2025-12,3,104,0,N2,26.7,251,"$ 34.185,17"
H0340,Resistencia,2025-01,2,47,1,N2,27.7,480,"$ 58.991,50"
H0340,Resistencia,2025-02,2,47,1,N2,27.0,505,"$ 65.347,85"
H0340,Resistencia,2025-03,2,47,1,N2,25.3,316,"$ 33.010,43"
H0340,Resistencia,2025-04,2,47,1,N2,21.6,138,"$ 18.011,96"
H0340,Resistencia,2025-05,2,47,1,N2,18.3,250,"$ 28.667,68"
H0340,Resistencia,2025-06,2,47,1,N2,16.0,528,"$ 77.089,06"
H0340,Resistencia,2025-07,2,47,1,N2,15.1,569,"$ 88.074,08"
H0340,Resistencia,2025-08,2,47,1,N2,16.6,390,"$ 49.742,34"
H0340,Resistencia,2025-09,2,47,1,N2,19.2,226,"$ 29.229,85"
H0340,Resistencia,2025-10,2,47,1,N2,22.7,222,"$ 29.548,22"
H0340,Resistencia,2025-11,2,47,1,N2,24.6,283,"$ 36.732,86"
H0340,Resistencia,2025-12,2,47,1,N2,26.7,376,"$ 51.406,90"
H0341,Resistencia,2025-01,4,77,1,N3,27.7,501,"$ 74.104,50"
H0341,Resistencia,2025-02,4,77,1,N3,27.0,424,"$ 60.921,90"
H0341,Resistencia,2025-03,4,77,1,N3,25.3,431,"$ 63.845,96"
H0341,Resistencia,2025-04,4,77,1,N3,21.6,269,"$ 38.854,97"
H0341,Resistencia,2025-05,4,77,1,N3,18.3,341,"$ 48.910,28"
H0341,Resistencia,2025-06,4,77,1,N3,16.0,528,"$ 89.661,84"
H0341,Resistencia,2025-07,4,77,1,N3,15.1,556,"$ 98.089,19"
H0341,Resistencia,2025-08,4,77,1,N3,16.6,571,"$ 103.938,09"
H0341,Resistencia,2025-09,4,77,1,N3,19.2,235,"$ 39.225,87"
H0341,Resistencia,2025-10,4,77,1,N3,22.7,258,"$ 43.489,65"
H0341,Resistencia,2025-11,4,77,1,N3,24.6,419,"$ 74.863,82"
H0341,Resistencia,2025-12,4,77,1,N3,26.7,472,"$ 89.982,90"
H0342,Resistencia,2025-01,3,130,4,N1,27.7,1588,"$ 307.848,00"
H0342,Resistencia,2025-02,3,130,4,N1,27.0,1702,"$ 337.804,12"
H0342,Resistencia,2025-03,3,130,4,N1,25.3,1182,"$ 242.174,32"
H0342,Resistencia,2025-04,3,130,4,N1,21.6,302,"$ 67.698,73"
H0342,Resistencia,2025-05,3,130,4,N1,18.3,369,"$ 83.479,71"
H0342,Resistencia,2025-06,3,130,4,N1,16.0,513,"$ 116.603,50"
H0342,Resistencia,2025-07,3,130,4,N1,15.1,669,"$ 153.982,35"
H0342,Resistencia,2025-08,3,130,4,N1,16.6,457,"$ 109.825,65"
H0342,Resistencia,2025-09,3,130,4,N1,19.2,334,"$ 84.022,28"
H0342,Resistencia,2025-10,3,130,4,N1,22.7,524,"$ 131.325,43"
H0342,Resistencia,2025-11,3,130,4,N1,24.6,1097,"$ 274.338,12"
H0342,Resistencia,2025-12,3,130,4,N1,26.7,1665,"$ 423.169,60"
H0343,Resistencia,2025-01,1,136,4,N1,27.7,1628,"$ 315.468,00"
H0343,Resistencia,2025-02,1,136,4,N1,27.0,1528,"$ 303.828,45"
H0343,Resistencia,2025-03,1,136,4,N1,25.3,1075,"$ 220.758,90"
H0343,Resistencia,2025-04,1,136,4,N1,21.6,218,"$ 50.466,33"
H0343,Resistencia,2025-05,1,136,4,N1,18.3,284,"$ 65.606,22"
H0343,Resistencia,2025-06,1,136,4,N1,16.0,470,"$ 107.335,57"
H0343,Resistencia,2025-07,1,136,4,N1,15.1,622,"$ 143.599,04"
H0343,Resistencia,2025-08,1,136,4,N1,16.6,414,"$ 100.088,53"
H0343,Resistencia,2025-09,1,136,4,N1,19.2,209,"$ 55.009,06"
H0343,Resistencia,2025-10,1,136,4,N1,22.7,552,"$ 137.986,87"
H0343,Resistencia,2025-11,1,136,4,N1,24.6,771,"$ 194.841,03"
H0343,Resistencia,2025-12,1,136,4,N1,26.7,1475,"$ 375.678,62"
H0344,Resistencia,2025-01,2,84,0,N3,27.7,130,"$ 20.193,00"
H0344,Resistencia,2025-02,2,84,0,N3,27.0,168,"$ 25.149,81"
H0344,Resistencia,2025-03,2,84,0,N3,25.3,223,"$ 32.383,31"
H0344,Resistencia,2025-04,2,84,0,N3,21.6,171,"$ 26.792,28"
H0344,Resistencia,2025-05,2,84,0,N3,18.3,283,"$ 41.592,66"
H0344,Resistencia,2025-06,2,84,0,N3,16.0,370,"$ 55.607,58"
H0344,Resistencia,2025-07,2,84,0,N3,15.1,430,"$ 70.253,07"
H0344,Resistencia,2025-08,2,84,0,N3,16.6,333,"$ 51.584,09"
H0344,Resistencia,2025-09,2,84,0,N3,19.2,235,"$ 39.225,87"
H0344,Resistencia,2025-10,2,84,0,N3,22.7,180,"$ 32.355,54"
H0344,Resistencia,2025-11,2,84,0,N3,24.6,166,"$ 31.116,04"
H0344,Resistencia,2025-12,2,84,0,N3,26.7,150,"$ 29.494,40"
H0345,Resistencia,2025-01,3,81,1,N2,27.7,380,"$ 39.941,50"
H0345,Resistencia,2025-02,3,81,1,N2,27.0,434,"$ 51.484,21"
H0345,Resistencia,2025-03,3,81,1,N2,25.3,360,"$ 37.960,66"
H0345,Resistencia,2025-04,3,81,1,N2,21.6,143,"$ 18.456,45"
H0345,Resistencia,2025-05,3,81,1,N2,18.3,312,"$ 34.317,10"
H0345,Resistencia,2025-06,3,81,1,N2,16.0,447,"$ 59.630,87"
H0345,Resistencia,2025-07,3,81,1,N2,15.1,477,"$ 67.749,29"
H0345,Resistencia,2025-08,3,81,1,N2,16.6,360,"$ 42.949,00"
H0345,Resistencia,2025-09,3,81,1,N2,19.2,228,"$ 29.431,01"
H0345,Resistencia,2025-10,3,81,1,N2,22.7,247,"$ 32.125,56"
H0345,Resistencia,2025-11,3,81,1,N2,24.6,367,"$ 47.958,37"
H0345,Resistencia,2025-12,3,81,1,N2,26.7,328,"$ 42.525,25"
H0346,Resistencia,2025-01,2,62,0,N3,27.7,174,"$ 25.222,20"
H0346,Resistencia,2025-02,2,62,0,N3,27.0,160,"$ 24.212,55"
H0346,Resistencia,2025-03,2,62,0,N3,25.3,149,"$ 23.496,91"
H0346,Resistencia,2025-04,2,62,0,N3,21.6,170,"$ 26.669,20"
H0346,Resistencia,2025-05,2,62,0,N3,18.3,258,"$ 38.438,52"
H0346,Resistencia,2025-06,2,62,0,N3,16.0,417,"$ 65.737,65"
H0346,Resistencia,2025-07,2,62,0,N3,15.1,503,"$ 86.380,34"
H0346,Resistencia,2025-08,2,62,0,N3,16.6,396,"$ 64.310,28"
H0346,Resistencia,2025-09,2,62,0,N3,19.2,198,"$ 34.073,12"
H0346,Resistencia,2025-10,2,62,0,N3,22.7,149,"$ 27.930,45"
H0346,Resistencia,2025-11,2,62,0,N3,24.6,156,"$ 29.652,90"
H0346,Resistencia,2025-12,2,62,0,N3,26.7,178,"$ 33.693,60"
H0347,Resistencia,2025-01,3,112,2,N3,27.7,659,"$ 104.203,50"
H0347,Resistencia,2025-02,3,112,2,N3,27.0,696,"$ 114.033,30"
H0347,Resistencia,2025-03,3,112,2,N3,25.3,632,"$ 104.074,91"
H0347,Resistencia,2025-04,3,112,2,N3,21.6,222,"$ 33.069,80"
H0347,Resistencia,2025-05,3,112,2,N3,18.3,276,"$ 40.709,50"
H0347,Resistencia,2025-06,3,112,2,N3,16.0,471,"$ 77.376,44"
H0347,Resistencia,2025-07,3,112,2,N3,15.1,436,"$ 71.578,60"
H0347,Resistencia,2025-08,3,112,2,N3,16.6,416,"$ 68.839,17"
H0347,Resistencia,2025-09,3,112,2,N3,19.2,289,"$ 46.746,10"
H0347,Resistencia,2025-10,3,112,2,N3,22.7,260,"$ 43.775,14"
H0347,Resistencia,2025-11,3,112,2,N3,24.6,529,"$ 101.688,00"
H0347,Resistencia,2025-12,3,112,2,N3,26.7,773,"$ 165.218,61"
H0348,Resistencia,2025-01,3,103,3,N3,27.7,s/l,"$ 223.456,50"
H0348,Resistencia,2025-02,3,103,3,N3,27.0,1409,"$ 253.255,46"
H0348,Resistencia,2025-03,3,103,3,N3,25.3,1035,"$ 184.732,97"
H0348,Resistencia,2025-04,3,103,3,N3,21.6,276,"$ 39.716,59"
H0348,Resistencia,2025-05,3,103,3,N3,18.3,409,"$ 62.452,08"
H0348,Resistencia,2025-06,3,103,3,N3,16.0,560,"$ 96.558,90"
H0348,Resistencia,2025-07,3,103,3,N3,15.1,660,"$ 121.065,03"
H0348,Resistencia,2025-08,3,103,3,N3,16.6,571,"$ 103.938,09"
H0348,Resistencia,2025-09,3,103,3,N3,19.2,373,"$ 60.579,60"
H0348,Resistencia,2025-10,3,103,3,N3,22.7,538,"$ 101.348,98"
H0348,Resistencia,2025-11,3,103,3,N3,24.6,995,"$ 215.324,94"
H0348,Resistencia,2025-12,3,103,3,N3,26.7,1380,"$ 316.939,78"
H0349,Resistencia,2025-01,4,112,1,N3,27.7,477,"$ 69.532,50"
H0349,Resistencia,2025-02,4,112,1,N3,27.0,451,"$ 66.193,99"
H0349,Resistencia,2025-03,4,112,1,N3,25.3,425,"$ 62.645,09"
H0349,Resistencia,2025-04,4,112,1,N3,21.6,174,"$ 27.161,55"
H0349,Resistencia,2025-05,4,112,1,N3,18.3,326,"$ 47.017,79"
H0349,Resistencia,2025-06,4,112,1,N3,16.0,562,"$ 96.989,97"
H0349,Resistencia,2025-07,4,112,1,N3,15.1,680,"$ 125.483,47"
H0349,Resistencia,2025-08,4,112,1,N3,16.6,531,"$ 94.880,30"
H0349,Resistencia,2025-09,4,112,1,N3,19.2,249,"$ 41.175,56"
H0349,Resistencia,2025-10,4,112,1,N3,22.7,244,"$ 41.491,22"
H0349,Resistencia,2025-11,4,112,1,N3,24.6,370,"$ 62.914,88"
H0349,Resistencia,2025-12,4,112,1,N3,26.7,477,"$ 91.232,67"
H0350,Resistencia,2025-01,4,84,1,N2,27.7,488,"$ 60.515,50"
H0350,Resistencia,2025-02,4,84,1,N2,27.0,470,"$ 58.513,66"
H0350,Resistencia,2025-03,4,84,1,N2,25.3,436,"$ 53.171,61"
H0350,Resistencia,2025-04,4,84,1,N2,21.6,231,"$ 26.279,42"
H0350,Resistencia,2025-05,4,84,1,N2,18.3,366,"$ 41.144,07"
H0350,Resistencia,2025-06,4,84,1,N2,16.0,555,"$ 82.908,46"
H0350,Resistencia,2025-07,4,84,1,N2,15.1,730,"$ 123.642,45"
H0350,Resistencia,2025-08,4,84,1,N2,16.6,550,"$ 85.973,48"
H0350,Resistencia,2025-09,4,84,1,N2,19.2,226,"$ 29.229,85"
H0350,Resistencia,2025-10,4,84,1,N2,22.7,225,"$ 29.857,50"
H0350,Resistencia,2025-11,4,84,1,N2,24.6,322,"$ 40.854,03"
H0350,Resistencia,2025-12,4,84,1,N2,26.7,415,"$ 61.155,05"
H0351,Resistencia,2025-01,3,89,0,N2,27.7,s/l,"$ 18.459,45"
H0351,Resistencia,2025-02,3,89,0,N2,27.0,200,"$ 22.390,10"
H0351,Resistencia,2025-03,3,89,0,N2,25.3,176,"$ 20.868,35"
H0351,Resistencia,2025-04,3,89,0,N2,21.6,186,"$ 22.279,04"
H0351,Resistencia,2025-05,3,89,0,N2,18.3,360,"$ 39.882,42"
H0351,Resistencia,2025-06,3,89,0,N2,16.0,706,"$ 115.453,99"
H0351,Resistencia,2025-07,3,89,0,N2,15.1,628,"$ 101.108,45"
H0351,Resistencia,2025-08,3,89,0,N2,16.6,467,"$ 67.178,58"
H0351,Resistencia,2025-09,3,89,0,N2,19.2,256,"$ 32.247,23"
H0351,Resistencia,2025-10,3,89,0,N2,22.7,156,"$ 22.744,04"
H0351,Resistencia,2025-11,3,89,0,N2,24.6,152,"$ 22.889,96"
H0351,Resistencia,2025-12,3,89,0,N2,26.7,171,"$ 25.520,15"
H0352,Resistencia,2025-01,2,66,1,N2,27.7,598,"$ 81.470,50"
H0352,Resistencia,2025-02,2,66,1,N2,27.0,567,"$ 77.454,12"
H0352,Resistencia,2025-03,2,66,1,N2,25.3,386,"$ 43.164,40"
H0352,Resistencia,2025-04,2,66,1,N2,21.6,165,"$ 20.412,19"
H0352,Resistencia,2025-05,2,66,1,N2,18.3,237,"$ 27.483,12"
H0352,Resistencia,2025-06,2,66,1,N2,16.0,390,"$ 47.345,47"
H0352,Resistencia,2025-07,2,66,1,N2,15.1,468,"$ 65.761,00"
H0352,Resistencia,2025-08,2,66,1,N2,16.6,407,"$ 53.591,90"
H0352,Resistencia,2025-09,2,66,1,N2,19.2,244,"$ 31.040,28"
H0352,Resistencia,2025-10,2,66,1,N2,22.7,226,"$ 29.960,60"
H0352,Resistencia,2025-11,2,66,1,N2,24.6,310,"$ 39.585,97"
H0352,Resistencia,2025-12,2,66,1,N2,26.7,s/l,"$ 60.655,14"
H0353,Resistencia,2025-01,1,55,1,N2,27.7,381,"$ 40.132,00"
H0353,Resistencia,2025-02,1,55,1,N2,27.0,416,"$ 47.969,49"
H0353,Resistencia,2025-03,1,55,1,N2,25.3,311,"$ 32.576,78"
H0353,Resistencia,2025-04,1,55,1,N2,21.6,114,"$ 15.878,43"
H0353,Resistencia,2025-05,1,55,1,N2,18.3,210,"$ 25.022,89"
H0353,Resistencia,2025-06,1,55,1,N2,16.0,241,"$ 28.543,79"
H0353,Resistencia,2025-07,1,55,1,N2,15.1,349,"$ 39.596,51"
H0353,Resistencia,2025-08,1,55,1,N2,16.6,295,"$ 35.287,62"
H0353,Resistencia,2025-09,1,55,1,N2,19.2,139,"$ 20.479,46"
H0353,Resistencia,2025-10,1,55,1,N2,22.7,145,"$ 21.610,01"
H0353,Resistencia,2025-11,1,55,1,N2,24.6,278,"$ 36.204,50"
H0353,Resistencia,2025-12,1,55,1,N2,26.7,389,"$ 54.656,28"
H0354,Resistencia,2025-01,3,62,2,N2,27.7,886,"$ 136.334,50"
H0354,Resistencia,2025-02,3,62,2,N2,27.0,1121,"$ 185.629,55"
H0354,Resistencia,2025-03,3,62,2,N2,25.3,533,"$ 72.585,58"
H0354,Resistencia,2025-04,3,62,2,N2,21.6,173,"$ 21.123,37"
H0354,Resistencia,2025-05,3,62,2,N2,18.3,334,"$ 36.321,74"
H0354,Resistencia,2025-06,3,62,2,N2,16.0,741,"$ 122.997,65"
H0354,Resistencia,2025-07,3,62,2,N2,15.1,601,"$ 95.143,57"
H0354,Resistencia,2025-08,3,62,2,N2,16.6,510,"$ 76.915,69"
H0354,Resistencia,2025-09,3,62,2,N2,19.2,s/l,"$ 31.945,49"
H0354,Resistencia,2025-10,3,62,2,N2,22.7,384,"$ 50.833,09"
H0354,Resistencia,2025-11,3,62,2,N2,24.6,523,"$ 85.999,92"
H0354,Resistencia,2025-12,3,62,2,N2,26.7,837,"$ 166.635,01"
H0355,Resistencia,2025-01,2,101,1,N1,27.7,780,"$ 153.924,00"
H0355,Resistencia,2025-02,2,101,1,N1,27.0,580,"$ 118.719,60"
H0355,Resistencia,2025-03,2,101,1,N1,25.3,380,"$ 81.658,78"
H0355,Resistencia,2025-04,2,101,1,N1,21.6,234,"$ 53.748,69"
H0355,Resistencia,2025-05,2,101,1,N1,18.3,451,"$ 100.722,37"
H0355,Resistencia,2025-06,2,101,1,N1,16.0,562,"$ 127.164,63"
H0355,Resistencia,2025-07,2,101,1,N1,15.1,702,"$ 161.272,77"
H0355,Resistencia,2025-08,2,101,1,N1,16.6,567,"$ 134.734,56"
H0355,Resistencia,2025-09,2,101,1,N1,19.2,304,"$ 77.059,11"
H0355,Resistencia,2025-10,2,101,1,N1,22.7,369,"$ 94.449,63"
H0355,Resistencia,2025-11,2,101,1,N1,24.6,394,"$ 102.907,28"
H0355,Resistencia,2025-12,2,101,1,N1,26.7,568,"$ 148.971,69"
H0356,Resistencia,2025-01,4,84,2,N2,27.7,831,"$ 125.857,00"
H0356,Resistencia,2025-02,4,84,2,N2,27.0,784,"$ 119.826,09"
H0356,Resistencia,2025-03,4,84,2,N2,25.3,813,"$ 128.625,92"
H0356,Resistencia,2025-04,4,84,2,N2,21.6,,"$ 27.079,49"
H0356,Resistencia,2025-05,4,84,2,N2,18.3,439,"$ 56.494,25"
H0356,Resistencia,2025-06,4,84,2,N2,16.0,546,"$ 80.968,66"
H0356,Resistencia,2025-07,4,84,2,N2,15.1,695,"$ 115.910,20"
H0356,Resistencia,2025-08,4,84,2,N2,16.6,461,"$ 65.819,91"
H0356,Resistencia,2025-09,4,84,2,N2,19.2,250,"$ 31.643,75"
H0356,Resistencia,2025-10,4,84,2,N2,22.7,309,"$ 38.517,37"
H0356,Resistencia,2025-11,4,84,2,N2,24.6,669,"$ 121.602,91"
H0356,Resistencia,2025-12,4,84,2,N2,26.7,687,"$ 129.142,13"
H0357,Resistencia,2025-01,3,103,3,N1,27.7,852,"$ 167.640,00"
H0357,Resistencia,2025-02,3,103,3,N1,27.0,870,"$ 175.345,73"
H0357,Resistencia,2025-03,3,103,3,N1,25.3,1016,"$ 208.950,40"
H0357,Resistencia,2025-04,3,103,3,N1,21.6,225,"$ 51.902,36"
H0357,Resistencia,2025-05,3,103,3,N1,18.3,287,"$ 66.237,05"
H0357,Resistencia,2025-06,3,103,3,N1,16.0,637,"$ 143.329,62"
H0357,Resistencia,2025-07,3,103,3,N1,15.1,568,"$ 131.669,27"
H0357,Resistencia,2025-08,3,103,3,N1,16.6,435,"$ 104.843,87"
H0357,Resistencia,2025-09,3,103,3,N1,19.2,199,"$ 52.688,01"
H0357,Resistencia,2025-10,3,103,3,N1,22.7,385,"$ 98.256,17"
H0357,Resistencia,2025-11,3,103,3,N1,24.6,565,"$ 144.606,67"
H0357,Resistencia,2025-12,3,103,3,N1,26.7,1315,"$ 335.686,22"
H0358,Resistencia,2025-01,3,78,1,N2,27.7,434,"$ 50.228,50"
H0358,Resistencia,2025-02,3,78,1,N2,27.0,365,"$ 38.011,10"
H0358,Resistencia,2025-03,3,78,1,N2,25.3,351,"$ 36.159,36"
H0358,Resistencia,2025-04,3,78,1,N2,21.6,152,"$ 19.256,53"
H0358,Resistencia,2025-05,3,78,1,N2,18.3,262,"$ 29.761,11"
H0358,Resistencia,2025-06,3,78,1,N2,16.0,401,"$ 49.716,34"
H0358,Resistencia,2025-07,3,78,1,N2,15.1,509,"$ 74.818,78"
H0358,Resistencia,2025-08,3,78,1,N2,16.6,394,"$ 50.648,12"
H0358,Resistencia,2025-09,3,78,1,N2,19.2,210,"$ 27.620,58"
H0358,Resistencia,2025-10,3,78,1,N2,22.7,167,"$ 23.878,07"
H0358,Resistencia,2025-11,3,78,1,N2,24.6,323,"$ 40.959,70"
H0358,Resistencia,2025-12,3,78,1,N2,26.7,415,"$ 61.155,05"
H0359,Resistencia,2025-01,5,77,1,N2,27.7,326,"$ 32.245,30"
H0359,Resistencia,2025-02,5,77,1,N2,27.0,379,"$ 40.744,78"
H0359,Resistencia,2025-03,5,77,1,N2,25.3,314,"$ 32.836,97"
H0359,Resistencia,2025-04,5,77,1,N2,21.6,184,"$ 22.101,24"
H0359,Resistencia,2025-05,5,77,1,N2,18.3,362,"$ 40.302,97"
H0359,Resistencia,2025-06,5,77,1,N2,16.0,580,"$ 88.296,79"
H0359,Resistencia,2025-07,5,77,1,N2,15.1,563,"$ 86.748,55"
H0359,Resistencia,2025-08,5,77,1,N2,16.6,471,"$ 68.084,35"
H0359,Resistencia,2025-09,5,77,1,N2,19.2,257,"$ 32.347,80"
H0359,Resistencia,2025-10,5,77,1,N2,22.7,250,"$ 32.434,84"
H0359,Resistencia,2025-11,5,77,1,N2,24.6,376,"$ 50.153,07"
H0359,Resistencia,2025-12,5,77,1,N2,26.7,530,"$ 89.899,59"
H0360,Resistencia,2025-01,3,113,0,N1,27.7,245,"$ 52.006,50"
H0360,Resistencia,2025-02,3,113,0,N1,27.0,231,"$ 50.572,99"
H0360,Resistencia,2025-03,3,113,0,N1,25.3,199,"$ 45.432,70"
H0360,Resistencia,2025-04,3,113,0,N1,21.6,268,"$ 60.723,71"
H0360,Resistencia,2025-05,3,113,0,N1,18.3,332,"$ 75.699,49"
H0360,Resistencia,2025-06,3,113,0,N1,16.0,574,"$ 129.751,03"
H0360,Resistencia,2025-07,3,113,0,N1,15.1,652,"$ 150.226,69"
H0360,Resistencia,2025-08,3,113,0,N1,16.6,374,"$ 91.030,74"
H0360,Resistencia,2025-09,3,113,0,N1,19.2,268,"$ 68.703,30"
H0360,Resistencia,2025-10,3,113,0,N1,22.7,228,"$ 60.904,55"
H0360,Resistencia,2025-11,3,113,0,N1,24.6,234,"$ 63.890,30"
H0360,Resistencia,2025-12,3,113,0,N1,26.7,225,"$ 63.237,98"
H0361,Resistencia,2025-01,3,83,2,N3,27.7,1004,"$ 169.926,00"
H0361,Resistencia,2025-02,3,83,2,N3,27.0,702,"$ 115.204,88"
H0361,Resistencia,2025-03,3,83,2,N3,25.3,709,"$ 119.486,01"
H0361,Resistencia,2025-04,3,83,2,N3,21.6,234,"$ 34.546,87"
H0361,Resistencia,2025-05,3,83,2,N3,18.3,315,"$ 45.629,97"
H0361,Resistencia,2025-06,3,83,2,N3,16.0,474,"$ 78.023,04"
H0361,Resistencia,2025-07,3,83,2,N3,15.1,461,"$ 77.101,64"
H0361,Resistencia,2025-08,3,83,2,N3,16.6,516,"$ 91.483,63"
H0361,Resistencia,2025-09,3,83,2,N3,19.2,288,"$ 46.606,83"
H0361,Resistencia,2025-10,3,83,2,N3,22.7,359,"$ 58.763,37"
H0361,Resistencia,2025-11,3,83,2,N3,24.6,579,"$ 113.880,80"
H0361,Resistencia,2025-12,3,83,2,N3,26.7,1076,"$ 240.954,22"
H0362,Resistencia,2025-01,2,90,1,N2,27.7,,"$ 69.659,50"
H0362,Resistencia,2025-02,2,90,1,N2,27.0,464,"$ 57.342,09"
H0362,Resistencia,2025-03,2,90,1,N2,25.3,350,"$ 35.959,22"
H0362,Resistencia,2025-04,2,90,1,N2,21.6,166,"$ 20.501,09"
H0362,Resistencia,2025-05,2,90,1,N2,18.3,271,"$ 30.581,19"
H0362,Resistencia,2025-06,2,90,1,N2,16.0,361,"$ 41.095,01"
H0362,Resistencia,2025-07,2,90,1,N2,15.1,452,"$ 62.226,25"
H0362,Resistencia,2025-08,2,90,1,N2,16.6,397,"$ 51.327,45"
H0362,Resistencia,2025-09,2,90,1,N2,19.2,209,"$ 27.520,01"
H0362,Resistencia,2025-10,2,90,1,N2,22.7,225,"$ 29.857,50"
H0362,Resistencia,2025-11,2,90,1,N2,24.6,337,"$ 42.439,09"
H0362,Resistencia,2025-12,2,90,1,N2,26.7,379,"$ 52.156,76"
H0363,Resistencia,2025-01,2,121,2,N1,27.7,886,"$ 174.117,00"
H0363,Resistencia,2025-02,2,121,2,N1,27.0,648,"$ 131.997,45"
H0363,Resistencia,2025-03,2,121,2,N1,25.3,623,"$ 130.293,78"
H0363,Resistencia,2025-04,2,121,2,N1,21.6,185,"$ 43.696,45"
H0363,Resistencia,2025-05,2,121,2,N1,18.3,261,"$ 60.769,87"
H0363,Resistencia,2025-06,2,121,2,N1,16.0,321,"$ 75.221,11"
H0363,Resistencia,2025-07,2,121,2,N1,15.1,359,"$ 85.496,66"
H0363,Resistencia,2025-08,2,121,2,N1,16.6,386,"$ 93.748,08"
H0363,Resistencia,2025-09,2,121,2,N1,19.2,210,"$ 55.241,17"
H0363,Resistencia,2025-10,2,121,2,N1,22.7,265,"$ 69.707,16"
H0363,Resistencia,2025-11,2,121,2,N1,24.6,465,"$ 120.221,06"
H0363,Resistencia,2025-12,2,121,2,N1,26.7,656,"$ 170.967,52"
H0364,Resistencia,2025-01,3,81,1,N2,27.7,435,"$ 50.419,00"
H0364,Resistencia,2025-02,3,81,1,N2,27.0,430,"$ 50.703,16"
H0364,Resistencia,2025-03,3,81,1,N2,25.3,314,"$ 32.836,97"
H0364,Resistencia,2025-04,3,81,1,N2,21.6,196,"$ 23.168,01"
H0364,Resistencia,2025-05,3,81,1,N2,18.3,282,"$ 31.583,51"
H0364,Resistencia,2025-06,3,81,1,N2,16.0,321,"$ 36.015,61"
H0364,Resistencia,2025-07,3,81,1,N2,15.1,389,"$ 48.308,19"
H0364,Resistencia,2025-08,3,81,1,N2,16.6,297,"$ 35.483,87"
H0364,Resistencia,2025-09,3,81,1,N2,19.2,189,"$ 25.508,42"
H0364,Resistencia,2025-10,3,81,1,N2,22.7,193,"$ 26.558,51"
H0364,Resistencia,2025-11,3,81,1,N2,24.6,348,"$ 43.601,47"
H0364,Resistencia,2025-12,3,81,1,N2,26.7,411,"$ 60.155,24"
H0365,Resistencia,2025-01,1,106,1,N3,27.7,572,"$ 87.630,00"
H0365,Resistencia,2025-02,1,106,1,N3,27.0,402,"$ 56.626,12"
H0365,Resistencia,2025-03,1,106,1,N3,25.3,283,"$ 39.588,50"
H0365,Resistencia,2025-04,1,106,1,N3,21.6,155,"$ 24.822,87"
H0365,Resistencia,2025-05,1,106,1,N3,18.3,293,"$ 42.854,32"
H0365,Resistencia,2025-06,1,106,1,N3,16.0,329,"$ 48.581,20"
H0365,Resistencia,2025-07,1,106,1,N3,15.1,366,"$ 56.114,09"
H0365,Resistencia,2025-08,1,106,1,N3,16.6,366,"$ 57.516,94"
H0365,Resistencia,2025-09,1,106,1,N3,19.2,187,"$ 32.541,23"
H0365,Resistencia,2025-10,1,106,1,N3,22.7,220,"$ 38.065,34"
H0365,Resistencia,2025-11,1,106,1,N3,24.6,260,"$ 44.869,52"
H0365,Resistencia,2025-12,1,106,1,N3,26.7,396,"$ 70.986,51"
H0366,Resistencia,2025-01,3,91,1,N2,27.7,712,"$ 103.187,50"
H0366,Resistencia,2025-02,3,91,1,N2,27.0,664,"$ 96.394,59"
H0366,Resistencia,2025-03,3,91,1,N2,25.3,536,"$ 73.186,01"
H0366,Resistencia,2025-04,3,91,1,N2,21.6,282,"$ 30.813,18"
H0366,Resistencia,2025-05,3,91,1,N2,18.3,362,"$ 40.302,97"
H0366,Resistencia,2025-06,3,91,1,N2,16.0,502,"$ 71.485,20"
H0366,Resistencia,2025-07,3,91,1,N2,15.1,470,"$ 66.202,84"
H0366,Resistencia,2025-08,3,91,1,N2,16.6,473,"$ 68.537,24"
H0366,Resistencia,2025-09,3,91,1,N2,19.2,312,"$ 37.879,66"
H0366,Resistencia,2025-10,3,91,1,N2,22.7,333,"$ 40.991,62"
H0366,Resistencia,2025-11,3,91,1,N2,24.6,455,"$ 69.417,70"
H0366,Resistencia,2025-12,3,91,1,N2,26.7,583,"$ 103.147,07"
H0367,Resistencia,2025-01,1,39,0,N2,27.7,86,"$ 12.433,30"
H0367,Resistencia,2025-02,1,39,0,N2,27.0,125,"$ 16.044,07"
H0367,Resistencia,2025-03,1,39,0,N2,25.3,113,"$ 15.404,42"
H0367,Resistencia,2025-04,1,39,0,N2,21.6,105,"$ 15.078,35"
H0367,Resistencia,2025-05,1,39,0,N2,18.3,197,"$ 23.838,33"
H0367,Resistencia,2025-06,1,39,0,N2,16.0,335,"$ 37.323,18"
H0367,Resistencia,2025-07,1,39,0,N2,15.1,455,"$ 62.889,01"
H0367,Resistencia,2025-08,1,39,0,N2,16.6,276,"$ 33.423,23"
H0367,Resistencia,2025-09,1,39,0,N2,19.2,153,"$ 21.887,57"
H0367,Resistencia,2025-10,1,39,0,N2,22.7,99,"$ 16.867,71"
H0367,Resistencia,2025-11,1,39,0,N2,24.6,87,"$ 16.021,35"
H0367,Resistencia,2025-12,1,39,0,N2,26.7,93,"$ 17.071,76"
H0368,Resistencia,2025-01,2,107,3,N1,27.7,1111,"$ 216.979,50"
H0368,Resistencia,2025-02,2,107,3,N1,27.0,1179,"$ 235.681,84"
H0368,Resistencia,2025-03,2,107,3,N1,25.3,864,"$ 178.528,50"
H0368,Resistencia,2025-04,2,107,3,N1,21.6,172,"$ 41.029,53"
H0368,Resistencia,2025-05,2,107,3,N1,18.3,329,"$ 75.068,66"
H0368,Resistencia,2025-06,2,107,3,N1,16.0,467,"$ 106.688,97"
H0368,Resistencia,2025-07,2,107,3,N1,15.1,577,"$ 133.657,57"
H0368,Resistencia,2025-08,2,107,3,N1,16.6,447,"$ 107.561,20"
H0368,Resistencia,2025-09,2,107,3,N1,19.2,303,"$ 76.827,00"
H0368,Resistencia,2025-10,2,107,3,N1,22.7,444,"$ 112.292,76"
H0368,Resistencia,2025-11,2,107,3,N1,24.6,755,"$ 190.939,33"
H0368,Resistencia,2025-12,2,107,3,N1,26.7,1012,"$ 259.950,61"
H0369,Resistencia,2025-01,3,104,0,N3,27.7,195,"$ 27.622,50"
H0369,Resistencia,2025-02,3,104,0,N3,27.0,165,"$ 24.798,34"
H0369,Resistencia,2025-03,3,104,0,N3,25.3,150,"$ 23.617,00"
H0369,Resistencia,2025-04,3,104,0,N3,21.6,152,"$ 24.453,60"
H0369,Resistencia,2025-05,3,104,0,N3,18.3,250,"$ 37.429,19"
H0369,Resistencia,2025-06,3,104,0,N3,16.0,424,"$ 67.246,38"
H0369,Resistencia,2025-07,3,104,0,N3,15.1,-,"$ 79.531,77"
H0369,Resistencia,2025-08,3,104,0,N3,16.6,365,"$ 57.290,49"
H0369,Resistencia,2025-09,3,104,0,N3,19.2,237,"$ 39.504,40"
H0369,Resistencia,2025-10,3,104,0,N3,22.7,149,"$ 27.930,45"
H0369,Resistencia,2025-11,3,104,0,N3,24.6,130,"$ 25.848,75"
H0369,Resistencia,2025-12,3,104,0,N3,26.7,146,"$ 28.894,51"
H0370,Resistencia,2025-01,7,88,2,N2,27.7,1132,"$ 183.197,50"
H0370,Resistencia,2025-02,7,88,2,N2,27.0,987,"$ 159.464,38"
H0370,Resistencia,2025-03,7,88,2,N2,25.3,683,"$ 102.607,19"
H0370,Resistencia,2025-04,7,88,2,N2,21.6,420,"$ 51.218,53"
H0370,Resistencia,2025-05,7,88,2,N2,18.3,787,"$ 129.670,42"
H0370,Resistencia,2025-06,7,88,2,N2,16.0,1000,"$ 178.820,77"
H0370,Resistencia,2025-07,7,88,2,N2,15.1,1399,"$ 271.439,00"
H0370,Resistencia,2025-08,7,88,2,N2,16.6,974,"$ 181.986,01"
H0370,Resistencia,2025-09,7,88,2,N2,19.2,493,"$ 74.892,79"
H0370,Resistencia,2025-10,7,88,2,N2,22.7,665,"$ 117.685,35"
H0370,Resistencia,2025-11,7,88,2,N2,24.6,973,"$ 195.735,17"
H0370,Resistencia,2025-12,7,88,2,N2,26.7,1026,"$ 213.876,03"
H0371,Resistencia,2025-01,3,83,2,N2,27.7,607,"$ 83.185,00"
H0371,Resistencia,2025-02,3,83,2,N2,27.0,589,"$ 81.749,90"
H0371,Resistencia,2025-03,3,83,2,N2,25.3,498,"$ 65.580,54"
H0371,Resistencia,2025-04,3,83,2,N2,21.6,128,"$ 17.122,99"
H0371,Resistencia,2025-05,3,83,2,N2,18.3,250,"$ 28.667,68"
H0371,Resistencia,2025-06,3,83,2,N2,16.0,432,"$ 56.397,87"
H0371,Resistencia,2025-07,3,83,2,N2,15.1,447,"$ 61.121,64"
H0371,Resistencia,2025-08,3,83,2,N2,16.6,361,"$ 43.175,44"
H0371,Resistencia,2025-09,3,83,2,N2,19.2,155,"$ 22.088,73"
H0371,Resistencia,2025-10,3,83,2,N2,22.7,264,"$ 33.878,16"
H0371,Resistencia,2025-11,3,83,2,N2,24.6,350,"$ 43.812,81"
H0371,Resistencia,2025-12,3,83,2,N2,26.7,441,"$ 67.653,81"
H0372,Resistencia,2025-01,5,83,2,N3,27.7,609,"$ 94.678,50"
H0372,Resistencia,2025-02,5,83,2,N3,27.0,693,"$ 113.447,51"
H0372,Resistencia,2025-03,5,83,2,N3,25.3,585,"$ 94.668,14"
H0372,Resistencia,2025-04,5,83,2,N3,21.6,213,"$ 31.962,01"
H0372,Resistencia,2025-05,5,83,2,N3,18.3,452,"$ 71.493,96"
H0372,Resistencia,2025-06,5,83,2,N3,16.0,542,"$ 92.679,30"
H0372,Resistencia,2025-07,5,83,2,N3,15.1,541,"$ 94.775,36"
H0372,Resistencia,2025-08,5,83,2,N3,16.6,448,"$ 76.085,40"
H0372,Resistencia,2025-09,5,83,2,N3,19.2,344,"$ 54.405,59"
H0372,Resistencia,2025-10,5,83,2,N3,22.7,322,"$ 52.625,34"
H0372,Resistencia,2025-11,5,83,2,N3,24.6,496,"$ 93.640,74"
H0372,Resistencia,2025-12,5,83,2,N3,26.7,745,"$ 158.219,94"
H0373,Resistencia,2025-01,4,89,3,N3,27.7,1035,"$ 175.831,50"
H0373,Resistencia,2025-02,4,89,3,N3,27.0,1044,"$ 181.984,65"
H0373,Resistencia,2025-03,4,89,3,N3,25.3,659,"$ 109.478,80"
H0373,Resistencia,2025-04,4,89,3,N3,21.6,165,"$ 26.053,75"
H0373,Resistencia,2025-05,4,89,3,N3,18.3,367,"$ 53.620,47"
H0373,Resistencia,2025-06,4,89,3,N3,16.0,802,"$ 148.717,95"
H0373,Resistencia,2025-07,4,89,3,N3,15.1,711,"$ 132.332,04"
H0373,Resistencia,2025-08,4,89,3,N3,16.6,643,"$ 120.242,10"
H0373,Resistencia,2025-09,4,89,3,N3,19.2,203,"$ 34.769,44"
H0373,Resistencia,2025-10,4,89,3,N3,22.7,370,"$ 61.380,37"
H0373,Resistencia,2025-11,4,89,3,N3,24.6,784,"$ 163.871,30"
H0373,Resistencia,2025-12,4,89,3,N3,26.7,1045,"$ 233.205,69"
H0374,Resistencia,2025-01,2,152,3,N1,27.7,1282,"$ 249.555,00"
H0374,Resistencia,2025-02,2,152,3,N1,27.0,1223,"$ 244.273,39"
H0374,Resistencia,2025-03,2,152,3,N1,25.3,990,"$ 203.746,66"
H0374,Resistencia,2025-04,2,152,3,N1,21.6,262,"$ 59.492,82"
H0374,Resistencia,2025-05,2,152,3,N1,18.3,474,"$ 105.558,73"
H0374,Resistencia,2025-06,2,152,3,N1,16.0,642,"$ 144.407,29"
H0374,Resistencia,2025-07,2,152,3,N1,15.1,833,"$ 190.213,49"
H0374,Resistencia,2025-08,2,152,3,N1,16.6,99999,"$ 144.698,12"
H0374,Resistencia,2025-09,2,152,3,N1,19.2,323,"$ 81.469,12"
H0374,Resistencia,2025-10,2,152,3,N1,22.7,523,"$ 131.087,53"
H0374,Resistencia,2025-11,2,152,3,N1,24.6,830,"$ 209.228,54"
H0374,Resistencia,2025-12,2,152,3,N1,26.7,1514,"$ 385.426,77"
H0375,Resistencia,2025-01,3,129,0,N3,27.7,159,"$ 23.507,70"
H0375,Resistencia,2025-02,3,129,0,N3,27.0,139,"$ 21.752,24"
H0375,Resistencia,2025-03,3,129,0,N3,25.3,143,"$ 22.776,39"
H0375,Resistencia,2025-04,3,129,0,N3,21.6,153,"$ 24.576,69"
H0375,Resistencia,2025-05,3,129,0,N3,18.3,262,"$ 38.943,18"
H0375,Resistencia,2025-06,3,129,0,N3,16.0,540,"$ 92.248,24"
H0375,Resistencia,2025-07,3,129,0,N3,15.1,481,"$ 81.520,07"
H0375,Resistencia,2025-08,3,129,0,N3,16.6,389,"$ 62.725,16"
H0375,Resistencia,2025-09,3,129,0,N3,19.2,273,"$ 44.517,88"
H0375,Resistencia,2025-10,3,129,0,N3,22.7,181,"$ 32.498,29"
H0375,Resistencia,2025-11,3,129,0,N3,24.6,179,"$ 33.018,12"
H0375,Resistencia,2025-12,3,129,0,N3,26.7,182,"$ 34.293,48"
H0376,Resistencia,2025-01,3,95,2,N3,27.7,645,"$ 101.536,50"
H0376,Resistencia,2025-02,3,95,2,N3,27.0,635,"$ 102.122,29"
H0376,Resistencia,2025-03,3,95,2,N3,25.3,394,"$ 56.440,63"
H0376,Resistencia,2025-04,3,95,2,N3,21.6,186,"$ 28.638,61"
H0376,Resistencia,2025-05,3,95,2,N3,18.3,323,"$ 46.639,30"
H0376,Resistencia,2025-06,3,95,2,N3,16.0,454,"$ 73.712,38"
H0376,Resistencia,2025-07,3,95,2,N3,15.1,576,"$ 102.507,62"
H0376,Resistencia,2025-08,3,95,2,N3,16.6,485,"$ 84.463,85"
H0376,Resistencia,2025-09,3,95,2,N3,19.2,224,"$ 37.693,97"
H0376,Resistencia,2025-10,3,95,2,N3,22.7,290,"$ 48.057,50"
H0376,Resistencia,2025-11,3,95,2,N3,24.6,387,"$ 67.060,43"
H0376,Resistencia,2025-12,3,95,2,N3,26.7,550,"$ 109.479,20"
H0377,Resistencia,2025-01,6,102,0,N2,27.7,355,"$ 35.179,00"
H0377,Resistencia,2025-02,6,102,0,N2,27.0,271,"$ 28.397,68"
H0377,Resistencia,2025-03,6,102,0,N2,25.3,357,"$ 37.360,22"
H0377,Resistencia,2025-04,6,102,0,N2,21.6,342,"$ 36.147,02"
H0377,Resistencia,2025-05,6,102,0,N2,18.3,637,"$ 98.128,97"
H0377,Resistencia,2025-06,6,102,0,N2,16.0,876,"$ 152.094,64"
H0377,Resistencia,2025-07,6,102,0,N2,15.1,1154,"$ 217.313,21"
H0377,Resistencia,2025-08,6,102,0,N2,16.6,99999,"$ 181.533,12"
H0377,Resistencia,2025-09,6,102,0,N2,19.2,514,"$ 79.767,01"
H0377,Resistencia,2025-10,6,102,0,N2,22.7,364,"$ 46.074,93"
H0377,Resistencia,2025-11,6,102,0,N2,24.6,292,"$ 37.683,90"
H0377,Resistencia,2025-12,6,102,0,N2,26.7,290,"$ 38.409,37"
H0378,Resistencia,2025-01,1,56,0,N2,27.7,142,"$ 17.056,10"
H0378,Resistencia,2025-02,1,56,0,N2,27.0,110,"$ 14.774,86"
H0378,Resistencia,2025-03,1,56,0,N2,25.3,121,"$ 16.098,25"
H0378,Resistencia,2025-04,1,56,0,N2,21.6,115,"$ 15.967,33"
H0378,Resistencia,2025-05,1,56,0,N2,18.3,191,"$ 23.291,61"
H0378,Resistencia,2025-06,1,56,0,N2,16.0,379,"$ 44.974,61"
H0378,Resistencia,2025-07,1,56,0,N2,15.1,452,"$ 62.226,25"
H0378,Resistencia,2025-08,1,56,0,N2,16.6,288,"$ 34.600,74"
H0378,Resistencia,2025-09,1,56,0,N2,19.2,178,"$ 24.402,05"
H0378,Resistencia,2025-10,1,56,0,N2,22.7,140,"$ 21.094,54"
H0378,Resistencia,2025-11,1,56,0,N2,24.6,121,"$ 19.614,16"
H0378,Resistencia,2025-12,1,56,0,N2,26.7,127,"$ 20.754,39"
H0379,Resistencia,2025-01,4,75,2,N2,27.7,783,"$ 116.713,00"
H0379,Resistencia,2025-02,4,75,2,N2,27.0,728,"$ 108.891,39"
H0379,Resistencia,2025-03,4,75,2,N2,25.3,617,"$ 89.397,68"
H0379,Resistencia,2025-04,4,75,2,N2,21.6,220,"$ 25.301,55"
H0379,Resistencia,2025-05,4,75,2,N2,18.3,436,"$ 55.863,42"
H0379,Resistencia,2025-06,4,75,2,N2,16.0,771,"$ 129.463,65"
H0379,Resistencia,2025-07,4,75,2,N2,15.1,1090,"$ 203.174,23"
H0379,Resistencia,2025-08,4,75,2,N2,16.6,502,"$ 75.104,14"
H0379,Resistencia,2025-09,4,75,2,N2,19.2,254,"$ 32.046,07"
H0379,Resistencia,2025-10,4,75,2,N2,22.7,411,"$ 57.256,62"
H0379,Resistencia,2025-11,4,75,2,N2,24.6,496,"$ 79.415,81"
H0379,Resistencia,2025-12,4,75,2,N2,26.7,952,"$ 195.379,54"
H0380,Resistencia,2025-01,3,99,1,N1,27.7,566,"$ 113.157,00"
H0380,Resistencia,2025-02,3,99,1,N1,27.0,589,"$ 120.476,96"
H0380,Resistencia,2025-03,3,99,1,N1,25.3,490,"$ 103.674,62"
H0380,Resistencia,2025-04,3,99,1,N1,21.6,227,"$ 52.312,65"
H0380,Resistencia,2025-05,3,99,1,N1,18.3,306,"$ 70.232,30"
H0380,Resistencia,2025-06,3,99,1,N1,16.0,547,"$ 123.931,63"
H0380,Resistencia,2025-07,3,99,1,N1,15.1,504,"$ 117.530,29"
H0380,Resistencia,2025-08,3,99,1,N1,16.6,489,"$ 117.071,88"
H0380,Resistencia,2025-09,3,99,1,N1,19.2,368,"$ 91.913,88"
H0380,Resistencia,2025-10,3,99,1,N1,22.7,258,"$ 68.041,80"
H0380,Resistencia,2025-11,3,99,1,N1,24.6,360,"$ 94.616,17"
H0380,Resistencia,2025-12,3,99,1,N1,26.7,397,"$ 106.229,82"
H0381,Resistencia,2025-01,4,81,0,N2,27.7,,"$ 18.954,75"
H0381,Resistencia,2025-02,4,81,0,N2,27.0,154,"$ 18.497,87"
H0381,Resistencia,2025-03,4,81,0,N2,25.3,175,"$ 20.781,63"
H0381,Resistencia,2025-04,4,81,0,N2,21.6,143,"$ 18.456,45"
H0381,Resistencia,2025-05,4,81,0,N2,18.3,210,"$ 25.022,89"
H0381,Resistencia,2025-06,4,81,0,N2,16.0,392,"$ 47.776,54"
H0381,Resistencia,2025-07,4,81,0,N2,15.1,394,"$ 49.412,80"
H0381,Resistencia,2025-08,4,81,0,N2,16.6,327,"$ 38.427,65"
H0381,Resistencia,2025-09,4,81,0,N2,19.2,239,"$ 30.537,38"
H0381,Resistencia,2025-10,4,81,0,N2,22.7,173,"$ 24.496,63"
H0381,Resistencia,2025-11,4,81,0,N2,24.6,175,"$ 25.320,39"
H0381,Resistencia,2025-12,4,81,0,N2,26.7,135,"$ 21.620,89"
H0382,Resistencia,2025-01,3,72,1,N2,27.7,689,"$ 98.806,00"
H0382,Resistencia,2025-02,3,72,1,N2,27.0,443,"$ 53.241,58"
H0382,Resistencia,2025-03,3,72,1,N2,25.3,527,"$ 71.384,72"
H0382,Resistencia,2025-04,3,72,1,N2,21.6,182,"$ 21.923,45"
H0382,Resistencia,2025-05,3,72,1,N2,18.3,350,"$ 37.779,65"
H0382,Resistencia,2025-06,3,72,1,N2,16.0,449,"$ 60.061,94"
H0382,Resistencia,2025-07,3,72,1,N2,15.1,659,"$ 107.957,02"
H0382,Resistencia,2025-08,3,72,1,N2,16.6,99999,"$ 57.894,35"
H0382,Resistencia,2025-09,3,72,1,N2,19.2,275,"$ 34.158,23"
H0382,Resistencia,2025-10,3,72,1,N2,22.7,275,"$ 35.012,19"
H0382,Resistencia,2025-11,3,72,1,N2,24.6,471,"$ 73.319,40"
H0382,Resistencia,2025-12,3,72,1,N2,26.7,628,"$ 114.394,93"
H0383,Resistencia,2025-01,5,58,0,N2,27.7,233,"$ 24.568,15"
H0383,Resistencia,2025-02,5,58,0,N2,27.0,236,"$ 25.436,19"
H0383,Resistencia,2025-03,5,58,0,N2,25.3,228,"$ 25.378,27"
H0383,Resistencia,2025-04,5,58,0,N2,21.6,264,"$ 29.213,03"
H0383,Resistencia,2025-05,5,58,0,N2,18.3,414,"$ 51.237,34"
H0383,Resistencia,2025-06,5,58,0,N2,16.0,567,"$ 85.494,86"
H0383,Resistencia,2025-07,5,58,0,N2,15.1,787,"$ 136.234,98"
H0383,Resistencia,2025-08,5,58,0,N2,16.6,578,"$ 92.313,93"
H0383,Resistencia,2025-09,5,58,0,N2,19.2,286,"$ 35.264,60"
H0383,Resistencia,2025-10,5,58,0,N2,22.7,210,"$ 28.311,10"
H0383,Resistencia,2025-11,5,58,0,N2,24.6,230,"$ 31.132,30"
H0383,Resistencia,2025-12,5,58,0,N2,26.7,217,"$ 30.502,54"
H0384,Resistencia,2025-01,2,59,0,N2,27.7,132,"$ 16.230,60"
H0384,Resistencia,2025-02,2,59,0,N2,27.0,150,"$ 18.159,41"
H0384,Resistencia,2025-03,2,59,0,N2,25.3,s/l,"$ 18.786,86"
H0384,Resistencia,2025-04,2,59,0,N2,21.6,143,"$ 18.456,45"
H0384,Resistencia,2025-05,2,59,0,N2,18.3,355,"$ 38.831,03"
H0384,Resistencia,2025-06,2,59,0,N2,16.0,487,"$ 68.252,20"
H0384,Resistencia,2025-07,2,59,0,N2,15.1,513,"$ 75.702,47"
H0384,Resistencia,2025-08,2,59,0,N2,16.6,349,"$ 40.586,43"
H0384,Resistencia,2025-09,2,59,0,N2,19.2,182,"$ 24.804,37"
H0384,Resistencia,2025-10,2,59,0,N2,22.7,169,"$ 24.084,26"
H0384,Resistencia,2025-11,2,59,0,N2,24.6,142,"$ 21.833,25"
H0384,Resistencia,2025-12,2,59,0,N2,26.7,151,"$ 23.353,90"
H0385,Resistencia,2025-01,4,94,0,N2,27.7,265,"$ 27.209,75"
H0385,Resistencia,2025-02,4,94,0,N2,27.0,200,"$ 22.390,10"
H0385,Resistencia,2025-03,4,94,0,N2,25.3,,"$ 24.077,33"
H0385,Resistencia,2025-04,4,94,0,N2,21.6,209,"$ 24.323,67"
H0385,Resistencia,2025-05,4,94,0,N2,18.3,327,"$ 35.683,90"
H0385,Resistencia,2025-06,4,94,0,N2,16.0,445,"$ 59.199,80"
H0385,Resistencia,2025-07,4,94,0,N2,15.1,559,"$ 85.864,86"
H0385,Resistencia,2025-08,4,94,0,N2,16.6,449,"$ 63.102,57"
H0385,Resistencia,2025-09,4,94,0,N2,19.2,264,"$ 33.051,86"
H0385,Resistencia,2025-10,4,94,0,N2,22.7,203,"$ 27.589,44"
H0385,Resistencia,2025-11,4,94,0,N2,24.6,269,"$ 35.253,46"
H0385,Resistencia,2025-12,4,94,0,N2,26.7,233,"$ 32.235,54"
H0386,Resistencia,2025-01,4,132,4,N3,27.7,1553,"$ 274.510,50"
H0386,Resistencia,2025-02,4,132,4,N3,27.0,1703,"$ 310.662,64"
H0386,Resistencia,2025-03,4,132,4,N3,25.3,1183,"$ 214.354,29"
H0386,Resistencia,2025-04,4,132,4,N3,21.6,263,"$ 38.116,44"
H0386,Resistencia,2025-05,4,132,4,N3,18.3,99999,"$ 86.844,13"
H0386,Resistencia,2025-06,4,132,4,N3,16.0,746,"$ 136.648,09"
H0386,Resistencia,2025-07,4,132,4,N3,15.1,790,"$ 149.784,84"
H0386,Resistencia,2025-08,4,132,4,N3,16.6,687,"$ 130.205,67"
H0386,Resistencia,2025-09,4,132,4,N3,19.2,442,"$ 76.594,90"
H0386,Resistencia,2025-10,4,132,4,N3,22.7,781,"$ 159.160,72"
H0386,Resistencia,2025-11,4,132,4,N3,24.6,966,"$ 208.253,11"
H0386,Resistencia,2025-12,4,132,4,N3,26.7,1885,"$ 443.165,80"
H0387,Resistencia,2025-01,4,81,0,N3,27.7,217,"$ 30.137,10"
H0387,Resistencia,2025-02,4,81,0,N3,27.0,213,"$ 30.421,90"
H0387,Resistencia,2025-03,4,81,0,N3,25.3,203,"$ 29.981,58"
H0387,Resistencia,2025-04,4,81,0,N3,21.6,248,"$ 36.270,11"
H0387,Resistencia,2025-05,4,81,0,N3,18.3,323,"$ 46.639,30"
H0387,Resistencia,2025-06,4,81,0,N3,16.0,611,"$ 107.551,10"
H0387,Resistencia,2025-07,4,81,0,N3,15.1,713,"$ 132.773,88"
H0387,Resistencia,2025-08,4,81,0,N3,16.6,518,"$ 91.936,52"
H0387,Resistencia,2025-09,4,81,0,N3,19.2,259,"$ 42.568,19"
H0387,Resistencia,2025-10,4,81,0,N3,22.7,260,"$ 43.775,14"
H0387,Resistencia,2025-11,4,81,0,N3,24.6,195,"$ 35.359,14"
H0387,Resistencia,2025-12,4,81,0,N3,26.7,229,"$ 41.342,14"
H0388,Resistencia,2025-01,3,60,0,N2,27.7,153,"$ 17.964,15"
H0388,Resistencia,2025-02,3,60,0,N2,27.0,139,"$ 17.228,66"
H0388,Resistencia,2025-03,3,60,0,N2,25.3,178,"$ 21.041,81"
H0388,Resistencia,2025-04,3,60,0,N2,21.6,146,"$ 18.723,14"
H0388,Resistencia,2025-05,3,60,0,N2,18.3,245,"$ 28.212,08"
H0388,Resistencia,2025-06,3,60,0,N2,16.0,495,"$ 69.976,47"
H0388,Resistencia,2025-07,3,60,0,N2,15.1,464,"$ 64.877,31"
H0388,Resistencia,2025-08,3,60,0,N2,16.6,395,"$ 50.874,56"
H0388,Resistencia,2025-09,3,60,0,N2,19.2,228,"$ 29.431,01"
H0388,Resistencia,2025-10,3,60,0,N2,22.7,154,"$ 22.537,86"
H0388,Resistencia,2025-11,3,60,0,N2,24.6,136,"$ 21.199,22"
H0388,Resistencia,2025-12,3,60,0,N2,26.7,173,"$ 25.736,78"
H0389,Resistencia,2025-01,7,118,4,N3,27.7,1694,"$ 301.371,00"
H0389,Resistencia,2025-02,7,118,4,N3,27.0,1190,"$ 210.492,98"
H0389,Resistencia,2025-03,7,118,4,N3,25.3,952,"$ 168.121,01"
H0389,Resistencia,2025-04,7,118,4,N3,21.6,427,"$ 64.621,51"
H0389,Resistencia,2025-05,7,118,4,N3,18.3,508,"$ 83.269,44"
H0389,Resistencia,2025-06,7,118,4,N3,16.0,996,"$ 190.531,41"
H0389,Resistencia,2025-07,7,118,4,N3,15.1,1049,"$ 207.003,54"
H0389,Resistencia,2025-08,7,118,4,N3,16.6,931,"$ 185.458,16"
H0389,Resistencia,2025-09,7,118,4,N3,19.2,380,"$ 62.204,34"
H0389,Resistencia,2025-10,7,118,4,N3,22.7,579,"$ 111.103,22"
H0389,Resistencia,2025-11,7,118,4,N3,24.6,905,"$ 193.377,89"
H0389,Resistencia,2025-12,7,118,4,N3,26.7,1388,"$ 318.939,40"
H0390,Resistencia,2025-01,4,109,2,N1,27.7,884,"$ 173.736,00"
H0390,Resistencia,2025-02,4,109,2,N1,27.0,,"$ 163.629,98"
H0390,Resistencia,2025-03,4,109,2,N1,25.3,s/l,"$ 115.082,84"
H0390,Resistencia,2025-04,4,109,2,N1,21.6,219,"$ 50.671,47"
H0390,Resistencia,2025-05,4,109,2,N1,18.3,285,"$ 65.816,50"
H0390,Resistencia,2025-06,4,109,2,N1,16.0,514,"$ 116.819,03"
H0390,Resistencia,2025-07,4,109,2,N1,15.1,594,"$ 137.413,23"
H0390,Resistencia,2025-08,4,109,2,N1,16.6,432,"$ 104.164,53"
H0390,Resistencia,2025-09,4,109,2,N1,19.2,284,"$ 72.416,99"
H0390,Resistencia,2025-10,4,109,2,N1,22.7,425,"$ 107.772,50"
H0390,Resistencia,2025-11,4,109,2,N1,24.6,442,"$ 114.612,37"
H0390,Resistencia,2025-12,4,109,2,N1,26.7,862,"$ 222.457,73"
H0391,Resistencia,2025-01,2,124,2,N3,27.7,840,"$ 138.684,00"
H0391,Resistencia,2025-02,2,124,2,N3,27.0,1084,"$ 189.795,15"
H0391,Resistencia,2025-03,2,124,2,N3,25.3,650,"$ 107.677,51"
H0391,Resistencia,2025-04,2,124,2,N3,21.6,99999,"$ 35.900,84"
H0391,Resistencia,2025-05,2,124,2,N3,18.3,440,"$ 68.970,64"
H0391,Resistencia,2025-06,2,124,2,N3,16.0,473,"$ 77.807,51"
H0391,Resistencia,2025-07,2,124,2,N3,15.1,674,"$ 124.157,94"
H0391,Resistencia,2025-08,2,124,2,N3,16.6,99999,"$ 80.387,85"
H0391,Resistencia,2025-09,2,124,2,N3,19.2,,"$ 51.202,53"
H0391,Resistencia,2025-10,2,124,2,N3,22.7,392,"$ 66.614,35"
H0391,Resistencia,2025-11,2,124,2,N3,24.6,582,"$ 114.612,37"
H0391,Resistencia,2025-12,2,124,2,N3,26.7,669,"$ 139.223,55"
H0392,Resistencia,2025-01,2,64,0,N2,27.7,125,"$ 15.652,75"
H0392,Resistencia,2025-02,2,64,0,N2,27.0,123,"$ 15.874,84"
H0392,Resistencia,2025-03,2,64,0,N2,25.3,127,"$ 16.618,63"
H0392,Resistencia,2025-04,2,64,0,N2,21.6,120,"$ 16.411,81"
H0392,Resistencia,2025-05,2,64,0,N2,18.3,171,"$ 21.469,22"
H0392,Resistencia,2025-06,2,64,0,N2,16.0,249,"$ 29.290,97"
H0392,Resistencia,2025-07,2,64,0,N2,15.1,99999,"$ 31.076,30"
H0392,Resistencia,2025-08,2,64,0,N2,16.6,212,"$ 27.143,16"
H0392,Resistencia,2025-09,2,64,0,N2,19.2,159,"$ 22.491,05"
H0392,Resistencia,2025-10,2,64,0,N2,22.7,117,"$ 18.723,39"
H0392,Resistencia,2025-11,2,64,0,N2,24.6,95,"$ 16.866,71"
H0392,Resistencia,2025-12,2,64,0,N2,26.7,125,"$ 20.537,76"
H0393,Resistencia,2025-01,3,92,3,N1,27.7,1293,"$ 251.650,50"
H0393,Resistencia,2025-02,3,92,3,N1,27.0,1371,"$ 273.172,24"
H0393,Resistencia,2025-03,3,92,3,N1,25.3,1007,"$ 207.149,10"
H0393,Resistencia,2025-04,3,92,3,N1,21.6,291,"$ 65.442,10"
H0393,Resistencia,2025-05,3,92,3,N1,18.3,395,"$ 88.946,90"
H0393,Resistencia,2025-06,3,92,3,N1,16.0,495,"$ 112.723,90"
H0393,Resistencia,2025-07,3,92,3,N1,15.1,544,"$ 126.367,15"
H0393,Resistencia,2025-08,3,92,3,N1,16.6,444,"$ 106.881,87"
H0393,Resistencia,2025-09,3,92,3,N1,19.2,99999,"$ 88.200,19"
H0393,Resistencia,2025-10,3,92,3,N1,22.7,398,"$ 101.348,98"
H0393,Resistencia,2025-11,3,92,3,N1,24.6,790,"$ 199.474,29"
H0393,Resistencia,2025-12,3,92,3,N1,26.7,1321,"$ 337.185,93"
H0394,Resistencia,2025-01,2,83,1,N2,27.7,395,"$ 42.799,00"
H0394,Resistencia,2025-02,2,83,1,N2,27.0,377,"$ 40.354,25"
H0394,Resistencia,2025-03,2,83,1,N2,25.3,283,"$ 30.148,37"
H0394,Resistencia,2025-04,2,83,1,N2,21.6,163,"$ 20.234,40"
H0394,Resistencia,2025-05,2,83,1,N2,18.3,222,"$ 26.116,32"
H0394,Resistencia,2025-06,2,83,1,N2,16.0,350,"$ 38.724,14"
H0394,Resistencia,2025-07,2,83,1,N2,15.1,536,"$ 80.783,66"
H0394,Resistencia,2025-08,2,83,1,N2,16.6,296,"$ 35.385,75"
H0394,Resistencia,2025-09,2,83,1,N2,19.2,189,"$ 25.508,42"
H0394,Resistencia,2025-10,2,83,1,N2,22.7,210,"$ 28.311,10"
H0394,Resistencia,2025-11,2,83,1,N2,24.6,282,"$ 36.627,19"
H0394,Resistencia,2025-12,2,83,1,N2,26.7,386,"$ 53.906,42"
H0395,Resistencia,2025-01,4,84,3,N2,27.7,940,"$ 146.621,50"
H0395,Resistencia,2025-02,4,84,3,N2,27.0,707,"$ 104.790,88"
H0395,Resistencia,2025-03,4,84,3,N2,25.3,644,"$ 94.801,57"
H0395,Resistencia,2025-04,4,84,3,N2,21.6,178,"$ 21.567,86"
H0395,Resistencia,2025-05,4,84,3,N2,18.3,277,"$ 31.127,91"
H0395,Resistencia,2025-06,4,84,3,N2,16.0,548,"$ 81.399,73"
H0395,Resistencia,2025-07,4,84,3,N2,15.1,529,"$ 79.237,21"
H0395,Resistencia,2025-08,4,84,3,N2,16.6,437,"$ 60.385,24"
H0395,Resistencia,2025-09,4,84,3,N2,19.2,213,"$ 27.922,32"
H0395,Resistencia,2025-10,4,84,3,N2,22.7,272,"$ 34.702,90"
H0395,Resistencia,2025-11,4,84,3,N2,24.6,s/l,"$ 87.219,20"
H0395,Resistencia,2025-12,4,84,3,N2,26.7,596,"$ 106.396,45"
H0396,Resistencia,2025-01,2,83,0,N2,27.7,148,"$ 17.551,40"
H0396,Resistencia,2025-02,2,83,0,N2,27.0,154,"$ 18.497,87"
H0396,Resistencia,2025-03,2,83,0,N2,25.3,174,"$ 20.694,90"
H0396,Resistencia,2025-04,2,83,0,N2,21.6,170,"$ 20.856,68"
H0396,Resistencia,2025-05,2,83,0,N2,18.3,267,"$ 30.216,71"
H0396,Resistencia,2025-06,2,83,0,N2,16.0,527,"$ 76.873,53"
H0396,Resistencia,2025-07,2,83,0,N2,15.1,424,"$ 56.040,44"
H0396,Resistencia,2025-08,2,83,0,N2,16.6,392,"$ 50.195,23"
H0396,Resistencia,2025-09,2,83,0,N2,19.2,220,"$ 28.626,38"
H0396,Resistencia,2025-10,2,83,0,N2,22.7,140,"$ 21.094,54"
H0396,Resistencia,2025-11,2,83,0,N2,24.6,138,"$ 21.410,57"
H0396,Resistencia,2025-12,2,83,0,N2,26.7,166,"$ 24.978,59"
H0397,Resistencia,2025-01,3,74,1,N2,27.7,434,"$ 50.228,50"
H0397,Resistencia,2025-02,3,74,1,N2,27.0,482,"$ 60.856,81"
H0397,Resistencia,2025-03,3,74,1,N2,25.3,325,"$ 33.790,99"
H0397,Resistencia,2025-04,3,74,1,N2,21.6,161,"$ 20.056,60"
H0397,Resistencia,2025-05,3,74,1,N2,18.3,374,"$ 42.826,28"
H0397,Resistencia,2025-06,3,74,1,N2,16.0,461,"$ 62.648,34"
H0397,Resistencia,2025-07,3,74,1,N2,15.1,618,"$ 98.899,23"
H0397,Resistencia,2025-08,3,74,1,N2,16.6,536,"$ 82.803,26"
H0397,Resistencia,2025-09,3,74,1,N2,19.2,238,"$ 30.436,80"
H0397,Resistencia,2025-10,3,74,1,N2,22.7,209,"$ 28.208,01"
H0397,Resistencia,2025-11,3,74,1,N2,24.6,352,"$ 44.300,53"
H0397,Resistencia,2025-12,3,74,1,N2,26.7,338,"$ 43.608,38"
H0398,Resistencia,2025-01,2,50,1,N2,27.7,407,"$ 45.085,00"
H0398,Resistencia,2025-02,2,50,1,N2,27.0,344,"$ 34.574,48"
H0398,Resistencia,2025-03,2,50,1,N2,25.3,306,"$ 32.143,14"
H0398,Resistencia,2025-04,2,50,1,N2,21.6,120,"$ 16.411,81"
H0398,Resistencia,2025-05,2,50,1,N2,18.3,211,"$ 25.114,01"
H0398,Resistencia,2025-06,2,50,1,N2,16.0,408,"$ 51.225,07"
H0398,Resistencia,2025-07,2,50,1,N2,15.1,434,"$ 58.249,66"
H0398,Resistencia,2025-08,2,50,1,N2,16.6,351,"$ 40.911,00"
H0398,Resistencia,2025-09,2,50,1,N2,19.2,188,"$ 25.407,84"
H0398,Resistencia,2025-10,2,50,1,N2,22.7,146,"$ 21.713,11"
H0398,Resistencia,2025-11,2,50,1,N2,24.6,257,"$ 33.985,41"
H0398,Resistencia,2025-12,2,50,1,N2,26.7,356,"$ 46.407,85"
H0399,Resistencia,2025-01,3,60,0,N2,27.7,135,"$ 16.478,25"
H0399,Resistencia,2025-02,3,60,0,N2,27.0,99,"$ 13.844,11"
H0399,Resistencia,2025-03,3,60,0,N2,25.3,130,"$ 16.878,82"
H0399,Resistencia,2025-04,3,60,0,N2,21.6,142,"$ 18.367,55"
H0399,Resistencia,2025-05,3,60,0,N2,18.3,189,"$ 23.109,37"
H0399,Resistencia,2025-06,3,60,0,N2,16.0,330,"$ 36.856,19"
H0399,Resistencia,2025-07,3,60,0,N2,15.1,337,"$ 38.447,72"
H0399,Resistencia,2025-08,3,60,0,N2,16.6,298,"$ 35.582,00"
H0399,Resistencia,2025-09,3,60,0,N2,19.2,180,"$ 24.603,21"
H0399,Resistencia,2025-10,3,60,0,N2,22.7,130,"$ 20.063,61"
H0399,Resistencia,2025-11,3,60,0,N2,24.6,153,"$ 22.995,63"
H0399,Resistencia,2025-12,3,60,0,N2,26.7,113,"$ 19.238,01"
H0400,Resistencia,2025-01,2,69,0,N2,27.7,197,"$ 21.596,35"
H0400,Resistencia,2025-02,2,69,0,N2,27.0,233,"$ 25.182,35"
H0400,Resistencia,2025-03,2,69,0,N2,25.3,171,"$ 20.434,71"
H0400,Resistencia,2025-04,2,69,0,N2,21.6,171,"$ 20.945,58"
H0400,Resistencia,2025-05,2,69,0,N2,18.3,283,"$ 31.674,63"
H0400,Resistencia,2025-06,2,69,0,N2,16.0,405,"$ 50.578,47"
H0400,Resistencia,2025-07,2,69,0,N2,15.1,442,"$ 60.017,03"
H0400,Resistencia,2025-08,2,69,0,N2,16.6,526,"$ 80.538,81"
H0400,Resistencia,2025-09,2,69,0,N2,19.2,217,"$ 28.324,64"
H0400,Resistencia,2025-10,2,69,0,N2,22.7,201,"$ 27.383,26"
H0400,Resistencia,2025-11,2,69,0,N2,24.6,199,"$ 27.856,50"
H0400,Resistencia,2025-12,2,69,0,N2,26.7,199,"$ 28.552,91"
H0401,Resistencia,2025-01,4,143,4,N1,27.7,1489,"$ 288.988,50"
H0401,Resistencia,2025-02,4,143,4,N1,27.0,1518,"$ 301.875,83"
H0401,Resistencia,2025-03,4,143,4,N1,25.3,1291,"$ 263.990,02"
H0401,Resistencia,2025-04,4,143,4,N1,21.6,331,"$ 73.648,01"
H0401,Resistencia,2025-05,4,143,4,N1,18.3,538,"$ 119.016,42"
H0401,Resistencia,2025-06,4,143,4,N1,16.0,799,"$ 178.246,01"
H0401,Resistencia,2025-07,4,143,4,N1,15.1,817,"$ 186.678,75"
H0401,Resistencia,2025-08,4,143,4,N1,16.6,773,"$ 181.382,15"
H0401,Resistencia,2025-09,4,143,4,N1,19.2,388,"$ 96.555,99"
H0401,Resistencia,2025-10,4,143,4,N1,22.7,477,"$ 120.143,74"
H0401,Resistencia,2025-11,4,143,4,N1,24.6,1028,"$ 257.512,05"
H0401,Resistencia,2025-12,4,143,4,N1,26.7,1387,"$ 353.682,80"
H0402,Resistencia,2025-01,2,62,1,N3,27.7,440,"$ 62.484,00"
H0402,Resistencia,2025-02,2,62,1,N3,27.0,285,"$ 38.857,24"
H0402,Resistencia,2025-03,2,62,1,N3,25.3,248,"$ 35.385,47"
H0402,Resistencia,2025-04,2,62,1,N3,21.6,124,"$ 21.007,12"
H0402,Resistencia,2025-05,2,62,1,N3,18.3,189,"$ 29.733,08"
H0402,Resistencia,2025-06,2,62,1,N3,16.0,417,"$ 65.737,65"
H0402,Resistencia,2025-07,2,62,1,N3,15.1,388,"$ 60.974,36"
H0402,Resistencia,2025-08,2,62,1,N3,16.6,305,"$ 47.779,82"
H0402,Resistencia,2025-09,2,62,1,N3,19.2,168,"$ 29.895,22"
H0402,Resistencia,2025-10,2,62,1,N3,22.7,223,"$ 38.493,58"
H0402,Resistencia,2025-11,2,62,1,N3,24.6,259,"$ 44.723,21"
H0402,Resistencia,2025-12,2,62,1,N3,26.7,356,"$ 60.988,41"
H0403,Resistencia,2025-01,5,85,1,N2,27.7,473,"$ 57.658,00"
H0403,Resistencia,2025-02,5,85,1,N2,27.0,420,"$ 48.750,54"
H0403,Resistencia,2025-03,5,85,1,N2,25.3,442,"$ 54.372,47"
H0403,Resistencia,2025-04,5,85,1,N2,21.6,219,"$ 25.212,65"
H0403,Resistencia,2025-05,5,85,1,N2,18.3,317,"$ 34.772,70"
H0403,Resistencia,2025-06,5,85,1,N2,16.0,440,"$ 58.122,14"
H0403,Resistencia,2025-07,5,85,1,N2,15.1,584,"$ 91.387,90"
H0403,Resistencia,2025-08,5,85,1,N2,16.6,459,"$ 65.367,02"
H0403,Resistencia,2025-09,5,85,1,N2,19.2,214,"$ 28.022,90"
H0403,Resistencia,2025-10,5,85,1,N2,22.7,216,"$ 28.929,66"
H0403,Resistencia,2025-11,5,85,1,N2,24.6,271,"$ 35.464,81"
H0403,Resistencia,2025-12,5,85,1,N2,26.7,455,"$ 71.153,15"
H0404,Resistencia,2025-01,3,110,0,N2,27.7,169,"$ 19.284,95"
H0404,Resistencia,2025-02,3,110,0,N2,27.0,148,"$ 17.990,19"
H0404,Resistencia,2025-03,3,110,0,N2,25.3,157,"$ 19.220,50"
H0404,Resistencia,2025-04,3,110,0,N2,21.6,181,"$ 21.834,55"
H0404,Resistencia,2025-05,3,110,0,N2,18.3,253,"$ 28.941,04"
H0404,Resistencia,2025-06,3,110,0,N2,16.0,394,"$ 48.207,61"
H0404,Resistencia,2025-07,3,110,0,N2,15.1,492,"$ 71.063,11"
H0404,Resistencia,2025-08,3,110,0,N2,16.6,415,"$ 55.403,45"
H0404,Resistencia,2025-09,3,110,0,N2,19.2,203,"$ 26.916,53"
H0404,Resistencia,2025-10,3,110,0,N2,22.7,140,"$ 21.094,54"
H0404,Resistencia,2025-11,3,110,0,N2,24.6,196,"$ 27.539,48"
H0404,Resistencia,2025-12,3,110,0,N2,26.7,173,"$ 25.736,78"
H0405,Resistencia,2025-01,3,107,1,N2,27.7,561,"$ 74.422,00"
H0405,Resistencia,2025-02,3,107,1,N2,27.0,484,"$ 61.247,34"
H0405,Resistencia,2025-03,3,107,1,N2,25.3,391,"$ 44.165,12"
H0405,Resistencia,2025-04,3,107,1,N2,21.6,219,"$ 25.212,65"
H0405,Resistencia,2025-05,3,107,1,N2,18.3,383,"$ 44.718,77"
H0405,Resistencia,2025-06,3,107,1,N2,16.0,628,"$ 98.642,39"
H0405,Resistencia,2025-07,3,107,1,N2,15.1,761,"$ 130.491,02"
H0405,Resistencia,2025-08,3,107,1,N2,16.6,493,"$ 73.066,14"
H0405,Resistencia,2025-09,3,107,1,N2,19.2,274,"$ 34.057,65"
H0405,Resistencia,2025-10,3,107,1,N2,22.7,247,"$ 32.125,56"
H0405,Resistencia,2025-11,3,107,1,N2,24.6,345,"$ 43.284,46"
H0405,Resistencia,2025-12,3,107,1,N2,26.7,346,"$ 44.474,88"
H0406,Resistencia,2025-01,3,86,2,N2,27.7,572,"$ 76.517,50"
H0406,Resistencia,2025-02,3,86,2,N2,27.0,712,"$ 105.767,19"
H0406,Resistencia,2025-03,3,86,2,N2,25.3,436,"$ 53.171,61"
H0406,Resistencia,2025-04,3,86,2,N2,21.6,153,"$ 19.345,42"
H0406,Resistencia,2025-05,3,86,2,N2,18.3,288,"$ 32.130,23"
H0406,Resistencia,2025-06,3,86,2,N2,16.0,361,"$ 41.095,01"
H0406,Resistencia,2025-07,3,86,2,N2,15.1,620,"$ 99.341,08"
H0406,Resistencia,2025-08,3,86,2,N2,16.6,471,"$ 68.084,35"
H0406,Resistencia,2025-09,3,86,2,N2,19.2,165,"$ 23.094,52"
H0406,Resistencia,2025-10,3,86,2,N2,22.7,308,"$ 38.414,28"
H0406,Resistencia,2025-11,3,86,2,N2,24.6,489,"$ 77.708,81"
H0406,Resistencia,2025-12,3,86,2,N2,26.7,702,"$ 132.891,42"
H0407,Resistencia,2025-01,7,93,1,N2,27.7,541,"$ 70.612,00"
H0407,Resistencia,2025-02,7,93,1,N2,27.0,589,"$ 81.749,90"
H0407,Resistencia,2025-03,7,93,1,N2,25.3,539,"$ 73.786,44"
H0407,Resistencia,2025-04,7,93,1,N2,21.6,309,"$ 33.213,41"
H0407,Resistencia,2025-05,7,93,1,N2,18.3,545,"$ 78.783,54"
H0407,Resistencia,2025-06,7,93,1,N2,16.0,812,"$ 138.300,51"
H0407,Resistencia,2025-07,7,93,1,N2,15.1,1064,"$ 197.430,27"
H0407,Resistencia,2025-08,7,93,1,N2,16.6,600,"$ 97.295,71"
H0407,Resistencia,2025-09,7,93,1,N2,19.2,455,"$ 66.072,77"
H0407,Resistencia,2025-10,7,93,1,N2,22.7,419,"$ 59.159,89"
H0407,Resistencia,2025-11,7,93,1,N2,24.6,579,"$ 99.655,86"
H0407,Resistencia,2025-12,7,93,1,N2,26.7,467,"$ 74.152,58"
H0408,Resistencia,2025-01,3,62,1,N2,27.7,322,"$ 31.915,10"
H0408,Resistencia,2025-02,3,62,1,N2,27.0,343,"$ 34.489,87"
H0408,Resistencia,2025-03,3,62,1,N2,25.3,330,"$ 34.224,63"
H0408,Resistencia,2025-04,3,62,1,N2,21.6,132,"$ 17.478,58"
H0408,Resistencia,2025-05,3,62,1,N2,18.3,277,"$ 31.127,91"
H0408,Resistencia,2025-06,3,62,1,N2,16.0,299,"$ 33.960,86"
H0408,Resistencia,2025-07,3,62,1,N2,15.1,412,"$ 53.389,39"
H0408,Resistencia,2025-08,3,62,1,N2,16.6,321,"$ 37.838,90"
H0408,Resistencia,2025-09,3,62,1,N2,19.2,204,"$ 27.017,11"
H0408,Resistencia,2025-10,3,62,1,N2,22.7,199,"$ 27.177,07"
H0408,Resistencia,2025-11,3,62,1,N2,24.6,252,"$ 33.457,06"
H0408,Resistencia,2025-12,3,62,1,N2,26.7,273,"$ 36.568,05"
H0409,Resistencia,2025-01,6,136,1,N3,27.7,800,"$ 131.064,00"
H0409,Resistencia,2025-02,6,136,1,N3,27.0,965,"$ 166.558,91"
H0409,Resistencia,2025-03,6,136,1,N3,25.3,608,"$ 99.271,46"
H0409,Resistencia,2025-04,6,136,1,N3,21.6,397,"$ 58.467,08"
H0409,Resistencia,2025-05,6,136,1,N3,18.3,725,"$ 128.899,41"
H0409,Resistencia,2025-06,6,136,1,N3,16.0,882,"$ 165.960,61"
H0409,Resistencia,2025-07,6,136,1,N3,15.1,1159,"$ 231.304,91"
H0409,Resistencia,2025-08,6,136,1,N3,16.6,1003,"$ 201.762,17"
H0409,Resistencia,2025-09,6,136,1,N3,19.2,479,"$ 85.182,81"
H0409,Resistencia,2025-10,6,136,1,N3,22.7,513,"$ 95.401,27"
H0409,Resistencia,2025-11,6,136,1,N3,24.6,614,"$ 122.415,77"
H0409,Resistencia,2025-12,6,136,1,N3,26.7,738,"$ 156.470,27"
H0410,Resistencia,2025-01,4,69,1,N2,27.7,656,"$ 92.519,50"
H0410,Resistencia,2025-02,4,69,1,N2,27.0,403,"$ 45.431,07"
H0410,Resistencia,2025-03,4,69,1,N2,25.3,438,"$ 53.571,89"
H0410,Resistencia,2025-04,4,69,1,N2,21.6,265,"$ 29.301,92"
H0410,Resistencia,2025-05,4,69,1,N2,18.3,492,"$ 67.638,89"
H0410,Resistencia,2025-06,4,69,1,N2,16.0,734,"$ 121.488,92"
H0410,Resistencia,2025-07,4,69,1,N2,15.1,937,"$ 169.373,22"
H0410,Resistencia,2025-08,4,69,1,N2,16.6,765,"$ 134.659,08"
H0410,Resistencia,2025-09,4,69,1,N2,19.2,292,"$ 35.868,08"
H0410,Resistencia,2025-10,4,69,1,N2,22.7,340,"$ 41.713,27"
H0410,Resistencia,2025-11,4,69,1,N2,24.6,399,"$ 55.761,76"
H0410,Resistencia,2025-12,4,69,1,N2,26.7,575,"$ 101.147,45"
H0411,Resistencia,2025-01,5,105,2,N3,27.7,691,"$ 110.299,50"
H0411,Resistencia,2025-02,5,105,2,N3,27.0,733,"$ 121.258,01"
H0411,Resistencia,2025-03,5,105,2,N3,25.3,436,"$ 64.846,68"
H0411,Resistencia,2025-04,5,105,2,N3,21.6,194,"$ 29.623,32"
H0411,Resistencia,2025-05,5,105,2,N3,18.3,392,"$ 58.877,38"
H0411,Resistencia,2025-06,5,105,2,N3,16.0,808,"$ 150.011,15"
H0411,Resistencia,2025-07,5,105,2,N3,15.1,718,"$ 133.878,49"
H0411,Resistencia,2025-08,5,105,2,N3,16.6,642,"$ 120.015,66"
H0411,Resistencia,2025-09,5,105,2,N3,19.2,309,"$ 49.531,37"
H0411,Resistencia,2025-10,5,105,2,N3,22.7,321,"$ 52.482,59"
H0411,Resistencia,2025-11,5,105,2,N3,24.6,507,"$ 96.323,16"
H0411,Resistencia,2025-12,5,105,2,N3,26.7,597,"$ 121.226,97"
H0412,Resistencia,2025-01,2,50,0,N3,27.7,118,"$ 18.821,40"
H0412,Resistencia,2025-02,2,50,0,N3,27.0,193,"$ 28.078,75"
H0412,Resistencia,2025-03,2,50,0,N3,25.3,136,"$ 21.935,79"
H0412,Resistencia,2025-04,2,50,0,N3,21.6,184,"$ 28.392,44"
H0412,Resistencia,2025-05,2,50,0,N3,18.3,256,"$ 38.186,19"
H0412,Resistencia,2025-06,2,50,0,N3,16.0,398,"$ 61.642,51"
H0412,Resistencia,2025-07,2,50,0,N3,15.1,418,"$ 67.602,01"
H0412,Resistencia,2025-08,2,50,0,N3,16.6,339,"$ 52.399,29"
H0412,Resistencia,2025-09,2,50,0,N3,19.2,180,"$ 31.566,38"
H0412,Resistencia,2025-10,2,50,0,N3,22.7,169,"$ 30.785,35"
H0412,Resistencia,2025-11,2,50,0,N3,24.6,167,"$ 31.262,35"
H0412,Resistencia,2025-12,2,50,0,N3,26.7,135,"$ 27.244,82"
H0413,Resistencia,2025-01,2,73,1,N2,27.7,600,"$ 81.851,50"
H0413,Resistencia,2025-02,2,73,1,N2,27.0,466,"$ 57.732,61"
H0413,Resistencia,2025-03,2,73,1,N2,25.3,370,"$ 39.962,10"
H0413,Resistencia,2025-04,2,73,1,N2,21.6,144,"$ 18.545,35"
H0413,Resistencia,2025-05,2,73,1,N2,18.3,310,"$ 34.134,86"
H0413,Resistencia,2025-06,2,73,1,N2,16.0,512,"$ 73.640,53"
H0413,Resistencia,2025-07,2,73,1,N2,15.1,588,"$ 92.271,59"
H0413,Resistencia,2025-08,2,73,1,N2,16.6,340,"$ 39.703,29"
H0413,Resistencia,2025-09,2,73,1,N2,19.2,247,"$ 31.342,01"
H0413,Resistencia,2025-10,2,73,1,N2,22.7,281,"$ 35.630,75"
H0413,Resistencia,2025-11,2,73,1,N2,24.6,332,"$ 41.910,74"
H0413,Resistencia,2025-12,2,73,1,N2,26.7,519,"$ 87.150,11"
H0414,Resistencia,2025-01,4,101,3,N3,27.7,1200,"$ 207.264,00"
H0414,Resistencia,2025-02,4,101,3,N3,27.0,1247,"$ 221.622,94"
H0414,Resistencia,2025-03,4,101,3,N3,25.3,1009,"$ 179.529,22"
H0414,Resistencia,2025-04,4,101,3,N3,21.6,349,"$ 48.702,06"
H0414,Resistencia,2025-05,4,101,3,N3,18.3,427,"$ 66.237,05"
H0414,Resistencia,2025-06,4,101,3,N3,16.0,576,"$ 100.007,43"
H0414,Resistencia,2025-07,4,101,3,N3,15.1,617,"$ 111.565,41"
H0414,Resistencia,2025-08,4,101,3,N3,16.6,553,"$ 99.862,08"
H0414,Resistencia,2025-09,4,101,3,N3,19.2,s/l,"$ 59.419,07"
H0414,Resistencia,2025-10,4,101,3,N3,22.7,558,"$ 106.107,14"
H0414,Resistencia,2025-11,4,101,3,N3,24.6,803,"$ 168.504,57"
H0414,Resistencia,2025-12,4,101,3,N3,26.7,1080,"$ 241.954,03"
H0415,Resistencia,2025-01,2,63,1,N2,27.7,815,"$ 122.809,00"
H0415,Resistencia,2025-02,2,63,1,N2,27.0,634,"$ 90.536,71"
H0415,Resistencia,2025-03,2,63,1,N2,25.3,448,"$ 55.573,33"
H0415,Resistencia,2025-04,2,63,1,N2,21.6,196,"$ 23.168,01"
H0415,Resistencia,2025-05,2,63,1,N2,18.3,363,"$ 40.513,24"
H0415,Resistencia,2025-06,2,63,1,N2,16.0,457,"$ 61.786,20"
H0415,Resistencia,2025-07,2,63,1,N2,15.1,566,"$ 87.411,31"
H0415,Resistencia,2025-08,2,63,1,N2,16.6,442,"$ 61.517,46"
H0415,Resistencia,2025-09,2,63,1,N2,19.2,215,"$ 28.123,48"
H0415,Resistencia,2025-10,2,63,1,N2,22.7,237,"$ 31.094,63"
H0415,Resistencia,2025-11,2,63,1,N2,24.6,393,"$ 54.298,63"
H0415,Resistencia,2025-12,2,63,1,N2,26.7,584,"$ 103.397,02"
H0416,Resistencia,2025-01,3,69,0,N2,27.7,207,"$ 22.421,85"
H0416,Resistencia,2025-02,3,69,0,N2,27.0,227,"$ 24.674,67"
H0416,Resistencia,2025-03,3,69,0,N2,25.3,239,"$ 26.332,29"
H0416,Resistencia,2025-04,3,69,0,N2,21.6,252,"$ 28.146,26"
H0416,Resistencia,2025-05,3,69,0,N2,18.3,437,"$ 56.073,69"
H0416,Resistencia,2025-06,3,69,0,N2,16.0,728,"$ 120.195,72"
H0416,Resistencia,2025-07,3,69,0,N2,15.1,803,"$ 139.769,73"
H0416,Resistencia,2025-08,3,69,0,N2,16.6,602,"$ 97.748,60"
H0416,Resistencia,2025-09,3,69,0,N2,19.2,303,"$ 36.974,45"
H0416,Resistencia,2025-10,3,69,0,N2,22.7,s/l,"$ 26.558,51"
H0416,Resistencia,2025-11,3,69,0,N2,24.6,244,"$ 32.611,69"
H0416,Resistencia,2025-12,3,69,0,N2,26.7,210,"$ 29.744,35"
H0417,Resistencia,2025-01,6,100,3,N2,27.7,1126,"$ 182.054,50"
H0417,Resistencia,2025-02,6,100,3,N2,27.0,1203,"$ 201.641,08"
H0417,Resistencia,2025-03,6,100,3,N2,25.3,890,"$ 144.037,01"
H0417,Resistencia,2025-04,6,100,3,N2,21.6,378,"$ 42.602,33"
H0417,Resistencia,2025-05,6,100,3,N2,18.3,529,"$ 75.419,12"
H0417,Resistencia,2025-06,6,100,3,N2,16.0,1001,"$ 179.036,30"
H0417,Resistencia,2025-07,6,100,3,N2,15.1,1145,"$ 215.324,92"
H0417,Resistencia,2025-08,6,100,3,N2,16.6,734,"$ 127.639,29"
H0417,Resistencia,2025-09,6,100,3,N2,19.2,452,"$ 65.376,45"
H0417,Resistencia,2025-10,6,100,3,N2,22.7,425,"$ 60.587,34"
H0417,Resistencia,2025-11,6,100,3,N2,24.6,744,"$ 139.892,12"
H0417,Resistencia,2025-12,6,100,3,N2,26.7,1043,"$ 218.125,22"
H0418,Resistencia,2025-01,2,97,0,N3,27.7,206,"$ 28.879,80"
H0418,Resistencia,2025-02,2,97,0,N3,27.0,167,"$ 25.032,65"
H0418,Resistencia,2025-03,2,97,0,N3,25.3,252,"$ 35.865,82"
H0418,Resistencia,2025-04,2,97,0,N3,21.6,214,"$ 32.085,09"
H0418,Resistencia,2025-05,2,97,0,N3,18.3,234,"$ 35.410,54"
H0418,Resistencia,2025-06,2,97,0,N3,16.0,474,"$ 78.023,04"
H0418,Resistencia,2025-07,2,97,0,N3,15.1,582,"$ 103.833,15"
H0418,Resistencia,2025-08,2,97,0,N3,16.6,395,"$ 64.083,83"
H0418,Resistencia,2025-09,2,97,0,N3,19.2,249,"$ 41.175,56"
H0418,Resistencia,2025-10,2,97,0,N3,22.7,201,"$ 35.353,19"
H0418,Resistencia,2025-11,2,97,0,N3,24.6,182,"$ 33.457,06"
H0418,Resistencia,2025-12,2,97,0,N3,26.7,215,"$ 39.242,54"
H0419,Resistencia,2025-01,2,59,1,N2,27.7,398,"$ 43.370,50"
H0419,Resistencia,2025-02,2,59,1,N2,27.0,391,"$ 43.087,93"
H0419,Resistencia,2025-03,2,59,1,N2,25.3,318,"$ 33.183,89"
H0419,Resistencia,2025-04,2,59,1,N2,21.6,179,"$ 21.656,76"
H0419,Resistencia,2025-05,2,59,1,N2,18.3,257,"$ 29.305,51"
H0419,Resistencia,2025-06,2,59,1,N2,16.0,422,"$ 54.242,54"
H0419,Resistencia,2025-07,2,59,1,N2,15.1,408,"$ 52.505,70"
H0419,Resistencia,2025-08,2,59,1,N2,16.6,356,"$ 42.043,22"
H0419,Resistencia,2025-09,2,59,1,N2,19.2,179,"$ 24.502,63"
H0419,Resistencia,2025-10,2,59,1,N2,22.7,172,"$ 24.393,54"
H0419,Resistencia,2025-11,2,59,1,N2,24.6,329,"$ 41.593,72"
H0419,Resistencia,2025-12,2,59,1,N2,26.7,370,"$ 49.907,18"
H0420,Resistencia,2025-01,3,98,3,N1,27.7,1121,"$ 218.884,50"
H0420,Resistencia,2025-02,3,98,3,N1,27.0,940,"$ 189.014,10"
H0420,Resistencia,2025-03,3,98,3,N1,25.3,556,"$ 116.884,13"
H0420,Resistencia,2025-04,3,98,3,N1,21.6,156,"$ 37.747,17"
H0420,Resistencia,2025-05,3,98,3,N1,18.3,281,"$ 64.975,39"
H0420,Resistencia,2025-06,3,98,3,N1,16.0,444,"$ 101.731,70"
H0420,Resistencia,2025-07,3,98,3,N1,15.1,524,"$ 121.948,72"
H0420,Resistencia,2025-08,3,98,3,N1,16.6,397,"$ 96.238,97"
H0420,Resistencia,2025-09,3,98,3,N1,19.2,263,"$ 67.542,77"
H0420,Resistencia,2025-10,3,98,3,N1,22.7,315,"$ 81.602,58"
H0420,Resistencia,2025-11,3,98,3,N1,24.6,553,"$ 141.680,40"
H0420,Resistencia,2025-12,3,98,3,N1,26.7,1033,"$ 265.199,61"
H0421,Resistencia,2025-01,3,147,4,N1,27.7,1682,"$ 325.755,00"
H0421,Resistencia,2025-02,3,147,4,N1,27.0,1331,"$ 265.361,74"
H0421,Resistencia,2025-03,3,147,4,N1,25.3,940,"$ 193.739,45"
H0421,Resistencia,2025-04,3,147,4,N1,21.6,258,"$ 58.672,23"
H0421,Resistencia,2025-05,3,147,4,N1,18.3,310,"$ 71.073,41"
H0421,Resistencia,2025-06,3,147,4,N1,16.0,371,"$ 85.997,77"
H0421,Resistencia,2025-07,3,147,4,N1,15.1,519,"$ 120.844,11"
H0421,Resistencia,2025-08,3,147,4,N1,16.6,417,"$ 100.767,86"
H0421,Resistencia,2025-09,3,147,4,N1,19.2,241,"$ 62.436,45"
H0421,Resistencia,2025-10,3,147,4,N1,22.7,404,"$ 102.776,43"
H0421,Resistencia,2025-11,3,147,4,N1,24.6,648,"$ 164.846,73"
H0421,Resistencia,2025-12,3,147,4,N1,26.7,1289,"$ 329.187,45"
H0422,Resistencia,2025-01,3,69,2,N2,27.7,843,"$ 128.143,00"
H0422,Resistencia,2025-02,3,69,2,N2,27.0,863,"$ 135.251,83"
H0422,Resistencia,2025-03,3,69,2,N2,25.3,574,"$ 80.791,49"
H0422,Resistencia,2025-04,3,69,2,N2,21.6,257,"$ 28.590,75"
H0422,Resistencia,2025-05,3,69,2,N2,18.3,491,"$ 67.428,62"
H0422,Resistencia,2025-06,3,69,2,N2,16.0,655,"$ 104.461,79"
H0422,Resistencia,2025-07,3,69,2,N2,15.1,794,"$ 137.781,44"
H0422,Resistencia,2025-08,3,69,2,N2,16.6,499,"$ 74.424,80"
H0422,Resistencia,2025-09,3,69,2,N2,19.2,393,"$ 51.682,21"
H0422,Resistencia,2025-10,3,69,2,N2,22.7,390,"$ 52.260,54"
H0422,Resistencia,2025-11,3,69,2,N2,24.6,735,"$ 137.697,41"
H0422,Resistencia,2025-12,3,69,2,N2,26.7,1231,"$ 265.116,29"
H0423,Resistencia,2025-01,3,122,0,N3,27.7,224,"$ 30.937,20"
H0423,Resistencia,2025-02,3,122,0,N3,27.0,224,"$ 31.710,63"
H0423,Resistencia,2025-03,3,122,0,N3,25.3,341,"$ 46.553,51"
H0423,Resistencia,2025-04,3,122,0,N3,21.6,256,"$ 37.254,82"
H0423,Resistencia,2025-05,3,122,0,N3,18.3,414,"$ 63.503,46"
H0423,Resistencia,2025-06,3,122,0,N3,16.0,547,"$ 93.756,97"
H0423,Resistencia,2025-07,3,122,0,N3,15.1,,"$ 135.866,78"
H0423,Resistencia,2025-08,3,122,0,N3,16.6,478,"$ 82.878,74"
H0423,Resistencia,2025-09,3,122,0,N3,19.2,380,"$ 62.204,34"
H0423,Resistencia,2025-10,3,122,0,N3,22.7,269,"$ 45.059,85"
H0423,Resistencia,2025-11,3,122,0,N3,24.6,245,"$ 42.674,82"
H0423,Resistencia,2025-12,3,122,0,N3,26.7,264,"$ 46.591,15"
H0424,Resistencia,2025-01,3,50,0,N2,27.7,182,"$ 20.358,10"
H0424,Resistencia,2025-02,3,50,0,N2,27.0,206,"$ 22.897,78"
H0424,Resistencia,2025-03,3,50,0,N2,25.3,176,"$ 20.868,35"
H0424,Resistencia,2025-04,3,50,0,N2,21.6,193,"$ 22.901,32"
H0424,Resistencia,2025-05,3,50,0,N2,18.3,394,"$ 47.031,81"
H0424,Resistencia,2025-06,3,50,0,N2,16.0,660,"$ 105.539,46"
H0424,Resistencia,2025-07,3,50,0,N2,15.1,689,"$ 114.584,67"
H0424,Resistencia,2025-08,3,50,0,N2,16.6,536,"$ 82.803,26"
H0424,Resistencia,2025-09,3,50,0,N2,19.2,226,"$ 29.229,85"
H0424,Resistencia,2025-10,3,50,0,N2,22.7,179,"$ 25.115,20"
H0424,Resistencia,2025-11,3,50,0,N2,24.6,s/l,"$ 24.897,71"
H0424,Resistencia,2025-12,3,50,0,N2,26.7,193,"$ 27.903,03"
H0425,Resistencia,2025-01,7,102,1,N2,27.7,637,"$ 88.900,00"
H0425,Resistencia,2025-02,7,102,1,N2,27.0,511,"$ 66.519,43"
H0425,Resistencia,2025-03,7,102,1,N2,25.3,467,"$ 59.376,07"
H0425,Resistencia,2025-04,7,102,1,N2,21.6,264,"$ 29.213,03"
H0425,Resistencia,2025-05,7,102,1,N2,18.3,632,"$ 97.077,58"
H0425,Resistencia,2025-06,7,102,1,N2,16.0,s/l,"$ 198.649,83"
H0425,Resistencia,2025-07,7,102,1,N2,15.1,1267,"$ 242.277,35"
H0425,Resistencia,2025-08,7,102,1,N2,16.6,99999,"$ 147.566,42"
H0425,Resistencia,2025-09,7,102,1,N2,19.2,452,"$ 65.376,45"
H0425,Resistencia,2025-10,7,102,1,N2,22.7,425,"$ 60.587,34"
H0425,Resistencia,2025-11,7,102,1,N2,24.6,407,"$ 57.712,61"
H0425,Resistencia,2025-12,7,102,1,N2,26.7,623,"$ 113.145,17"
H0426,Resistencia,2025-01,1,127,4,N1,27.7,1246,"$ 242.697,00"
H0426,Resistencia,2025-02,1,127,4,N1,27.0,993,"$ 199.363,01"
H0426,Resistencia,2025-03,1,127,4,N1,25.3,835,"$ 172.724,33"
H0426,Resistencia,2025-04,1,127,4,N1,21.6,177,"$ 42.055,27"
H0426,Resistencia,2025-05,1,127,4,N1,18.3,157,"$ 38.901,13"
H0426,Resistencia,2025-06,1,127,4,N1,16.0,267,"$ 63.582,31"
H0426,Resistencia,2025-07,1,127,4,N1,15.1,361,"$ 85.938,50"
H0426,Resistencia,2025-08,1,127,4,N1,16.6,314,"$ 77.444,07"
H0426,Resistencia,2025-09,1,127,4,N1,19.2,140,"$ 38.993,77"
H0426,Resistencia,2025-10,1,127,4,N1,22.7,364,"$ 93.260,09"
H0426,Resistencia,2025-11,1,127,4,N1,24.6,657,"$ 167.041,43"
H0426,Resistencia,2025-12,1,127,4,N1,26.7,1105,"$ 283.196,19"
H0427,Resistencia,2025-01,2,130,1,N3,27.7,606,"$ 94.107,00"
H0427,Resistencia,2025-02,2,130,1,N3,27.0,571,"$ 89.625,49"
H0427,Resistencia,2025-03,2,130,1,N3,25.3,478,"$ 73.252,73"
H0427,Resistencia,2025-04,2,130,1,N3,21.6,241,"$ 35.408,49"
H0427,Resistencia,2025-05,2,130,1,N3,18.3,378,"$ 55.933,51"
H0427,Resistencia,2025-06,2,130,1,N3,16.0,445,"$ 71.772,58"
H0427,Resistencia,2025-07,2,130,1,N3,15.1,478,"$ 80.857,30"
H0427,Resistencia,2025-08,2,130,1,N3,16.6,436,"$ 73.368,06"
H0427,Resistencia,2025-09,2,130,1,N3,19.2,342,"$ 54.127,06"
H0427,Resistencia,2025-10,2,130,1,N3,22.7,285,"$ 47.343,77"
H0427,Resistencia,2025-11,2,130,1,N3,24.6,456,"$ 83.886,50"
H0427,Resistencia,2025-12,2,130,1,N3,26.7,564,"$ 112.978,53"
H0428,Resistencia,2025-01,3,66,2,N2,27.7,847,"$ 128.905,00"
H0428,Resistencia,2025-02,3,66,2,N2,27.0,614,"$ 86.631,46"
H0428,Resistencia,2025-03,3,66,2,N2,25.3,527,"$ 71.384,72"
H0428,Resistencia,2025-04,3,66,2,N2,21.6,193,"$ 22.901,32"
H0428,Resistencia,2025-05,3,66,2,N2,18.3,295,"$ 32.768,07"
H0428,Resistencia,2025-06,3,66,2,N2,16.0,584,"$ 89.158,93"
H0428,Resistencia,2025-07,3,66,2,N2,15.1,505,"$ 73.935,09"
H0428,Resistencia,2025-08,3,66,2,N2,16.6,355,"$ 41.816,78"
H0428,Resistencia,2025-09,3,66,2,N2,19.2,99999,"$ 30.637,96"
H0428,Resistencia,2025-10,3,66,2,N2,22.7,249,"$ 32.331,75"
H0428,Resistencia,2025-11,3,66,2,N2,24.6,515,"$ 84.049,07"
H0428,Resistencia,2025-12,3,66,2,N2,26.7,706,"$ 133.891,23"
H0429,Resistencia,2025-01,2,78,1,N3,27.7,440,"$ 62.484,00"
H0429,Resistencia,2025-02,2,78,1,N3,27.0,456,"$ 67.170,30"
H0429,Resistencia,2025-03,2,78,1,N3,25.3,318,"$ 43.791,52"
H0429,Resistencia,2025-04,2,78,1,N3,21.6,196,"$ 29.869,50"
H0429,Resistencia,2025-05,2,78,1,N3,18.3,225,"$ 34.275,05"
H0429,Resistencia,2025-06,2,78,1,N3,16.0,414,"$ 65.091,05"
H0429,Resistencia,2025-07,2,78,1,N3,15.1,435,"$ 71.357,68"
H0429,Resistencia,2025-08,2,78,1,N3,16.6,353,"$ 54.573,16"
H0429,Resistencia,2025-09,2,78,1,N3,19.2,174,"$ 30.730,80"
H0429,Resistencia,2025-10,2,78,1,N3,22.7,215,"$ 37.351,62"
H0429,Resistencia,2025-11,2,78,1,N3,24.6,305,"$ 51.453,64"
H0429,Resistencia,2025-12,2,78,1,N3,26.7,467,"$ 88.733,14"
H0430,Resistencia,2025-01,7,109,2,N1,27.7,982,"$ 192.405,00"
H0430,Resistencia,2025-02,7,109,2,N1,27.0,806,"$ 162.848,92"
H0430,Resistencia,2025-03,7,109,2,N1,25.3,534,"$ 112.480,96"
H0430,Resistencia,2025-04,7,109,2,N1,21.6,250,"$ 57.031,05"
H0430,Resistencia,2025-05,7,109,2,N1,18.3,483,"$ 107.451,22"
H0430,Resistencia,2025-06,7,109,2,N1,16.0,985,"$ 218.335,20"
H0430,Resistencia,2025-07,7,109,2,N1,15.1,1144,"$ 258.920,11"
H0430,Resistencia,2025-08,7,109,2,N1,16.6,771,"$ 180.929,26"
H0430,Resistencia,2025-09,7,109,2,N1,19.2,421,"$ 104.215,48"
H0430,Resistencia,2025-10,7,109,2,N1,22.7,374,"$ 95.639,18"
H0430,Resistencia,2025-11,7,109,2,N1,24.6,581,"$ 148.508,37"
H0430,Resistencia,2025-12,7,109,2,N1,26.7,765,"$ 198.212,34"
H0431,Resistencia,2025-01,3,49,0,N2,27.7,139,"$ 16.808,45"
H0431,Resistencia,2025-02,3,49,0,N2,27.0,129,"$ 16.382,52"
H0431,Resistencia,2025-03,3,49,0,N2,25.3,130,"$ 16.878,82"
H0431,Resistencia,2025-04,3,49,0,N2,21.6,107,"$ 15.256,15"
H0431,Resistencia,2025-05,3,49,0,N2,18.3,192,"$ 23.382,73"
H0431,Resistencia,2025-06,3,49,0,N2,16.0,318,"$ 35.735,42"
H0431,Resistencia,2025-07,3,49,0,N2,15.1,310,"$ 35.862,94"
H0431,Resistencia,2025-08,3,49,0,N2,16.6,307,"$ 36.465,13"
H0431,Resistencia,2025-09,3,49,0,N2,19.2,230,"$ 29.632,17"
H0431,Resistencia,2025-10,3,49,0,N2,22.7,128,"$ 19.857,42"
H0431,Resistencia,2025-11,3,49,0,N2,24.6,132,"$ 20.776,54"
H0431,Resistencia,2025-12,3,49,0,N2,26.7,143,"$ 22.487,39"
H0432,Resistencia,2025-01,4,60,1,N2,27.7,575,"$ 77.089,00"
H0432,Resistencia,2025-02,4,60,1,N2,27.0,567,"$ 77.454,12"
H0432,Resistencia,2025-03,4,60,1,N2,25.3,420,"$ 49.969,30"
H0432,Resistencia,2025-04,4,60,1,N2,21.6,197,"$ 23.256,91"
H0432,Resistencia,2025-05,4,60,1,N2,18.3,370,"$ 41.985,18"
H0432,Resistencia,2025-06,4,60,1,N2,16.0,588,"$ 90.021,06"
H0432,Resistencia,2025-07,4,60,1,N2,15.1,657,"$ 107.515,18"
H0432,Resistencia,2025-08,4,60,1,N2,16.6,679,"$ 115.184,84"
H0432,Resistencia,2025-09,4,60,1,N2,19.2,288,"$ 35.465,76"
H0432,Resistencia,2025-10,4,60,1,N2,22.7,269,"$ 34.393,62"
H0432,Resistencia,2025-11,4,60,1,N2,24.6,340,"$ 42.756,10"
H0432,Resistencia,2025-12,4,60,1,N2,26.7,549,"$ 94.648,68"
H0433,Resistencia,2025-01,3,99,0,N3,27.7,162,"$ 23.850,60"
H0433,Resistencia,2025-02,3,99,0,N3,27.0,130,"$ 20.697,82"
H0433,Resistencia,2025-03,3,99,0,N3,25.3,185,"$ 27.820,02"
H0433,Resistencia,2025-04,3,99,0,N3,21.6,134,"$ 22.238,01"
H0433,Resistencia,2025-05,3,99,0,N3,18.3,218,"$ 33.391,89"
H0433,Resistencia,2025-06,3,99,0,N3,16.0,426,"$ 67.677,45"
H0433,Resistencia,2025-07,3,99,0,N3,15.1,484,"$ 82.182,83"
H0433,Resistencia,2025-08,3,99,0,N3,16.6,396,"$ 64.310,28"
H0433,Resistencia,2025-09,3,99,0,N3,19.2,201,"$ 34.490,91"
H0433,Resistencia,2025-10,3,99,0,N3,22.7,161,"$ 29.643,39"
H0433,Resistencia,2025-11,3,99,0,N3,24.6,165,"$ 30.969,73"
H0433,Resistencia,2025-12,3,99,0,N3,26.7,187,"$ 35.043,34"
H0434,Resistencia,2025-01,3,53,0,N2,27.7,217,"$ 23.247,35"
H0434,Resistencia,2025-02,3,53,0,N2,27.0,140,"$ 17.313,28"
H0434,Resistencia,2025-03,3,53,0,N2,25.3,149,"$ 18.526,67"
H0434,Resistencia,2025-04,3,53,0,N2,21.6,210,"$ 24.412,57"
H0434,Resistencia,2025-05,3,53,0,N2,18.3,267,"$ 30.216,71"
H0434,Resistencia,2025-06,3,53,0,N2,16.0,530,"$ 77.520,13"
H0434,Resistencia,2025-07,3,53,0,N2,15.1,513,"$ 75.702,47"
H0434,Resistencia,2025-08,3,53,0,N2,16.6,400,"$ 52.006,78"
H0434,Resistencia,2025-09,3,53,0,N2,19.2,220,"$ 28.626,38"
H0434,Resistencia,2025-10,3,53,0,N2,22.7,177,"$ 24.909,01"
H0434,Resistencia,2025-11,3,53,0,N2,24.6,178,"$ 25.637,41"
H0434,Resistencia,2025-12,3,53,0,N2,26.7,159,"$ 24.220,40"
H0435,Resistencia,2025-01,1,90,2,N3,27.7,899,"$ 149.923,50"
H0435,Resistencia,2025-02,1,90,2,N3,27.0,665,"$ 107.980,16"
H0435,Resistencia,2025-03,1,90,2,N3,25.3,494,"$ 76.455,03"
H0435,Resistencia,2025-04,1,90,2,N3,21.6,150,"$ 24.207,42"
H0435,Resistencia,2025-05,1,90,2,N3,18.3,99999,"$ 35.536,70"
H0435,Resistencia,2025-06,1,90,2,N3,16.0,429,"$ 68.324,04"
H0435,Resistencia,2025-07,1,90,2,N3,15.1,s/l,"$ 73.787,81"
H0435,Resistencia,2025-08,1,90,2,N3,16.6,293,"$ 46.149,42"
H0435,Resistencia,2025-09,1,90,2,N3,19.2,175,"$ 30.870,07"
H0435,Resistencia,2025-10,1,90,2,N3,22.7,266,"$ 44.631,62"
H0435,Resistencia,2025-11,1,90,2,N3,24.6,427,"$ 76.814,67"
H0435,Resistencia,2025-12,1,90,2,N3,26.7,611,"$ 124.726,30"
H0436,Resistencia,2025-01,3,120,2,N3,27.7,985,"$ 166.306,50"
H0436,Resistencia,2025-02,3,120,2,N3,27.0,985,"$ 170.464,16"
H0436,Resistencia,2025-03,3,120,2,N3,25.3,830,"$ 143.703,44"
H0436,Resistencia,2025-04,3,120,2,N3,21.6,233,"$ 34.423,78"
H0436,Resistencia,2025-05,3,120,2,N3,18.3,390,"$ 58.456,83"
H0436,Resistencia,2025-06,3,120,2,N3,16.0,619,"$ 109.275,37"
H0436,Resistencia,2025-07,3,120,2,N3,15.1,840,"$ 160.830,92"
H0436,Resistencia,2025-08,3,120,2,N3,16.6,690,"$ 130.885,00"
H0436,Resistencia,2025-09,3,120,2,N3,19.2,274,"$ 44.657,15"
H0436,Resistencia,2025-10,3,120,2,N3,22.7,451,"$ 80.650,95"
H0436,Resistencia,2025-11,3,120,2,N3,24.6,658,"$ 133.145,43"
H0436,Resistencia,2025-12,3,120,2,N3,26.7,828,"$ 178.966,00"
H0437,Resistencia,2025-01,2,155,4,N1,27.7,1782,"$ 344.805,00"
H0437,Resistencia,2025-02,2,155,4,N1,27.0,1427,"$ 284.106,94"
H0437,Resistencia,2025-03,2,155,4,N1,25.3,1296,"$ 264.990,74"
H0437,Resistencia,2025-04,2,155,4,N1,21.6,268,"$ 60.723,71"
H0437,Resistencia,2025-05,2,155,4,N1,18.3,346,"$ 78.643,36"
H0437,Resistencia,2025-06,2,155,4,N1,16.0,574,"$ 129.751,03"
H0437,Resistencia,2025-07,2,155,4,N1,15.1,647,"$ 149.122,08"
H0437,Resistencia,2025-08,2,155,4,N1,16.6,475,"$ 113.901,65"
H0437,Resistencia,2025-09,2,155,4,N1,19.2,251,"$ 64.757,50"
H0437,Resistencia,2025-10,2,155,4,N1,22.7,489,"$ 122.998,64"
H0437,Resistencia,2025-11,2,155,4,N1,24.6,935,"$ 234.833,43"
H0437,Resistencia,2025-12,2,155,4,N1,26.7,1204,"$ 307.941,49"
H0438,Resistencia,2025-01,3,84,1,N3,27.7,688,"$ 109.728,00"
H0438,Resistencia,2025-02,3,84,1,N3,27.0,458,"$ 67.560,82"
H0438,Resistencia,2025-03,3,84,1,N3,25.3,430,"$ 63.645,81"
H0438,Resistencia,2025-04,3,84,1,N3,21.6,221,"$ 32.946,71"
H0438,Resistencia,2025-05,3,84,1,N3,18.3,320,"$ 46.260,80"
H0438,Resistencia,2025-06,3,84,1,N3,16.0,530,"$ 90.092,90"
H0438,Resistencia,2025-07,3,84,1,N3,15.1,579,"$ 103.170,39"
H0438,Resistencia,2025-08,3,84,1,N3,16.6,454,"$ 77.444,07"
H0438,Resistencia,2025-09,3,84,1,N3,19.2,225,"$ 37.833,24"
H0438,Resistencia,2025-10,3,84,1,N3,22.7,260,"$ 43.775,14"
H0438,Resistencia,2025-11,3,84,1,N3,24.6,429,"$ 77.302,39"
H0438,Resistencia,2025-12,3,84,1,N3,26.7,650,"$ 134.474,45"
H0439,Resistencia,2025-01,3,74,0,N2,27.7,140,"$ 16.891,00"
H0439,Resistencia,2025-02,3,74,0,N2,27.0,178,"$ 20.528,60"
H0439,Resistencia,2025-03,3,74,0,N2,25.3,187,"$ 21.822,37"
H0439,Resistencia,2025-04,3,74,0,N2,21.6,186,"$ 22.279,04"
H0439,Resistencia,2025-05,3,74,0,N2,18.3,338,"$ 36.686,21"
H0439,Resistencia,2025-06,3,74,0,N2,16.0,601,"$ 92.822,99"
H0439,Resistencia,2025-07,3,74,0,N2,15.1,570,"$ 88.295,00"
H0439,Resistencia,2025-08,3,74,0,N2,16.6,484,"$ 71.028,13"
H0439,Resistencia,2025-09,3,74,0,N2,19.2,242,"$ 30.839,12"
H0439,Resistencia,2025-10,3,74,0,N2,22.7,s/l,"$ 23.878,07"
H0439,Resistencia,2025-11,3,74,0,N2,24.6,194,"$ 27.328,14"
H0439,Resistencia,2025-12,3,74,0,N2,26.7,201,"$ 28.769,53"
H0440,Resistencia,2025-01,2,51,1,N3,27.7,451,"$ 64.579,50"
H0440,Resistencia,2025-02,2,51,1,N3,27.0,449,"$ 65.803,46"
H0440,Resistencia,2025-03,2,51,1,N3,25.3,351,"$ 47.834,43"
H0440,Resistencia,2025-04,2,51,1,N3,21.6,140,"$ 22.976,54"
H0440,Resistencia,2025-05,2,51,1,N3,18.3,251,"$ 37.555,36"
H0440,Resistencia,2025-06,2,51,1,N3,16.0,495,"$ 82.549,24"
H0440,Resistencia,2025-07,2,51,1,N3,15.1,437,"$ 71.799,52"
H0440,Resistencia,2025-08,2,51,1,N3,16.6,338,"$ 52.263,42"
H0440,Resistencia,2025-09,2,51,1,N3,19.2,220,"$ 37.136,92"
H0440,Resistencia,2025-10,2,51,1,N3,22.7,241,"$ 41.062,99"
H0440,Resistencia,2025-11,2,51,1,N3,24.6,338,"$ 56.281,99"
H0440,Resistencia,2025-12,2,51,1,N3,26.7,425,"$ 78.235,14"
H0441,Posadas,2025-01,5,94,3,N1,27.4,1444,"$ 280.416,00"
H0441,Posadas,2025-02,5,94,3,N1,27.1,1452,"$ 288.988,50"
H0441,Posadas,2025-03,5,94,3,N1,24.3,890,"$ 183.732,25"
H0441,Posadas,2025-04,5,94,3,N1,21.7,326,"$ 72.622,27"
H0441,Posadas,2025-05,5,94,3,N1,17.4,598,"$ 131.633,00"
H0441,Posadas,2025-06,5,94,3,N1,15.3,831,"$ 185.143,07"
H0441,Posadas,2025-07,5,94,3,N1,14.1,972,"$ 220.921,60"
H0441,Posadas,2025-08,5,94,3,N1,17.0,451,"$ 108.466,98"
H0441,Posadas,2025-09,5,94,3,N1,19.1,404,"$ 100.269,68"
H0441,Posadas,2025-10,5,94,3,N1,22.3,410,"$ 104.203,88"
H0441,Posadas,2025-11,5,94,3,N1,23.7,683,"$ 173.381,69"
H0441,Posadas,2025-12,5,94,3,N1,26.5,1063,"$ 272.698,19"
H0442,Posadas,2025-01,2,121,4,N1,27.4,1009,"$ 197.548,50"
H0442,Posadas,2025-02,2,121,4,N1,27.1,1186,"$ 237.048,68"
H0442,Posadas,2025-03,2,121,4,N1,24.3,855,"$ 176.727,21"
H0442,Posadas,2025-04,2,121,4,N1,21.7,209,"$ 48.620,00"
H0442,Posadas,2025-05,2,121,4,N1,17.4,309,"$ 70.863,13"
H0442,Posadas,2025-06,2,121,4,N1,15.3,326,"$ 76.298,78"
H0442,Posadas,2025-07,2,121,4,N1,14.1,453,"$ 106.263,29"
H0442,Posadas,2025-08,2,121,4,N1,17.0,269,"$ 67.254,06"
H0442,Posadas,2025-09,2,121,4,N1,19.1,216,"$ 56.633,80"
H0442,Posadas,2025-10,2,121,4,N1,22.3,314,"$ 81.364,67"
H0442,Posadas,2025-11,2,121,4,N1,23.7,s/l,"$ 135.340,14"
H0442,Posadas,2025-12,2,121,4,N1,26.5,1164,"$ 297.943,39"
H0443,Posadas,2025-01,7,93,1,N2,27.4,99999,"$ 99.758,50"
H0443,Posadas,2025-02,7,93,1,N2,27.1,573,"$ 78.625,70"
H0443,Posadas,2025-03,7,93,1,N2,24.3,s/l,"$ 76.188,17"
H0443,Posadas,2025-04,7,93,1,N2,21.7,346,"$ 36.502,61"
H0443,Posadas,2025-05,7,93,1,N2,17.4,728,"$ 117.264,11"
H0443,Posadas,2025-06,7,93,1,N2,15.3,1091,"$ 198.434,29"
H0443,Posadas,2025-07,7,93,1,N2,14.1,919,"$ 165.396,63"
H0443,Posadas,2025-08,7,93,1,N2,17.0,824,"$ 148.019,31"
H0443,Posadas,2025-09,7,93,1,N2,19.1,406,"$ 54.699,59"
H0443,Posadas,2025-10,7,93,1,N2,22.3,400,"$ 54.639,63"
H0443,Posadas,2025-11,7,93,1,N2,23.7,437,"$ 65.028,29"
H0443,Posadas,2025-12,7,93,1,N2,26.5,706,"$ 133.891,23"
H0444,Posadas,2025-01,4,89,1,N1,27.4,468,"$ 94.488,00"
H0444,Posadas,2025-02,4,89,1,N1,27.1,604,"$ 123.405,90"
H0444,Posadas,2025-03,4,89,1,N1,24.3,381,"$ 81.858,92"
H0444,Posadas,2025-04,4,89,1,N1,21.7,187,"$ 44.106,75"
H0444,Posadas,2025-05,4,89,1,N1,17.4,484,"$ 107.661,49"
H0444,Posadas,2025-06,4,89,1,N1,15.3,810,"$ 180.616,88"
H0444,Posadas,2025-07,4,89,1,N1,14.1,844,"$ 192.643,63"
H0444,Posadas,2025-08,4,89,1,N1,17.0,415,"$ 100.314,97"
H0444,Posadas,2025-09,4,89,1,N1,19.1,291,"$ 74.041,73"
H0444,Posadas,2025-10,4,89,1,N1,22.3,269,"$ 70.658,79"
H0444,Posadas,2025-11,4,89,1,N1,23.7,361,"$ 94.860,03"
H0444,Posadas,2025-12,4,89,1,N1,26.5,438,"$ 116.477,87"
H0445,Posadas,2025-01,5,156,2,N1,27.4,1049,"$ 205.168,50"
H0445,Posadas,2025-02,5,156,2,N1,27.1,1026,"$ 205.806,67"
H0445,Posadas,2025-03,5,156,2,N1,24.3,722,"$ 150.108,05"
H0445,Posadas,2025-04,5,156,2,N1,21.7,402,"$ 88.213,50"
H0445,Posadas,2025-05,5,156,2,N1,17.4,655,"$ 143.618,75"
H0445,Posadas,2025-06,5,156,2,N1,15.3,990,"$ 219.412,86"
H0445,Posadas,2025-07,5,156,2,N1,14.1,928,"$ 211.201,05"
H0445,Posadas,2025-08,5,156,2,N1,17.0,643,"$ 151.944,35"
H0445,Posadas,2025-09,5,156,2,N1,19.1,444,"$ 109.553,91"
H0445,Posadas,2025-10,5,156,2,N1,22.3,360,"$ 92.308,46"
H0445,Posadas,2025-11,5,156,2,N1,23.7,496,"$ 127.780,60"
H0445,Posadas,2025-12,5,156,2,N1,26.5,869,"$ 224.207,40"
H0446,Posadas,2025-01,3,98,2,N3,27.4,99999,"$ 183.832,50"
H0446,Posadas,2025-02,3,98,2,N3,27.1,905,"$ 154.843,16"
H0446,Posadas,2025-03,3,98,2,N3,24.3,723,"$ 122.288,02"
H0446,Posadas,2025-04,3,98,2,N3,21.7,293,"$ 41.809,09"
H0446,Posadas,2025-05,3,98,2,N3,17.4,364,"$ 52.989,64"
H0446,Posadas,2025-06,3,98,2,N3,15.3,554,"$ 95.265,70"
H0446,Posadas,2025-07,3,98,2,N3,14.1,658,"$ 120.623,19"
H0446,Posadas,2025-08,3,98,2,N3,17.0,386,"$ 62.045,83"
H0446,Posadas,2025-09,3,98,2,N3,19.1,313,"$ 50.088,42"
H0446,Posadas,2025-10,3,98,2,N3,22.3,326,"$ 53.196,32"
H0446,Posadas,2025-11,3,98,2,N3,23.7,473,"$ 88.032,05"
H0446,Posadas,2025-12,3,98,2,N3,26.5,925,"$ 203.211,39"
H0447,Posadas,2025-01,4,97,3,N2,27.4,1068,"$ 171.005,50"
H0447,Posadas,2025-02,4,97,3,N2,27.1,1188,"$ 198.712,14"
H0447,Posadas,2025-03,4,97,3,N2,24.3,754,"$ 116.817,42"
H0447,Posadas,2025-04,4,97,3,N2,21.7,249,"$ 27.879,57"
H0447,Posadas,2025-05,4,97,3,N2,17.4,457,"$ 60.279,22"
H0447,Posadas,2025-06,4,97,3,N2,15.3,815,"$ 138.947,11"
H0447,Posadas,2025-07,4,97,3,N2,14.1,1182,"$ 223.499,01"
H0447,Posadas,2025-08,4,97,3,N2,17.0,466,"$ 66.952,13"
H0447,Posadas,2025-09,4,97,3,N2,19.1,326,"$ 39.287,77"
H0447,Posadas,2025-10,4,97,3,N2,22.3,343,"$ 42.022,55"
H0447,Posadas,2025-11,4,97,3,N2,23.7,571,"$ 97.705,01"
H0447,Posadas,2025-12,4,97,3,N2,26.5,1130,"$ 239.871,09"
H0448,Posadas,2025-01,5,137,1,N3,27.4,536,"$ 80.772,00"
H0448,Posadas,2025-02,5,137,1,N3,27.1,589,"$ 93.140,21"
H0448,Posadas,2025-03,5,137,1,N3,24.3,415,"$ 60.643,65"
H0448,Posadas,2025-04,5,137,1,N3,21.7,294,"$ 41.932,18"
H0448,Posadas,2025-05,5,137,1,N3,17.4,436,"$ 68.129,54"
H0448,Posadas,2025-06,5,137,1,N3,15.3,856,"$ 160.356,75"
H0448,Posadas,2025-07,5,137,1,N3,14.1,964,"$ 188.225,20"
H0448,Posadas,2025-08,5,137,1,N3,17.0,567,"$ 103.032,31"
H0448,Posadas,2025-09,5,137,1,N3,19.1,386,"$ 63.596,98"
H0448,Posadas,2025-10,5,137,1,N3,22.3,338,"$ 54.909,26"
H0448,Posadas,2025-11,5,137,1,N3,23.7,348,"$ 57.745,13"
H0448,Posadas,2025-12,5,137,1,N3,26.5,548,"$ 108.979,29"
H0449,Posadas,2025-01,4,109,3,N3,27.4,842,"$ 139.065,00"
H0449,Posadas,2025-02,4,109,3,N3,27.1,1211,"$ 214.593,49"
H0449,Posadas,2025-03,4,109,3,N3,24.3,636,"$ 104.875,49"
H0449,Posadas,2025-04,4,109,3,N3,21.7,227,"$ 33.685,25"
H0449,Posadas,2025-05,4,109,3,N3,17.4,374,"$ 55.092,41"
H0449,Posadas,2025-06,4,109,3,N3,15.3,564,"$ 97.421,04"
H0449,Posadas,2025-07,4,109,3,N3,14.1,568,"$ 100.740,25"
H0449,Posadas,2025-08,4,109,3,N3,17.0,559,"$ 101.220,75"
H0449,Posadas,2025-09,4,109,3,N3,19.1,311,"$ 49.809,89"
H0449,Posadas,2025-10,4,109,3,N3,22.3,286,"$ 47.486,52"
H0449,Posadas,2025-11,4,109,3,N3,23.7,474,"$ 88.275,91"
H0449,Posadas,2025-12,4,109,3,N3,26.5,1054,"$ 235.455,26"
H0450,Posadas,2025-01,3,101,2,N2,27.4,907,"$ 140.335,00"
H0450,Posadas,2025-02,3,101,2,N2,27.1,753,"$ 113.772,95"
H0450,Posadas,2025-03,3,101,2,N2,24.3,428,"$ 51.570,45"
H0450,Posadas,2025-04,3,101,2,N2,21.7,237,"$ 26.812,80"
H0450,Posadas,2025-05,3,101,2,N2,17.4,342,"$ 37.050,69"
H0450,Posadas,2025-06,3,101,2,N2,15.3,458,"$ 62.001,74"
H0450,Posadas,2025-07,3,101,2,N2,14.1,512,"$ 75.481,55"
H0450,Posadas,2025-08,3,101,2,N2,17.0,384,"$ 48.383,67"
H0450,Posadas,2025-09,3,101,2,N2,19.1,216,"$ 28.224,06"
H0450,Posadas,2025-10,3,101,2,N2,22.3,283,"$ 35.836,93"
H0450,Posadas,2025-11,3,101,2,N2,23.7,418,"$ 60.395,03"
H0450,Posadas,2025-12,3,101,2,N2,26.5,686,"$ 128.892,18"
H0451,Posadas,2025-01,2,64,2,N2,27.4,1048,"$ 167.195,50"
H0451,Posadas,2025-02,2,64,2,N2,27.1,801,"$ 123.145,55"
H0451,Posadas,2025-03,2,64,2,N2,24.3,458,"$ 57.574,78"
H0451,Posadas,2025-04,2,64,2,N2,21.7,168,"$ 20.678,88"
H0451,Posadas,2025-05,2,64,2,N2,17.4,290,"$ 32.312,47"
H0451,Posadas,2025-06,2,64,2,N2,15.3,437,"$ 57.475,54"
H0451,Posadas,2025-07,2,64,2,N2,14.1,670,"$ 110.387,16"
H0451,Posadas,2025-08,2,64,2,N2,17.0,494,"$ 73.292,58"
H0451,Posadas,2025-09,2,64,2,N2,19.1,173,"$ 23.899,16"
H0451,Posadas,2025-10,2,64,2,N2,22.3,238,"$ 31.197,72"
H0451,Posadas,2025-11,2,64,2,N2,23.7,437,"$ 65.028,29"
H0451,Posadas,2025-12,2,64,2,N2,26.5,708,"$ 134.391,13"
H0452,Posadas,2025-01,6,122,1,N3,27.4,401,"$ 55.054,50"
H0452,Posadas,2025-02,6,122,1,N3,27.1,399,"$ 56.040,34"
H0452,Posadas,2025-03,6,122,1,N3,24.3,269,"$ 37.907,29"
H0452,Posadas,2025-04,6,122,1,N3,21.7,215,"$ 32.208,18"
H0452,Posadas,2025-05,6,122,1,N3,17.4,348,"$ 49.793,44"
H0452,Posadas,2025-06,6,122,1,N3,15.3,445,"$ 71.772,58"
H0452,Posadas,2025-07,6,122,1,N3,14.1,579,"$ 103.170,39"
H0452,Posadas,2025-08,6,122,1,N3,17.0,415,"$ 68.612,72"
H0452,Posadas,2025-09,6,122,1,N3,19.1,260,"$ 42.707,46"
H0452,Posadas,2025-10,6,122,1,N3,22.3,204,"$ 35.781,42"
H0452,Posadas,2025-11,6,122,1,N3,23.7,352,"$ 58.525,47"
H0452,Posadas,2025-12,6,122,1,N3,26.5,390,"$ 69.486,80"
H0453,Posadas,2025-01,4,69,0,N2,27.4,229,"$ 24.237,95"
H0453,Posadas,2025-02,4,69,0,N2,27.1,226,"$ 24.590,06"
H0453,Posadas,2025-03,4,69,0,N2,24.3,204,"$ 23.296,77"
H0453,Posadas,2025-04,4,69,0,N2,21.7,209,"$ 24.323,67"
H0453,Posadas,2025-05,4,69,0,N2,17.4,486,"$ 66.377,24"
H0453,Posadas,2025-06,4,69,0,N2,15.3,809,"$ 137.653,91"
H0453,Posadas,2025-07,4,69,0,N2,14.1,1161,"$ 218.859,66"
H0453,Posadas,2025-08,4,69,0,N2,17.0,485,"$ 71.254,58"
H0453,Posadas,2025-09,4,69,0,N2,19.1,342,"$ 40.897,03"
H0453,Posadas,2025-10,4,69,0,N2,22.3,233,"$ 30.682,25"
H0453,Posadas,2025-11,4,69,0,N2,23.7,192,"$ 27.116,80"
H0453,Posadas,2025-12,4,69,0,N2,26.5,237,"$ 32.668,79"
H0454,Posadas,2025-01,1,57,2,N1,27.4,709,"$ 140.398,50"
H0454,Posadas,2025-02,1,57,2,N1,27.1,649,"$ 132.192,71"
H0454,Posadas,2025-03,1,57,2,N1,24.3,379,"$ 81.458,63"
H0454,Posadas,2025-04,1,57,2,N1,21.7,130,"$ 32.413,33"
H0454,Posadas,2025-05,1,57,2,N1,17.4,225,"$ 53.199,92"
H0454,Posadas,2025-06,1,57,2,N1,15.3,349,"$ 81.256,04"
H0454,Posadas,2025-07,1,57,2,N1,14.1,405,"$ 95.659,05"
H0454,Posadas,2025-08,1,57,2,N1,17.0,283,"$ 70.424,28"
H0454,Posadas,2025-09,1,57,2,N1,19.1,152,"$ 41.779,04"
H0454,Posadas,2025-10,1,57,2,N1,22.3,185,"$ 50.674,49"
H0454,Posadas,2025-11,1,57,2,N1,23.7,288,"$ 77.058,53"
H0454,Posadas,2025-12,1,57,2,N1,26.5,702,"$ 182.465,33"
H0455,Posadas,2025-01,2,61,1,N2,27.4,439,"$ 51.181,00"
H0455,Posadas,2025-02,2,61,1,N2,27.1,470,"$ 58.513,66"
H0455,Posadas,2025-03,2,61,1,N2,24.3,259,"$ 28.066,87"
H0455,Posadas,2025-04,2,61,1,N2,21.7,134,"$ 17.656,38"
H0455,Posadas,2025-05,2,61,1,N2,17.4,230,"$ 26.845,28"
H0455,Posadas,2025-06,2,61,1,N2,15.3,330,"$ 36.856,19"
H0455,Posadas,2025-07,2,61,1,N2,14.1,413,"$ 53.610,31"
H0455,Posadas,2025-08,2,61,1,N2,17.0,226,"$ 28.516,93"
H0455,Posadas,2025-09,2,61,1,N2,19.1,188,"$ 25.407,84"
H0455,Posadas,2025-10,2,61,1,N2,22.3,121,"$ 19.135,77"
H0455,Posadas,2025-11,2,61,1,N2,23.7,252,"$ 33.457,06"
H0455,Posadas,2025-12,2,61,1,N2,26.5,329,"$ 42.633,57"
H0456,Posadas,2025-01,4,66,1,N2,27.4,556,"$ 73.469,50"
H0456,Posadas,2025-02,4,66,1,N2,27.1,474,"$ 59.294,71"
H0456,Posadas,2025-03,4,66,1,N2,24.3,329,"$ 34.137,91"
H0456,Posadas,2025-04,4,66,1,N2,21.7,218,"$ 25.123,75"
H0456,Posadas,2025-05,4,66,1,N2,17.4,382,"$ 44.508,50"
H0456,Posadas,2025-06,4,66,1,N2,15.3,603,"$ 93.254,06"
H0456,Posadas,2025-07,4,66,1,N2,14.1,737,"$ 125.188,90"
H0456,Posadas,2025-08,4,66,1,N2,17.0,466,"$ 66.952,13"
H0456,Posadas,2025-09,4,66,1,N2,19.1,230,"$ 29.632,17"
H0456,Posadas,2025-10,4,66,1,N2,22.3,223,"$ 29.651,32"
H0456,Posadas,2025-11,4,66,1,N2,23.7,252,"$ 33.457,06"
H0456,Posadas,2025-12,4,66,1,N2,26.5,488,"$ 79.401,58"
H0457,Posadas,2025-01,1,87,1,N2,27.4,439,"$ 51.181,00"
H0457,Posadas,2025-02,1,87,1,N2,27.1,509,"$ 66.128,90"
H0457,Posadas,2025-03,1,87,1,N2,24.3,277,"$ 29.627,99"
H0457,Posadas,2025-04,1,87,1,N2,21.7,137,"$ 17.923,07"
H0457,Posadas,2025-05,1,87,1,N2,17.4,248,"$ 28.485,44"
H0457,Posadas,2025-06,1,87,1,N2,15.3,340,"$ 37.790,17"
H0457,Posadas,2025-07,1,87,1,N2,14.1,648,"$ 105.526,88"
H0457,Posadas,2025-08,1,87,1,N2,17.0,341,"$ 39.801,42"
H0457,Posadas,2025-09,1,87,1,N2,19.1,190,"$ 25.609,00"
H0457,Posadas,2025-10,1,87,1,N2,22.3,210,"$ 28.311,10"
H0457,Posadas,2025-11,1,87,1,N2,23.7,313,"$ 39.902,99"
H0457,Posadas,2025-12,1,87,1,N2,26.5,449,"$ 69.653,43"
H0458,Posadas,2025-01,3,82,0,N3,27.4,187,"$ 26.708,10"
H0458,Posadas,2025-02,3,82,0,N3,27.1,170,"$ 25.384,12"
H0458,Posadas,2025-03,3,82,0,N3,24.3,150,"$ 23.617,00"
H0458,Posadas,2025-04,3,82,0,N3,21.7,168,"$ 26.423,02"
H0458,Posadas,2025-05,3,82,0,N3,17.4,379,"$ 56.143,79"
H0458,Posadas,2025-06,3,82,0,N3,15.3,539,"$ 92.032,70"
H0458,Posadas,2025-07,3,82,0,N3,14.1,511,"$ 88.147,72"
H0458,Posadas,2025-08,3,82,0,N3,17.0,392,"$ 63.404,50"
H0458,Posadas,2025-09,3,82,0,N3,19.1,299,"$ 48.138,73"
H0458,Posadas,2025-10,3,82,0,N3,22.3,153,"$ 28.501,43"
H0458,Posadas,2025-11,3,82,0,N3,23.7,165,"$ 30.969,73"
H0458,Posadas,2025-12,3,82,0,N3,26.5,263,"$ 46.441,18"
H0459,Posadas,2025-01,3,73,0,N3,27.4,245,"$ 33.337,50"
H0459,Posadas,2025-02,3,73,0,N3,27.1,202,"$ 29.133,16"
H0459,Posadas,2025-03,3,73,0,N3,24.3,213,"$ 31.182,44"
H0459,Posadas,2025-04,3,73,0,N3,21.7,227,"$ 33.685,25"
H0459,Posadas,2025-05,3,73,0,N3,17.4,371,"$ 54.461,58"
H0459,Posadas,2025-06,3,73,0,N3,15.3,535,"$ 91.170,57"
H0459,Posadas,2025-07,3,73,0,N3,14.1,913,"$ 176.958,20"
H0459,Posadas,2025-08,3,73,0,N3,17.0,460,"$ 78.802,73"
H0459,Posadas,2025-09,3,73,0,N3,19.1,274,"$ 44.657,15"
H0459,Posadas,2025-10,3,73,0,N3,22.3,196,"$ 34.639,46"
H0459,Posadas,2025-11,3,73,0,N3,23.7,191,"$ 34.773,88"
H0459,Posadas,2025-12,3,73,0,N3,26.5,245,"$ 43.741,69"
H0460,Posadas,2025-01,5,75,2,N3,27.4,893,"$ 148.780,50"
H0460,Posadas,2025-02,5,75,2,N3,27.1,689,"$ 112.666,46"
H0460,Posadas,2025-03,5,75,2,N3,24.3,460,"$ 69.650,13"
H0460,Posadas,2025-04,5,75,2,N3,21.7,s/l,"$ 31.715,83"
H0460,Posadas,2025-05,5,75,2,N3,17.4,511,"$ 83.900,27"
H0460,Posadas,2025-06,5,75,2,N3,15.3,812,"$ 150.873,29"
H0460,Posadas,2025-07,5,75,2,N3,14.1,999,"$ 195.957,46"
H0460,Posadas,2025-08,5,75,2,N3,17.0,756,"$ 145.830,35"
H0460,Posadas,2025-09,5,75,2,N3,19.1,439,"$ 75.898,58"
H0460,Posadas,2025-10,5,75,2,N3,22.3,265,"$ 44.488,87"
H0460,Posadas,2025-11,5,75,2,N3,23.7,445,"$ 81.204,08"
H0460,Posadas,2025-12,5,75,2,N3,26.5,645,"$ 133.224,69"
H0461,Posadas,2025-01,2,69,0,N3,27.4,130,"$ 20.193,00"
H0461,Posadas,2025-02,2,69,0,N3,27.1,149,"$ 22.923,82"
H0461,Posadas,2025-03,2,69,0,N3,24.3,167,"$ 25.658,47"
H0461,Posadas,2025-04,2,69,0,N3,21.7,159,"$ 25.315,22"
H0461,Posadas,2025-05,2,69,0,N3,17.4,284,"$ 41.718,83"
H0461,Posadas,2025-06,2,69,0,N3,15.3,364,"$ 54.314,38"
H0461,Posadas,2025-07,2,69,0,N3,14.1,426,"$ 69.369,38"
H0461,Posadas,2025-08,2,69,0,N3,17.0,349,"$ 53.757,96"
H0461,Posadas,2025-09,2,69,0,N3,19.1,188,"$ 32.680,49"
H0461,Posadas,2025-10,2,69,0,N3,22.3,119,"$ 23.648,09"
H0461,Posadas,2025-11,2,69,0,N3,23.7,155,"$ 29.506,59"
H0461,Posadas,2025-12,2,69,0,N3,26.5,136,"$ 27.394,79"
H0462,Posadas,2025-01,2,117,2,N1,27.4,672,"$ 133.350,00"
H0462,Posadas,2025-02,2,117,2,N1,27.1,948,"$ 190.576,20"
H0462,Posadas,2025-03,2,117,2,N1,24.3,479,"$ 101.473,04"
H0462,Posadas,2025-04,2,117,2,N1,21.7,232,"$ 53.338,39"
H0462,Posadas,2025-05,2,117,2,N1,17.4,358,"$ 81.166,67"
H0462,Posadas,2025-06,2,117,2,N1,15.3,553,"$ 125.224,83"
H0462,Posadas,2025-07,2,117,2,N1,14.1,507,"$ 118.193,05"
H0462,Posadas,2025-08,2,117,2,N1,17.0,349,"$ 85.369,63"
H0462,Posadas,2025-09,2,117,2,N1,19.1,185,"$ 49.438,53"
H0462,Posadas,2025-10,2,117,2,N1,22.3,208,"$ 56.146,38"
H0462,Posadas,2025-11,2,117,2,N1,23.7,428,"$ 111.198,38"
H0462,Posadas,2025-12,2,117,2,N1,26.5,753,"$ 195.212,91"
H0463,Posadas,2025-01,2,186,1,N1,27.4,713,"$ 141.160,50"
H0463,Posadas,2025-02,2,186,1,N1,27.1,711,"$ 144.298,99"
H0463,Posadas,2025-03,2,186,1,N1,24.3,535,"$ 112.681,11"
H0463,Posadas,2025-04,2,186,1,N1,21.7,286,"$ 64.416,37"
H0463,Posadas,2025-05,2,186,1,N1,17.4,515,"$ 114.180,06"
H0463,Posadas,2025-06,2,186,1,N1,15.3,736,"$ 164.667,41"
H0463,Posadas,2025-07,2,186,1,N1,14.1,701,"$ 161.051,84"
H0463,Posadas,2025-08,2,186,1,N1,17.0,625,"$ 147.868,35"
H0463,Posadas,2025-09,2,186,1,N1,19.1,389,"$ 96.788,10"
H0463,Posadas,2025-10,2,186,1,N1,22.3,394,"$ 100.397,34"
H0463,Posadas,2025-11,2,186,1,N1,23.7,473,"$ 122.171,91"
H0463,Posadas,2025-12,2,186,1,N1,26.5,501,"$ 132.224,88"
H0464,Posadas,2025-01,1,91,1,N1,27.4,445,"$ 90.106,50"
H0464,Posadas,2025-02,1,91,1,N1,27.1,369,"$ 77.519,21"
H0464,Posadas,2025-03,1,91,1,N1,24.3,297,"$ 65.046,82"
H0464,Posadas,2025-04,1,91,1,N1,21.7,147,"$ 35.900,84"
H0464,Posadas,2025-05,1,91,1,N1,17.4,256,"$ 59.718,49"
H0464,Posadas,2025-06,1,91,1,N1,15.3,347,"$ 80.824,97"
H0464,Posadas,2025-07,1,91,1,N1,14.1,413,"$ 97.426,42"
H0464,Posadas,2025-08,1,91,1,N1,17.0,335,"$ 82.199,40"
H0464,Posadas,2025-09,1,91,1,N1,19.1,180,"$ 48.278,00"
H0464,Posadas,2025-10,1,91,1,N1,22.3,177,"$ 48.771,22"
H0464,Posadas,2025-11,1,91,1,N1,23.7,248,"$ 67.304,29"
H0464,Posadas,2025-12,1,91,1,N1,26.5,376,"$ 100.980,81"
H0465,Posadas,2025-01,1,64,2,N2,27.4,875,"$ 134.239,00"
H0465,Posadas,2025-02,1,64,2,N2,27.1,848,"$ 132.322,89"
H0465,Posadas,2025-03,1,64,2,N2,24.3,709,"$ 107.810,93"
H0465,Posadas,2025-04,1,64,2,N2,21.7,170,"$ 20.856,68"
H0465,Posadas,2025-05,1,64,2,N2,17.4,279,"$ 31.310,15"
H0465,Posadas,2025-06,1,64,2,N2,15.3,462,"$ 62.863,87"
H0465,Posadas,2025-07,1,64,2,N2,14.1,455,"$ 62.889,01"
H0465,Posadas,2025-08,1,64,2,N2,17.0,346,"$ 40.292,05"
H0465,Posadas,2025-09,1,64,2,N2,19.1,231,"$ 29.732,75"
H0465,Posadas,2025-10,1,64,2,N2,22.3,311,"$ 38.723,56"
H0465,Posadas,2025-11,1,64,2,N2,23.7,493,"$ 78.684,24"
H0465,Posadas,2025-12,1,64,2,N2,26.5,1062,"$ 222.874,32"
H0466,Posadas,2025-01,7,139,3,N3,27.4,967,"$ 162.877,50"
H0466,Posadas,2025-02,7,139,3,N3,27.1,1024,"$ 178.079,40"
H0466,Posadas,2025-03,7,139,3,N3,24.3,542,"$ 86.061,95"
H0466,Posadas,2025-04,7,139,3,N3,21.7,267,"$ 38.608,79"
H0466,Posadas,2025-05,7,139,3,N3,17.4,652,"$ 113.549,23"
H0466,Posadas,2025-06,7,139,3,N3,15.3,976,"$ 186.220,74"
H0466,Posadas,2025-07,7,139,3,N3,14.1,734,"$ 137.413,23"
H0466,Posadas,2025-08,7,139,3,N3,17.0,698,"$ 132.696,56"
H0466,Posadas,2025-09,7,139,3,N3,19.1,348,"$ 54.962,64"
H0466,Posadas,2025-10,7,139,3,N3,22.3,355,"$ 57.811,74"
H0466,Posadas,2025-11,7,139,3,N3,23.7,594,"$ 117.538,64"
H0466,Posadas,2025-12,7,139,3,N3,26.5,980,"$ 216.958,78"
H0467,Posadas,2025-01,1,130,2,N1,27.4,774,"$ 152.781,00"
H0467,Posadas,2025-02,1,130,2,N1,27.1,543,"$ 111.494,89"
H0467,Posadas,2025-03,1,130,2,N1,24.3,472,"$ 100.072,03"
H0467,Posadas,2025-04,1,130,2,N1,21.7,179,"$ 42.465,57"
H0467,Posadas,2025-05,1,130,2,N1,17.4,267,"$ 62.031,52"
H0467,Posadas,2025-06,1,130,2,N1,15.3,391,"$ 90.308,44"
H0467,Posadas,2025-07,1,130,2,N1,14.1,516,"$ 120.181,35"
H0467,Posadas,2025-08,1,130,2,N1,17.0,359,"$ 87.634,07"
H0467,Posadas,2025-09,1,130,2,N1,19.1,195,"$ 51.759,58"
H0467,Posadas,2025-10,1,130,2,N1,22.3,257,"$ 67.803,89"
H0467,Posadas,2025-11,1,130,2,N1,23.7,360,"$ 94.616,17"
H0467,Posadas,2025-12,1,130,2,N1,26.5,689,"$ 179.215,95"
H0468,Posadas,2025-01,4,76,2,N2,27.4,862,"$ 131.762,50"
H0468,Posadas,2025-02,4,76,2,N2,27.1,974,"$ 156.925,96"
H0468,Posadas,2025-03,4,76,2,N2,24.3,586,"$ 83.193,22"
H0468,Posadas,2025-04,4,76,2,N2,21.7,99999,"$ 26.990,59"
H0468,Posadas,2025-05,4,76,2,N2,17.4,426,"$ 53.760,65"
H0468,Posadas,2025-06,4,76,2,N2,15.3,565,"$ 85.063,80"
H0468,Posadas,2025-07,4,76,2,N2,14.1,584,"$ 91.387,90"
H0468,Posadas,2025-08,4,76,2,N2,17.0,461,"$ 65.819,91"
H0468,Posadas,2025-09,4,76,2,N2,19.1,319,"$ 38.583,71"
H0468,Posadas,2025-10,4,76,2,N2,22.3,269,"$ 34.393,62"
H0468,Posadas,2025-11,4,76,2,N2,23.7,437,"$ 65.028,29"
H0468,Posadas,2025-12,4,76,2,N2,26.5,909,"$ 184.631,59"
H0469,Posadas,2025-01,1,69,1,N3,27.4,454,"$ 65.151,00"
H0469,Posadas,2025-02,1,69,1,N3,27.1,465,"$ 68.927,66"
H0469,Posadas,2025-03,1,69,1,N3,24.3,289,"$ 40.309,01"
H0469,Posadas,2025-04,1,69,1,N3,21.7,152,"$ 24.453,60"
H0469,Posadas,2025-05,1,69,1,N3,17.4,365,"$ 53.199,92"
H0469,Posadas,2025-06,1,69,1,N3,15.3,395,"$ 60.995,91"
H0469,Posadas,2025-07,1,69,1,N3,14.1,560,"$ 98.972,88"
H0469,Posadas,2025-08,1,69,1,N3,17.0,244,"$ 39.491,94"
H0469,Posadas,2025-09,1,69,1,N3,19.1,185,"$ 32.262,70"
H0469,Posadas,2025-10,1,69,1,N3,22.3,178,"$ 32.070,05"
H0469,Posadas,2025-11,1,69,1,N3,23.7,276,"$ 47.210,54"
H0469,Posadas,2025-12,1,69,1,N3,26.5,436,"$ 80.984,61"
H0470,Posadas,2025-01,5,88,1,N2,27.4,595,"$ 80.899,00"
H0470,Posadas,2025-02,5,88,1,N2,27.1,553,"$ 74.720,45"
H0470,Posadas,2025-03,5,88,1,N2,24.3,388,"$ 43.564,69"
H0470,Posadas,2025-04,5,88,1,N2,21.7,231,"$ 26.279,42"
H0470,Posadas,2025-05,5,88,1,N2,17.4,575,"$ 85.091,83"
H0470,Posadas,2025-06,5,88,1,N2,15.3,867,"$ 150.154,84"
H0470,Posadas,2025-07,5,88,1,N2,14.1,99999,"$ 178.431,01"
H0470,Posadas,2025-08,5,88,1,N2,17.0,608,"$ 99.107,27"
H0470,Posadas,2025-09,5,88,1,N2,19.1,360,"$ 44.022,72"
H0470,Posadas,2025-10,5,88,1,N2,22.3,273,"$ 34.806,00"
H0470,Posadas,2025-11,5,88,1,N2,23.7,336,"$ 42.333,42"
H0470,Posadas,2025-12,5,88,1,N2,26.5,430,"$ 64.904,33"
H0471,Posadas,2025-01,4,93,3,N1,27.4,997,"$ 195.262,50"
H0471,Posadas,2025-02,4,93,3,N1,27.1,998,"$ 200.339,33"
H0471,Posadas,2025-03,4,93,3,N1,24.3,99999,"$ 166.720,00"
H0471,Posadas,2025-04,4,93,3,N1,21.7,245,"$ 56.005,31"
H0471,Posadas,2025-05,4,93,3,N1,17.4,394,"$ 88.736,62"
H0471,Posadas,2025-06,4,93,3,N1,15.3,628,"$ 141.389,82"
H0471,Posadas,2025-07,4,93,3,N1,14.1,822,"$ 187.783,36"
H0471,Posadas,2025-08,4,93,3,N1,17.0,458,"$ 110.052,09"
H0471,Posadas,2025-09,4,93,3,N1,19.1,303,"$ 76.827,00"
H0471,Posadas,2025-10,4,93,3,N1,22.3,99999,"$ 86.598,66"
H0471,Posadas,2025-11,4,93,3,N1,23.7,525,"$ 134.852,43"
H0471,Posadas,2025-12,4,93,3,N1,26.5,1156,"$ 295.943,77"
H0472,Posadas,2025-01,1,77,1,N3,27.4,556,"$ 84.582,00"
H0472,Posadas,2025-02,1,77,1,N3,27.1,513,"$ 78.300,26"
H0472,Posadas,2025-03,1,77,1,N3,24.3,385,"$ 54.639,33"
H0472,Posadas,2025-04,1,77,1,N3,21.7,189,"$ 29.007,88"
H0472,Posadas,2025-05,1,77,1,N3,17.4,420,"$ 64.765,12"
H0472,Posadas,2025-06,1,77,1,N3,15.3,416,"$ 65.522,11"
H0472,Posadas,2025-07,1,77,1,N3,14.1,454,"$ 75.555,19"
H0472,Posadas,2025-08,1,77,1,N3,17.0,356,"$ 55.252,49"
H0472,Posadas,2025-09,1,77,1,N3,19.1,193,"$ 33.376,81"
H0472,Posadas,2025-10,1,77,1,N3,22.3,272,"$ 45.488,09"
H0472,Posadas,2025-11,1,77,1,N3,23.7,330,"$ 55.111,48"
H0472,Posadas,2025-12,1,77,1,N3,26.5,538,"$ 106.479,77"
H0473,Posadas,2025-01,3,92,3,N1,27.4,1256,"$ 244.602,00"
H0473,Posadas,2025-02,3,92,3,N1,27.1,1096,"$ 219.475,05"
H0473,Posadas,2025-03,3,92,3,N1,24.3,675,"$ 140.701,28"
H0473,Posadas,2025-04,3,92,3,N1,21.7,221,"$ 51.081,77"
H0473,Posadas,2025-05,3,92,3,N1,17.4,411,"$ 92.311,32"
H0473,Posadas,2025-06,3,92,3,N1,15.3,s/l,"$ 102.593,83"
H0473,Posadas,2025-07,3,92,3,N1,14.1,438,"$ 102.949,46"
H0473,Posadas,2025-08,3,92,3,N1,17.0,409,"$ 98.956,31"
H0473,Posadas,2025-09,3,92,3,N1,19.1,279,"$ 71.256,47"
H0473,Posadas,2025-10,3,92,3,N1,22.3,246,"$ 65.186,90"
H0473,Posadas,2025-11,3,92,3,N1,23.7,553,"$ 141.680,40"
H0473,Posadas,2025-12,3,92,3,N1,26.5,822,"$ 212.459,63"
H0474,Posadas,2025-01,2,65,0,N2,27.4,132,"$ 16.230,60"
H0474,Posadas,2025-02,2,65,0,N2,27.1,122,"$ 15.790,23"
H0474,Posadas,2025-03,2,65,0,N2,24.3,141,"$ 17.832,84"
H0474,Posadas,2025-04,2,65,0,N2,21.7,,"$ 18.189,76"
H0474,Posadas,2025-05,2,65,0,N2,17.4,283,"$ 31.674,63"
H0474,Posadas,2025-06,2,65,0,N2,15.3,332,"$ 37.042,98"
H0474,Posadas,2025-07,2,65,0,N2,14.1,404,"$ 51.622,01"
H0474,Posadas,2025-08,2,65,0,N2,17.0,242,"$ 30.086,94"
H0474,Posadas,2025-09,2,65,0,N2,19.1,177,"$ 24.301,47"
H0474,Posadas,2025-10,2,65,0,N2,22.3,99999,"$ 19.857,42"
H0474,Posadas,2025-11,2,65,0,N2,23.7,141,"$ 21.727,58"
H0474,Posadas,2025-12,2,65,0,N2,26.5,140,"$ 22.162,46"
H0475,Posadas,2025-01,1,61,1,N3,27.4,367,"$ 48.577,50"
H0475,Posadas,2025-02,1,61,1,N3,27.1,340,"$ 45.300,90"
H0475,Posadas,2025-03,1,61,1,N3,24.3,265,"$ 37.426,94"
H0475,Posadas,2025-04,1,61,1,N3,21.7,108,"$ 19.037,70"
H0475,Posadas,2025-05,1,61,1,N3,17.4,179,"$ 28.471,42"
H0475,Posadas,2025-06,1,61,1,N3,15.3,226,"$ 35.261,24"
H0475,Posadas,2025-07,1,61,1,N3,14.1,260,"$ 40.649,57"
H0475,Posadas,2025-08,1,61,1,N3,17.0,211,"$ 35.008,34"
H0475,Posadas,2025-09,1,61,1,N3,19.1,s/l,"$ 25.160,26"
H0475,Posadas,2025-10,1,61,1,N3,22.3,133,"$ 25.646,53"
H0475,Posadas,2025-11,1,61,1,N3,23.7,208,"$ 37.261,21"
H0475,Posadas,2025-12,1,61,1,N3,26.5,377,"$ 66.237,41"
H0476,Posadas,2025-01,4,59,1,N2,27.4,544,"$ 71.183,50"
H0476,Posadas,2025-02,4,59,1,N2,27.1,578,"$ 79.602,01"
H0476,Posadas,2025-03,4,59,1,N2,24.3,411,"$ 48.168,00"
H0476,Posadas,2025-04,4,59,1,N2,21.7,189,"$ 22.545,73"
H0476,Posadas,2025-05,4,59,1,N2,17.4,475,"$ 64.064,20"
H0476,Posadas,2025-06,4,59,1,N2,15.3,738,"$ 122.351,05"
H0476,Posadas,2025-07,4,59,1,N2,14.1,1082,"$ 201.406,86"
H0476,Posadas,2025-08,4,59,1,N2,17.0,565,"$ 89.370,15"
H0476,Posadas,2025-09,4,59,1,N2,19.1,321,"$ 38.784,87"
H0476,Posadas,2025-10,4,59,1,N2,22.3,208,"$ 28.104,91"
H0476,Posadas,2025-11,4,59,1,N2,23.7,287,"$ 37.155,54"
H0476,Posadas,2025-12,4,59,1,N2,26.5,469,"$ 74.652,48"
H0477,Posadas,2025-01,2,104,2,N1,27.4,567,"$ 113.347,50"
H0477,Posadas,2025-02,2,104,2,N1,27.1,787,"$ 159.138,94"
H0477,Posadas,2025-03,2,104,2,N1,24.3,480,"$ 101.673,18"
H0477,Posadas,2025-04,2,104,2,N1,21.7,157,"$ 37.952,32"
H0477,Posadas,2025-05,2,104,2,N1,17.4,325,"$ 74.227,55"
H0477,Posadas,2025-06,2,104,2,N1,15.3,504,"$ 114.663,70"
H0477,Posadas,2025-07,2,104,2,N1,14.1,559,"$ 129.680,98"
H0477,Posadas,2025-08,2,104,2,N1,17.0,336,"$ 82.425,85"
H0477,Posadas,2025-09,2,104,2,N1,19.1,210,"$ 55.241,17"
H0477,Posadas,2025-10,2,104,2,N1,22.3,242,"$ 64.235,27"
H0477,Posadas,2025-11,2,104,2,N1,23.7,386,"$ 100.956,43"
H0477,Posadas,2025-12,2,104,2,N1,26.5,592,"$ 154.970,56"
H0478,Posadas,2025-01,4,89,2,N2,27.4,785,"$ 117.094,00"
H0478,Posadas,2025-02,4,89,2,N2,27.1,925,"$ 147.358,10"
H0478,Posadas,2025-03,4,89,2,N2,24.3,633,"$ 92.599,99"
H0478,Posadas,2025-04,4,89,2,N2,21.7,362,"$ 39.319,97"
H0478,Posadas,2025-05,4,89,2,N2,17.4,537,"$ 77.101,33"
H0478,Posadas,2025-06,4,89,2,N2,15.3,724,"$ 119.333,58"
H0478,Posadas,2025-07,4,89,2,N2,14.1,779,"$ 134.467,61"
H0478,Posadas,2025-08,4,89,2,N2,17.0,486,"$ 71.481,02"
H0478,Posadas,2025-09,4,89,2,N2,19.1,294,"$ 36.069,23"
H0478,Posadas,2025-10,4,89,2,N2,22.3,295,"$ 37.074,06"
H0478,Posadas,2025-11,4,89,2,N2,23.7,543,"$ 90.877,04"
H0478,Posadas,2025-12,4,89,2,N2,26.5,927,"$ 189.130,73"
H0479,Posadas,2025-01,3,69,1,N2,27.4,541,"$ 70.612,00"
H0479,Posadas,2025-02,3,69,1,N2,27.1,526,"$ 69.448,36"
H0479,Posadas,2025-03,3,69,1,N2,24.3,386,"$ 43.164,40"
H0479,Posadas,2025-04,3,69,1,N2,21.7,196,"$ 23.168,01"
H0479,Posadas,2025-05,3,69,1,N2,17.4,406,"$ 49.555,13"
H0479,Posadas,2025-06,3,69,1,N2,15.3,670,"$ 107.694,79"
H0479,Posadas,2025-07,3,69,1,N2,14.1,844,"$ 148.827,52"
H0479,Posadas,2025-08,3,69,1,N2,17.0,424,"$ 57.441,46"
H0479,Posadas,2025-09,3,69,1,N2,19.1,310,"$ 37.678,50"
H0479,Posadas,2025-10,3,69,1,N2,22.3,266,"$ 34.084,34"
H0479,Posadas,2025-11,3,69,1,N2,23.7,304,"$ 38.951,95"
H0479,Posadas,2025-12,3,69,1,N2,26.5,413,"$ 60.655,14"
H0480,Posadas,2025-01,3,97,1,N1,27.4,567,"$ 113.347,50"
H0480,Posadas,2025-02,3,97,1,N1,27.1,421,"$ 87.672,86"
H0480,Posadas,2025-03,3,97,1,N1,24.3,291,"$ 63.845,96"
H0480,Posadas,2025-04,3,97,1,N1,21.7,-,"$ 47.389,11"
H0480,Posadas,2025-05,3,97,1,N1,17.4,438,"$ 97.988,78"
H0480,Posadas,2025-06,3,97,1,N1,15.3,473,"$ 107.982,17"
H0480,Posadas,2025-07,3,97,1,N1,14.1,625,"$ 144.261,80"
H0480,Posadas,2025-08,3,97,1,N1,17.0,322,"$ 79.255,62"
H0480,Posadas,2025-09,3,97,1,N1,19.1,294,"$ 74.738,05"
H0480,Posadas,2025-10,3,97,1,N1,22.3,173,"$ 47.819,59"
H0480,Posadas,2025-11,3,97,1,N1,23.7,99999,"$ 75.595,39"
H0480,Posadas,2025-12,3,97,1,N1,26.5,404,"$ 107.979,48"
H0481,Posadas,2025-01,6,134,4,N1,27.4,1625,"$ 314.896,50"
H0481,Posadas,2025-02,6,134,4,N1,27.1,1690,"$ 335.460,97"
H0481,Posadas,2025-03,6,134,4,N1,24.3,1307,"$ 267.192,32"
H0481,Posadas,2025-04,6,134,4,N1,21.7,384,"$ 84.520,84"
H0481,Posadas,2025-05,6,134,4,N1,17.4,s/l,"$ 151.609,25"
H0481,Posadas,2025-06,6,134,4,N1,15.3,845,"$ 188.160,54"
H0481,Posadas,2025-07,6,134,4,N1,14.1,1177,"$ 266.210,52"
H0481,Posadas,2025-08,6,134,4,N1,17.0,737,"$ 173.230,15"
H0481,Posadas,2025-09,6,134,4,N1,19.1,436,"$ 107.697,07"
H0481,Posadas,2025-10,6,134,4,N1,22.3,418,"$ 106.107,14"
H0481,Posadas,2025-11,6,134,4,N1,23.7,903,"$ 227.030,03"
H0481,Posadas,2025-12,6,134,4,N1,26.5,1614,"$ 410.422,02"
H0482,Posadas,2025-01,4,116,3,N1,27.4,1203,"$ 234.505,50"
H0482,Posadas,2025-02,4,116,3,N1,27.1,1345,"$ 268.095,41"
H0482,Posadas,2025-03,4,116,3,N1,24.3,652,"$ 136.097,96"
H0482,Posadas,2025-04,4,116,3,N1,21.7,394,"$ 86.572,31"
H0482,Posadas,2025-05,4,116,3,N1,17.4,672,"$ 147.193,45"
H0482,Posadas,2025-06,4,116,3,N1,15.3,808,"$ 180.185,81"
H0482,Posadas,2025-07,4,116,3,N1,14.1,846,"$ 193.085,48"
H0482,Posadas,2025-08,4,116,3,N1,17.0,737,"$ 173.230,15"
H0482,Posadas,2025-09,4,116,3,N1,19.1,415,"$ 102.822,85"
H0482,Posadas,2025-10,4,116,3,N1,22.3,519,"$ 130.135,89"
H0482,Posadas,2025-11,4,116,3,N1,23.7,-,"$ 185.086,78"
H0482,Posadas,2025-12,4,116,3,N1,26.5,1237,"$ 316.189,92"
H0483,Posadas,2025-01,3,61,1,N2,27.4,547,"$ 71.755,00"
H0483,Posadas,2025-02,3,61,1,N2,27.1,524,"$ 69.057,84"
H0483,Posadas,2025-03,3,61,1,N2,24.3,327,"$ 33.964,45"
H0483,Posadas,2025-04,3,61,1,N2,21.7,188,"$ 22.456,83"
H0483,Posadas,2025-05,3,61,1,N2,17.4,446,"$ 57.966,18"
H0483,Posadas,2025-06,3,61,1,N2,15.3,688,"$ 111.574,39"
H0483,Posadas,2025-07,3,61,1,N2,14.1,783,"$ 135.351,30"
H0483,Posadas,2025-08,3,61,1,N2,17.0,503,"$ 75.330,58"
H0483,Posadas,2025-09,3,61,1,N2,19.1,232,"$ 29.833,33"
H0483,Posadas,2025-10,3,61,1,N2,22.3,213,"$ 28.620,38"
H0483,Posadas,2025-11,3,61,1,N2,23.7,323,"$ 40.959,70"
H0483,Posadas,2025-12,3,61,1,N2,26.5,468,"$ 74.402,53"
H0484,Posadas,2025-01,2,68,1,N3,27.4,493,"$ 72.580,50"
H0484,Posadas,2025-02,2,68,1,N3,27.1,591,"$ 93.530,74"
H0484,Posadas,2025-03,2,68,1,N3,24.3,332,"$ 45.472,73"
H0484,Posadas,2025-04,2,68,1,N3,21.7,203,"$ 30.731,12"
H0484,Posadas,2025-05,2,68,1,N3,17.4,348,"$ 49.793,44"
H0484,Posadas,2025-06,2,68,1,N3,15.3,474,"$ 78.023,04"
H0484,Posadas,2025-07,2,68,1,N3,14.1,654,"$ 119.739,51"
H0484,Posadas,2025-08,2,68,1,N3,17.0,400,"$ 65.216,06"
H0484,Posadas,2025-09,2,68,1,N3,19.1,234,"$ 39.086,61"
H0484,Posadas,2025-10,2,68,1,N3,22.3,218,"$ 37.779,85"
H0484,Posadas,2025-11,2,68,1,N3,23.7,376,"$ 64.378,01"
H0484,Posadas,2025-12,2,68,1,N3,26.5,411,"$ 74.735,80"
H0485,Posadas,2025-01,2,86,2,N3,27.4,605,"$ 93.916,50"
H0485,Posadas,2025-02,2,86,2,N3,27.1,562,"$ 87.868,12"
H0485,Posadas,2025-03,2,86,2,N3,24.3,323,"$ 44.391,95"
H0485,Posadas,2025-04,2,86,2,N3,21.7,166,"$ 26.176,84"
H0485,Posadas,2025-05,2,86,2,N3,17.4,277,"$ 40.835,67"
H0485,Posadas,2025-06,2,86,2,N3,15.3,388,"$ 59.487,18"
H0485,Posadas,2025-07,2,86,2,N3,14.1,455,"$ 75.776,11"
H0485,Posadas,2025-08,2,86,2,N3,17.0,303,"$ 47.508,08"
H0485,Posadas,2025-09,2,86,2,N3,19.1,167,"$ 29.755,96"
H0485,Posadas,2025-10,2,86,2,N3,22.3,169,"$ 30.785,35"
H0485,Posadas,2025-11,2,86,2,N3,23.7,306,"$ 51.599,95"
H0485,Posadas,2025-12,2,86,2,N3,26.5,547,"$ 108.729,34"
H0486,Posadas,2025-01,4,99,3,N3,27.4,995,"$ 168.211,50"
H0486,Posadas,2025-02,4,99,3,N3,27.1,963,"$ 166.168,39"
H0486,Posadas,2025-03,4,99,3,N3,24.3,99999,"$ 101.673,18"
H0486,Posadas,2025-04,4,99,3,N3,21.7,223,"$ 33.192,89"
H0486,Posadas,2025-05,4,99,3,N3,17.4,501,"$ 81.797,50"
H0486,Posadas,2025-06,4,99,3,N3,15.3,546,"$ 93.541,44"
H0486,Posadas,2025-07,4,99,3,N3,14.1,663,"$ 121.727,80"
H0486,Posadas,2025-08,4,99,3,N3,17.0,585,"$ 107.108,31"
H0486,Posadas,2025-09,4,99,3,N3,19.1,303,"$ 48.695,79"
H0486,Posadas,2025-10,4,99,3,N3,22.3,303,"$ 49.913,18"
H0486,Posadas,2025-11,4,99,3,N3,23.7,482,"$ 90.226,76"
H0486,Posadas,2025-12,4,99,3,N3,26.5,1001,"$ 222.207,78"
H0487,Posadas,2025-01,4,142,4,N1,27.4,1492,"$ 289.560,00"
H0487,Posadas,2025-02,4,142,4,N1,27.1,1651,"$ 327.845,74"
H0487,Posadas,2025-03,4,142,4,N1,24.3,775,"$ 160.715,68"
H0487,Posadas,2025-04,4,142,4,N1,21.7,265,"$ 60.108,27"
H0487,Posadas,2025-05,4,142,4,N1,17.4,393,"$ 88.526,35"
H0487,Posadas,2025-06,4,142,4,N1,15.3,543,"$ 123.069,49"
H0487,Posadas,2025-07,4,142,4,N1,14.1,552,"$ 128.134,53"
H0487,Posadas,2025-08,4,142,4,N1,17.0,524,"$ 124.997,44"
H0487,Posadas,2025-09,4,142,4,N1,19.1,314,"$ 79.380,17"
H0487,Posadas,2025-10,4,142,4,N1,22.3,326,"$ 84.219,57"
H0487,Posadas,2025-11,4,142,4,N1,23.7,798,"$ 201.425,14"
H0487,Posadas,2025-12,4,142,4,N1,26.5,1176,"$ 300.942,82"
H0488,Posadas,2025-01,2,95,3,N3,27.4,963,"$ 162.115,50"
H0488,Posadas,2025-02,2,95,3,N3,27.1,975,"$ 168.511,54"
H0488,Posadas,2025-03,2,95,3,N3,24.3,550,"$ 87.663,10"
H0488,Posadas,2025-04,2,95,3,N3,21.7,211,"$ 31.715,83"
H0488,Posadas,2025-05,2,95,3,N3,17.4,301,"$ 43.863,65"
H0488,Posadas,2025-06,2,95,3,N3,15.3,398,"$ 61.642,51"
H0488,Posadas,2025-07,2,95,3,N3,14.1,693,"$ 128.355,45"
H0488,Posadas,2025-08,2,95,3,N3,17.0,333,"$ 51.584,09"
H0488,Posadas,2025-09,2,95,3,N3,19.1,225,"$ 37.833,24"
H0488,Posadas,2025-10,2,95,3,N3,22.3,261,"$ 43.917,89"
H0488,Posadas,2025-11,2,95,3,N3,23.7,512,"$ 97.542,44"
H0488,Posadas,2025-12,2,95,3,N3,26.5,1010,"$ 224.457,35"
H0489,Posadas,2025-01,1,61,1,N3,27.4,356,"$ 46.482,00"
H0489,Posadas,2025-02,1,61,1,N3,27.1,398,"$ 55.845,08"
H0489,Posadas,2025-03,1,61,1,N3,24.3,239,"$ 34.304,69"
H0489,Posadas,2025-04,1,61,1,N3,21.7,95,"$ 17.437,55"
H0489,Posadas,2025-05,1,61,1,N3,17.4,239,"$ 36.041,37"
H0489,Posadas,2025-06,1,61,1,N3,15.3,280,"$ 42.244,52"
H0489,Posadas,2025-07,1,61,1,N3,14.1,336,"$ 50.723,60"
H0489,Posadas,2025-08,1,61,1,N3,17.0,307,"$ 48.051,55"
H0489,Posadas,2025-09,1,61,1,N3,19.1,176,"$ 31.009,33"
H0489,Posadas,2025-10,1,61,1,N3,22.3,153,"$ 28.501,43"
H0489,Posadas,2025-11,1,61,1,N3,23.7,220,"$ 39.016,98"
H0489,Posadas,2025-12,1,61,1,N3,26.5,337,"$ 57.539,07"
H0490,Posadas,2025-01,2,61,1,N3,27.4,99999,"$ 59.626,50"
H0490,Posadas,2025-02,2,61,1,N3,27.1,448,"$ 65.608,20"
H0490,Posadas,2025-03,2,61,1,N3,24.3,358,"$ 49.235,44"
H0490,Posadas,2025-04,2,61,1,N3,21.7,162,"$ 25.684,49"
H0490,Posadas,2025-05,2,61,1,N3,17.4,325,"$ 46.891,63"
H0490,Posadas,2025-06,2,61,1,N3,15.3,609,"$ 107.120,03"
H0490,Posadas,2025-07,2,61,1,N3,14.1,517,"$ 89.473,25"
H0490,Posadas,2025-08,2,61,1,N3,17.0,408,"$ 67.027,61"
H0490,Posadas,2025-09,2,61,1,N3,19.1,195,"$ 33.655,33"
H0490,Posadas,2025-10,2,61,1,N3,22.3,210,"$ 36.637,89"
H0490,Posadas,2025-11,2,61,1,N3,23.7,245,"$ 42.674,82"
H0490,Posadas,2025-12,2,61,1,N3,26.5,434,"$ 80.484,71"
H0491,Posadas,2025-01,4,90,2,N2,27.4,799,"$ 119.761,00"
H0491,Posadas,2025-02,4,90,2,N2,27.1,s/l,"$ 103.619,30"
H0491,Posadas,2025-03,4,90,2,N2,24.3,422,"$ 50.369,59"
H0491,Posadas,2025-04,4,90,2,N2,21.7,276,"$ 30.279,80"
H0491,Posadas,2025-05,4,90,2,N2,17.4,322,"$ 35.228,30"
H0491,Posadas,2025-06,4,90,2,N2,15.3,556,"$ 83.124,00"
H0491,Posadas,2025-07,4,90,2,N2,14.1,643,"$ 104.422,27"
H0491,Posadas,2025-08,4,90,2,N2,17.0,477,"$ 69.443,02"
H0491,Posadas,2025-09,4,90,2,N2,19.1,313,"$ 37.980,24"
H0491,Posadas,2025-10,4,90,2,N2,22.3,284,"$ 35.940,03"
H0491,Posadas,2025-11,4,90,2,N2,23.7,401,"$ 56.249,48"
H0491,Posadas,2025-12,4,90,2,N2,26.5,590,"$ 104.896,74"
H0492,Posadas,2025-01,4,101,2,N3,27.4,738,"$ 119.253,00"
H0492,Posadas,2025-02,4,101,2,N3,27.1,860,"$ 146.056,35"
H0492,Posadas,2025-03,4,101,2,N3,24.3,502,"$ 78.056,18"
H0492,Posadas,2025-04,4,101,2,N3,21.7,261,"$ 37.870,26"
H0492,Posadas,2025-05,4,101,2,N3,17.4,423,"$ 65.395,95"
H0492,Posadas,2025-06,4,101,2,N3,15.3,664,"$ 118.974,36"
H0492,Posadas,2025-07,4,101,2,N3,14.1,869,"$ 167.237,65"
H0492,Posadas,2025-08,4,101,2,N3,17.0,429,"$ 71.782,95"
H0492,Posadas,2025-09,4,101,2,N3,19.1,372,"$ 60.347,50"
H0492,Posadas,2025-10,4,101,2,N3,22.3,330,"$ 53.767,30"
H0492,Posadas,2025-11,4,101,2,N3,23.7,444,"$ 80.960,23"
H0492,Posadas,2025-12,4,101,2,N3,26.5,810,"$ 174.466,85"
H0493,Posadas,2025-01,3,72,0,N2,27.4,187,"$ 20.770,85"
H0493,Posadas,2025-02,3,72,0,N2,27.1,214,"$ 23.574,69"
H0493,Posadas,2025-03,3,72,0,N2,24.3,227,"$ 25.291,54"
H0493,Posadas,2025-04,3,72,0,N2,21.7,189,"$ 22.545,73"
H0493,Posadas,2025-05,3,72,0,N2,17.4,431,"$ 54.812,04"
H0493,Posadas,2025-06,3,72,0,N2,15.3,683,"$ 110.496,72"
H0493,Posadas,2025-07,3,72,0,N2,14.1,662,"$ 108.619,78"
H0493,Posadas,2025-08,3,72,0,N2,17.0,580,"$ 92.766,82"
H0493,Posadas,2025-09,3,72,0,N2,19.1,309,"$ 37.577,92"
H0493,Posadas,2025-10,3,72,0,N2,22.3,162,"$ 23.362,60"
H0493,Posadas,2025-11,3,72,0,N2,23.7,150,"$ 22.678,62"
H0493,Posadas,2025-12,3,72,0,N2,26.5,203,"$ 28.986,16"
H0494,Posadas,2025-01,3,114,2,N3,27.4,661,"$ 104.584,50"
H0494,Posadas,2025-02,3,114,2,N3,27.1,726,"$ 119.891,18"
H0494,Posadas,2025-03,3,114,2,N3,24.3,337,"$ 46.073,16"
H0494,Posadas,2025-04,3,114,2,N3,21.7,189,"$ 29.007,88"
H0494,Posadas,2025-05,3,114,2,N3,17.4,385,"$ 57.405,45"
H0494,Posadas,2025-06,3,114,2,N3,15.3,517,"$ 87.290,97"
H0494,Posadas,2025-07,3,114,2,N3,14.1,677,"$ 124.820,70"
H0494,Posadas,2025-08,3,114,2,N3,17.0,380,"$ 60.687,16"
H0494,Posadas,2025-09,3,114,2,N3,19.1,263,"$ 43.125,25"
H0494,Posadas,2025-10,3,114,2,N3,22.3,190,"$ 33.782,99"
H0494,Posadas,2025-11,3,114,2,N3,23.7,326,"$ 54.526,23"
H0494,Posadas,2025-12,3,114,2,N3,26.5,645,"$ 133.224,69"
H0495,Posadas,2025-01,2,131,3,N1,27.4,901,"$ 176.974,50"
H0495,Posadas,2025-02,2,131,3,N1,27.1,819,"$ 165.387,34"
H0495,Posadas,2025-03,2,131,3,N1,24.3,602,"$ 126.090,76"
H0495,Posadas,2025-04,2,131,3,N1,21.7,234,"$ 53.748,69"
H0495,Posadas,2025-05,2,131,3,N1,17.4,367,"$ 83.059,16"
H0495,Posadas,2025-06,2,131,3,N1,15.3,462,"$ 105.611,30"
H0495,Posadas,2025-07,2,131,3,N1,14.1,634,"$ 146.250,10"
H0495,Posadas,2025-08,2,131,3,N1,17.0,372,"$ 90.577,85"
H0495,Posadas,2025-09,2,131,3,N1,19.1,195,"$ 51.759,58"
H0495,Posadas,2025-10,2,131,3,N1,22.3,265,"$ 69.707,16"
H0495,Posadas,2025-11,2,131,3,N1,23.7,503,"$ 129.487,59"
H0495,Posadas,2025-12,2,131,3,N1,26.5,845,"$ 218.208,54"
H0496,Posadas,2025-01,5,100,0,N2,27.4,288,"$ 29.108,40"
H0496,Posadas,2025-02,5,100,0,N2,27.1,343,"$ 34.489,87"
H0496,Posadas,2025-03,5,100,0,N2,24.3,347,"$ 35.699,03"
H0496,Posadas,2025-04,5,100,0,N2,21.7,s/l,"$ 36.858,20"
H0496,Posadas,2025-05,5,100,0,N2,17.4,687,"$ 108.642,78"
H0496,Posadas,2025-06,5,100,0,N2,15.3,906,"$ 158.560,64"
H0496,Posadas,2025-07,5,100,0,N2,14.1,1235,"$ 235.207,86"
H0496,Posadas,2025-08,5,100,0,N2,17.0,809,"$ 144.622,64"
H0496,Posadas,2025-09,5,100,0,N2,19.1,412,"$ 56.092,22"
H0496,Posadas,2025-10,5,100,0,N2,22.3,271,"$ 34.599,81"
H0496,Posadas,2025-11,5,100,0,N2,23.7,302,"$ 38.740,61"
H0496,Posadas,2025-12,5,100,0,N2,26.5,310,"$ 40.575,62"
H0497,Posadas,2025-01,5,103,1,N2,27.4,460,"$ 55.181,50"
H0497,Posadas,2025-02,5,103,1,N2,27.1,515,"$ 67.300,48"
H0497,Posadas,2025-03,5,103,1,N2,24.3,329,"$ 34.137,91"
H0497,Posadas,2025-04,5,103,1,N2,21.7,215,"$ 24.857,06"
H0497,Posadas,2025-05,5,103,1,N2,17.4,439,"$ 56.494,25"
H0497,Posadas,2025-06,5,103,1,N2,15.3,687,"$ 111.358,85"
H0497,Posadas,2025-07,5,103,1,N2,14.1,785,"$ 135.793,14"
H0497,Posadas,2025-08,5,103,1,N2,17.0,429,"$ 58.573,68"
H0497,Posadas,2025-09,5,103,1,N2,19.1,364,"$ 44.951,15"
H0497,Posadas,2025-10,5,103,1,N2,22.3,237,"$ 31.094,63"
H0497,Posadas,2025-11,5,103,1,N2,23.7,321,"$ 40.748,36"
H0497,Posadas,2025-12,5,103,1,N2,26.5,452,"$ 70.403,29"
H0498,Posadas,2025-01,1,47,0,N2,27.4,110,"$ 14.414,50"
H0498,Posadas,2025-02,1,47,0,N2,27.1,89,"$ 12.997,97"
H0498,Posadas,2025-03,1,47,0,N2,24.3,100,"$ 14.276,94"
H0498,Posadas,2025-04,1,47,0,N2,21.7,129,"$ 17.211,89"
H0498,Posadas,2025-05,1,47,0,N2,17.4,226,"$ 26.480,80"
H0498,Posadas,2025-06,1,47,0,N2,15.3,292,"$ 33.307,07"
H0498,Posadas,2025-07,1,47,0,N2,14.1,467,"$ 65.540,07"
H0498,Posadas,2025-08,1,47,0,N2,17.0,258,"$ 31.656,96"
H0498,Posadas,2025-09,1,47,0,N2,19.1,162,"$ 22.792,78"
H0498,Posadas,2025-10,1,47,0,N2,22.3,110,"$ 18.001,74"
H0498,Posadas,2025-11,1,47,0,N2,23.7,97,"$ 17.078,06"
H0498,Posadas,2025-12,1,47,0,N2,26.5,86,"$ 16.313,57"
H0499,Posadas,2025-01,7,103,2,N3,27.4,1187,"$ 204.787,50"
H0499,Posadas,2025-02,7,103,2,N3,27.1,1029,"$ 179.055,71"
H0499,Posadas,2025-03,7,103,2,N3,24.3,583,"$ 94.267,85"
H0499,Posadas,2025-04,7,103,2,N3,21.7,356,"$ 50.056,03"
H0499,Posadas,2025-05,7,103,2,N3,17.4,753,"$ 134.787,14"
H0499,Posadas,2025-06,7,103,2,N3,15.3,1016,"$ 194.842,07"
H0499,Posadas,2025-07,7,103,2,N3,14.1,1224,"$ 245.664,81"
H0499,Posadas,2025-08,7,103,2,N3,17.0,812,"$ 158.511,25"
H0499,Posadas,2025-09,7,103,2,N3,19.1,460,"$ 80.772,80"
H0499,Posadas,2025-10,7,103,2,N3,22.3,408,"$ 70.420,89"
H0499,Posadas,2025-11,7,103,2,N3,23.7,605,"$ 120.221,06"
H0499,Posadas,2025-12,7,103,2,N3,26.5,876,"$ 190.963,72"
H0500,Posadas,2025-01,4,62,0,N2,27.4,217,"$ 23.247,35"
H0500,Posadas,2025-02,4,62,0,N2,27.1,236,"$ 25.436,19"
H0500,Posadas,2025-03,4,62,0,N2,24.3,232,"$ 25.725,18"
H0500,Posadas,2025-04,4,62,0,N2,21.7,208,"$ 24.234,78"
H0500,Posadas,2025-05,4,62,0,N2,17.4,650,"$ 100.862,56"
H0500,Posadas,2025-06,4,62,0,N2,15.3,892,"$ 155.543,17"
H0500,Posadas,2025-07,4,62,0,N2,14.1,986,"$ 180.198,38"
H0500,Posadas,2025-08,4,62,0,N2,17.0,566,"$ 89.596,59"
H0500,Posadas,2025-09,4,62,0,N2,19.1,372,"$ 46.807,99"
H0500,Posadas,2025-10,4,62,0,N2,22.3,194,"$ 26.661,60"
H0500,Posadas,2025-11,4,62,0,N2,23.7,222,"$ 30.286,93"
H0500,Posadas,2025-12,4,62,0,N2,26.5,229,"$ 31.802,29"
H0501,Posadas,2025-01,4,113,2,N3,27.4,1111,"$ 190.309,50"
H0501,Posadas,2025-02,4,113,2,N3,27.1,995,"$ 172.416,79"
H0501,Posadas,2025-03,4,113,2,N3,24.3,517,"$ 81.058,35"
H0501,Posadas,2025-04,4,113,2,N3,21.7,292,"$ 41.686,01"
H0501,Posadas,2025-05,4,113,2,N3,17.4,532,"$ 88.316,07"
H0501,Posadas,2025-06,4,113,2,N3,15.3,986,"$ 188.376,07"
H0501,Posadas,2025-07,4,113,2,N3,14.1,1195,"$ 239.258,09"
H0501,Posadas,2025-08,4,113,2,N3,17.0,813,"$ 158.737,69"
H0501,Posadas,2025-09,4,113,2,N3,19.1,385,"$ 63.364,87"
H0501,Posadas,2025-10,4,113,2,N3,22.3,345,"$ 55.908,47"
H0501,Posadas,2025-11,4,113,2,N3,23.7,602,"$ 119.489,49"
H0501,Posadas,2025-12,4,113,2,N3,26.5,899,"$ 196.712,62"
H0502,Posadas,2025-01,4,125,1,N1,27.4,684,"$ 135.636,00"
H0502,Posadas,2025-02,4,125,1,N1,27.1,861,"$ 173.588,36"
H0502,Posadas,2025-03,4,125,1,N1,24.3,433,"$ 92.266,41"
H0502,Posadas,2025-04,4,125,1,N1,21.7,354,"$ 78.366,41"
H0502,Posadas,2025-05,4,125,1,N1,17.4,478,"$ 106.399,84"
H0502,Posadas,2025-06,4,125,1,N1,15.3,780,"$ 174.150,88"
H0502,Posadas,2025-07,4,125,1,N1,14.1,783,"$ 179.167,41"
H0502,Posadas,2025-08,4,125,1,N1,17.0,557,"$ 132.470,11"
H0502,Posadas,2025-09,4,125,1,N1,19.1,403,"$ 100.037,58"
H0502,Posadas,2025-10,4,125,1,N1,22.3,398,"$ 101.348,98"
H0502,Posadas,2025-11,4,125,1,N1,23.7,,"$ 111.686,10"
H0502,Posadas,2025-12,4,125,1,N1,26.5,741,"$ 192.213,48"
H0503,Posadas,2025-01,3,133,0,N1,27.4,99999,"$ 50.863,50"
H0503,Posadas,2025-02,3,133,0,N1,27.1,295,"$ 63.069,79"
H0503,Posadas,2025-03,3,133,0,N1,24.3,207,"$ 47.033,85"
H0503,Posadas,2025-04,3,133,0,N1,21.7,233,"$ 53.543,54"
H0503,Posadas,2025-05,3,133,0,N1,17.4,404,"$ 90.839,39"
H0503,Posadas,2025-06,3,133,0,N1,15.3,531,"$ 120.483,09"
H0503,Posadas,2025-07,3,133,0,N1,14.1,761,"$ 174.307,14"
H0503,Posadas,2025-08,3,133,0,N1,17.0,493,"$ 117.977,66"
H0503,Posadas,2025-09,3,133,0,N1,19.1,289,"$ 73.577,52"
H0503,Posadas,2025-10,3,133,0,N1,22.3,276,"$ 72.324,15"
H0503,Posadas,2025-11,3,133,0,N1,23.7,218,"$ 59.988,60"
H0503,Posadas,2025-12,3,133,0,N1,26.5,308,"$ 83.984,04"
H0504,Posadas,2025-01,5,164,0,N3,27.4,250,"$ 33.909,00"
H0504,Posadas,2025-02,5,164,0,N3,27.1,275,"$ 37.685,66"
H0504,Posadas,2025-03,5,164,0,N3,24.3,304,"$ 42.110,31"
H0504,Posadas,2025-04,5,164,0,N3,21.7,269,"$ 38.854,97"
H0504,Posadas,2025-05,5,164,0,N3,17.4,471,"$ 75.489,21"
H0504,Posadas,2025-06,5,164,0,N3,15.3,677,"$ 121.776,29"
H0504,Posadas,2025-07,5,164,0,N3,14.1,851,"$ 163.261,06"
H0504,Posadas,2025-08,5,164,0,N3,17.0,642,"$ 120.015,66"
H0504,Posadas,2025-09,5,164,0,N3,19.1,372,"$ 60.347,50"
H0504,Posadas,2025-10,5,164,0,N3,22.3,254,"$ 42.918,67"
H0504,Posadas,2025-11,5,164,0,N3,23.7,223,"$ 39.455,92"
H0504,Posadas,2025-12,5,164,0,N3,26.5,249,"$ 44.341,57"
H0505,Posadas,2025-01,3,68,1,N3,27.4,99999,"$ 91.249,50"
H0505,Posadas,2025-02,3,68,1,N3,27.1,644,"$ 103.879,65"
H0505,Posadas,2025-03,3,68,1,N3,24.3,382,"$ 54.038,90"
H0505,Posadas,2025-04,3,68,1,N3,21.7,212,"$ 31.838,92"
H0505,Posadas,2025-05,3,68,1,N3,17.4,473,"$ 75.909,76"
H0505,Posadas,2025-06,3,68,1,N3,15.3,609,"$ 107.120,03"
H0505,Posadas,2025-07,3,68,1,N3,14.1,844,"$ 161.714,61"
H0505,Posadas,2025-08,3,68,1,N3,17.0,505,"$ 88.992,74"
H0505,Posadas,2025-09,3,68,1,N3,19.1,267,"$ 43.682,30"
H0505,Posadas,2025-10,3,68,1,N3,22.3,260,"$ 43.775,14"
H0505,Posadas,2025-11,3,68,1,N3,23.7,266,"$ 45.747,41"
H0505,Posadas,2025-12,3,68,1,N3,26.5,584,"$ 117.977,58"
H0506,Posadas,2025-01,5,75,0,N2,27.4,176,"$ 19.862,80"
H0506,Posadas,2025-02,5,75,0,N2,27.1,209,"$ 23.151,62"
H0506,Posadas,2025-03,5,75,0,N2,24.3,237,"$ 26.158,83"
H0506,Posadas,2025-04,5,75,0,N2,21.7,189,"$ 22.545,73"
H0506,Posadas,2025-05,5,75,0,N2,17.4,486,"$ 66.377,24"
H0506,Posadas,2025-06,5,75,0,N2,15.3,618,"$ 96.487,06"
H0506,Posadas,2025-07,5,75,0,N2,14.1,835,"$ 146.839,22"
H0506,Posadas,2025-08,5,75,0,N2,17.0,530,"$ 81.444,59"
H0506,Posadas,2025-09,5,75,0,N2,19.1,347,"$ 41.399,93"
H0506,Posadas,2025-10,5,75,0,N2,22.3,166,"$ 23.774,98"
H0506,Posadas,2025-11,5,75,0,N2,23.7,169,"$ 24.686,37"
H0506,Posadas,2025-12,5,75,0,N2,26.5,165,"$ 24.870,27"
H0507,Posadas,2025-01,3,59,1,N2,27.4,99999,"$ 41.656,00"
H0507,Posadas,2025-02,3,59,1,N2,27.1,479,"$ 60.271,03"
H0507,Posadas,2025-03,3,59,1,N2,24.3,378,"$ 41.563,25"
H0507,Posadas,2025-04,3,59,1,N2,21.7,185,"$ 22.190,14"
H0507,Posadas,2025-05,3,59,1,N2,17.4,413,"$ 51.027,06"
H0507,Posadas,2025-06,3,59,1,N2,15.3,504,"$ 71.916,27"
H0507,Posadas,2025-07,3,59,1,N2,14.1,711,"$ 119.444,94"
H0507,Posadas,2025-08,3,59,1,N2,17.0,434,"$ 59.705,90"
H0507,Posadas,2025-09,3,59,1,N2,19.1,268,"$ 33.454,18"
H0507,Posadas,2025-10,3,59,1,N2,22.3,238,"$ 31.197,72"
H0507,Posadas,2025-11,3,59,1,N2,23.7,301,"$ 38.634,94"
H0507,Posadas,2025-12,3,59,1,N2,26.5,407,"$ 59.155,43"
H0508,Posadas,2025-01,7,94,0,N2,27.4,254,"$ 26.301,70"
H0508,Posadas,2025-02,7,94,0,N2,27.1,305,"$ 31.274,54"
H0508,Posadas,2025-03,7,94,0,N2,24.3,249,"$ 27.199,58"
H0508,Posadas,2025-04,7,94,0,N2,21.7,283,"$ 30.902,08"
H0508,Posadas,2025-05,7,94,0,N2,17.4,727,"$ 117.053,84"
H0508,Posadas,2025-06,7,94,0,N2,15.3,998,"$ 178.389,70"
H0508,Posadas,2025-07,7,94,0,N2,14.1,1018,"$ 187.267,87"
H0508,Posadas,2025-08,7,94,0,N2,17.0,603,"$ 97.975,05"
H0508,Posadas,2025-09,7,94,0,N2,19.1,348,"$ 41.500,51"
H0508,Posadas,2025-10,7,94,0,N2,22.3,325,"$ 40.166,87"
H0508,Posadas,2025-11,7,94,0,N2,23.7,267,"$ 35.042,12"
H0508,Posadas,2025-12,7,94,0,N2,26.5,311,"$ 40.683,94"
H0509,Posadas,2025-01,1,77,2,N3,27.4,1016,"$ 172.212,00"
H0509,Posadas,2025-02,1,77,2,N3,27.1,1051,"$ 183.351,49"
H0509,Posadas,2025-03,1,77,2,N3,24.3,508,"$ 79.257,05"
H0509,Posadas,2025-04,1,77,2,N3,21.7,194,"$ 29.623,32"
H0509,Posadas,2025-05,1,77,2,N3,17.4,289,"$ 42.349,66"
H0509,Posadas,2025-06,1,77,2,N3,15.3,531,"$ 90.308,44"
H0509,Posadas,2025-07,1,77,2,N3,14.1,540,"$ 94.554,44"
H0509,Posadas,2025-08,1,77,2,N3,17.0,373,"$ 59.102,05"
H0509,Posadas,2025-09,1,77,2,N3,19.1,242,"$ 40.200,72"
H0509,Posadas,2025-10,1,77,2,N3,22.3,290,"$ 48.057,50"
H0509,Posadas,2025-11,1,77,2,N3,23.7,583,"$ 114.856,23"
H0509,Posadas,2025-12,1,77,2,N3,26.5,989,"$ 219.208,35"
H0510,Posadas,2025-01,2,94,3,N1,27.4,1254,"$ 244.221,00"
H0510,Posadas,2025-02,2,94,3,N1,27.1,1450,"$ 288.597,97"
H0510,Posadas,2025-03,2,94,3,N1,24.3,597,"$ 125.090,04"
H0510,Posadas,2025-04,2,94,3,N1,21.7,238,"$ 54.569,28"
H0510,Posadas,2025-05,2,94,3,N1,17.4,388,"$ 87.474,96"
H0510,Posadas,2025-06,2,94,3,N1,15.3,539,"$ 122.207,36"
H0510,Posadas,2025-07,2,94,3,N1,14.1,590,"$ 136.529,55"
H0510,Posadas,2025-08,2,94,3,N1,17.0,471,"$ 112.995,87"
H0510,Posadas,2025-09,2,94,3,N1,19.1,228,"$ 59.419,07"
H0510,Posadas,2025-10,2,94,3,N1,22.3,340,"$ 87.550,29"
H0510,Posadas,2025-11,2,94,3,N1,23.7,573,"$ 146.557,52"
H0510,Posadas,2025-12,2,94,3,N1,26.5,1188,"$ 303.942,25"
H0511,Posadas,2025-01,2,140,4,N1,27.4,1540,"$ 298.704,00"
H0511,Posadas,2025-02,2,140,4,N1,27.1,1454,"$ 289.379,03"
H0511,Posadas,2025-03,2,140,4,N1,24.3,913,"$ 188.335,56"
H0511,Posadas,2025-04,2,140,4,N1,21.7,236,"$ 54.158,98"
H0511,Posadas,2025-05,2,140,4,N1,17.4,398,"$ 89.577,73"
H0511,Posadas,2025-06,2,140,4,N1,15.3,545,"$ 123.500,56"
H0511,Posadas,2025-07,2,140,4,N1,14.1,583,"$ 134.983,10"
H0511,Posadas,2025-08,2,140,4,N1,17.0,316,"$ 77.896,95"
H0511,Posadas,2025-09,2,140,4,N1,19.1,261,"$ 67.078,56"
H0511,Posadas,2025-10,2,140,4,N1,22.3,373,"$ 95.401,27"
H0511,Posadas,2025-11,2,140,4,N1,23.7,669,"$ 169.967,71"
H0511,Posadas,2025-12,2,140,4,N1,26.5,1516,"$ 385.926,67"
H0512,Posadas,2025-01,2,74,2,N2,27.4,781,"$ 116.332,00"
H0512,Posadas,2025-02,2,74,2,N2,27.1,642,"$ 92.098,81"
H0512,Posadas,2025-03,2,74,2,N2,24.3,563,"$ 78.589,90"
H0512,Posadas,2025-04,2,74,2,N2,21.7,183,"$ 22.012,34"
H0512,Posadas,2025-05,2,74,2,N2,17.4,373,"$ 42.616,01"
H0512,Posadas,2025-06,2,74,2,N2,15.3,515,"$ 74.287,13"
H0512,Posadas,2025-07,2,74,2,N2,14.1,426,"$ 56.482,29"
H0512,Posadas,2025-08,2,74,2,N2,17.0,394,"$ 50.648,12"
H0512,Posadas,2025-09,2,74,2,N2,19.1,220,"$ 28.626,38"
H0512,Posadas,2025-10,2,74,2,N2,22.3,271,"$ 34.599,81"
H0512,Posadas,2025-11,2,74,2,N2,23.7,421,"$ 61.126,60"
H0512,Posadas,2025-12,2,74,2,N2,26.5,698,"$ 131.891,61"
H0513,Posadas,2025-01,3,121,1,N1,27.4,617,"$ 122.872,50"
H0513,Posadas,2025-02,3,121,1,N1,27.1,637,"$ 129.849,56"
H0513,Posadas,2025-03,3,121,1,N1,24.3,378,"$ 81.258,49"
H0513,Posadas,2025-04,3,121,1,N1,21.7,273,"$ 61.749,45"
H0513,Posadas,2025-05,3,121,1,N1,17.4,457,"$ 101.984,03"
H0513,Posadas,2025-06,3,121,1,N1,15.3,652,"$ 146.562,62"
H0513,Posadas,2025-07,3,121,1,N1,14.1,890,"$ 202.806,03"
H0513,Posadas,2025-08,3,121,1,N1,17.0,642,"$ 151.717,91"
H0513,Posadas,2025-09,3,121,1,N1,19.1,346,"$ 86.807,55"
H0513,Posadas,2025-10,3,121,1,N1,22.3,382,"$ 97.542,44"
H0513,Posadas,2025-11,3,121,1,N1,23.7,353,"$ 92.909,18"
H0513,Posadas,2025-12,3,121,1,N1,26.5,542,"$ 142.472,93"
H0514,Posadas,2025-01,4,87,0,N3,27.4,167,"$ 24.422,10"
H0514,Posadas,2025-02,4,87,0,N3,27.1,166,"$ 24.915,49"
H0514,Posadas,2025-03,4,87,0,N3,24.3,180,"$ 27.219,59"
H0514,Posadas,2025-04,4,87,0,N3,21.7,174,"$ 27.161,55"
H0514,Posadas,2025-05,4,87,0,N3,17.4,360,"$ 52.148,54"
H0514,Posadas,2025-06,4,87,0,N3,15.3,384,"$ 58.625,05"
H0514,Posadas,2025-07,4,87,0,N3,14.1,627,"$ 113.774,62"
H0514,Posadas,2025-08,4,87,0,N3,17.0,382,"$ 61.140,05"
H0514,Posadas,2025-09,4,87,0,N3,19.1,184,"$ 32.123,44"
H0514,Posadas,2025-10,4,87,0,N3,22.3,150,"$ 28.073,19"
H0514,Posadas,2025-11,4,87,0,N3,23.7,150,"$ 28.775,02"
H0514,Posadas,2025-12,4,87,0,N3,26.5,164,"$ 31.594,00"
H0515,Posadas,2025-01,6,101,0,N2,27.4,271,"$ 27.705,05"
H0515,Posadas,2025-02,6,101,0,N2,27.1,294,"$ 30.343,79"
H0515,Posadas,2025-03,6,101,0,N2,24.3,336,"$ 34.745,01"
H0515,Posadas,2025-04,6,101,0,N2,21.7,287,"$ 31.257,67"
H0515,Posadas,2025-05,6,101,0,N2,17.4,728,"$ 117.264,11"
H0515,Posadas,2025-06,6,101,0,N2,15.3,910,"$ 159.422,77"
H0515,Posadas,2025-07,6,101,0,N2,14.1,1675,"$ 332.413,36"
H0515,Posadas,2025-08,6,101,0,N2,17.0,798,"$ 142.131,75"
H0515,Posadas,2025-09,6,101,0,N2,19.1,468,"$ 69.090,15"
H0515,Posadas,2025-10,6,101,0,N2,22.3,283,"$ 35.836,93"
H0515,Posadas,2025-11,6,101,0,N2,23.7,294,"$ 37.895,24"
H0515,Posadas,2025-12,6,101,0,N2,26.5,304,"$ 39.925,75"
H0516,Posadas,2025-01,2,80,2,N2,27.4,751,"$ 110.617,00"
H0516,Posadas,2025-02,2,80,2,N2,27.1,949,"$ 152.044,40"
H0516,Posadas,2025-03,2,80,2,N2,24.3,487,"$ 63.378,95"
H0516,Posadas,2025-04,2,80,2,N2,21.7,231,"$ 26.279,42"
H0516,Posadas,2025-05,2,80,2,N2,17.4,382,"$ 44.508,50"
H0516,Posadas,2025-06,2,80,2,N2,15.3,683,"$ 110.496,72"
H0516,Posadas,2025-07,2,80,2,N2,14.1,740,"$ 125.851,67"
H0516,Posadas,2025-08,2,80,2,N2,17.0,467,"$ 67.178,58"
H0516,Posadas,2025-09,2,80,2,N2,19.1,244,"$ 31.040,28"
H0516,Posadas,2025-10,2,80,2,N2,22.3,314,"$ 39.032,84"
H0516,Posadas,2025-11,2,80,2,N2,23.7,493,"$ 78.684,24"
H0516,Posadas,2025-12,2,80,2,N2,26.5,908,"$ 184.381,63"
H0517,Posadas,2025-01,3,152,4,N1,27.4,1416,"$ 275.082,00"
H0517,Posadas,2025-02,3,152,4,N1,27.1,1640,"$ 325.697,85"
H0517,Posadas,2025-03,3,152,4,N1,24.3,939,"$ 193.539,31"
H0517,Posadas,2025-04,3,152,4,N1,21.7,365,"$ 80.623,03"
H0517,Posadas,2025-05,3,152,4,N1,17.4,469,"$ 104.507,35"
H0517,Posadas,2025-06,3,152,4,N1,15.3,544,"$ 123.285,03"
H0517,Posadas,2025-07,3,152,4,N1,14.1,99999,"$ 157.296,18"
H0517,Posadas,2025-08,3,152,4,N1,17.0,465,"$ 111.637,21"
H0517,Posadas,2025-09,3,152,4,N1,19.1,285,"$ 72.649,10"
H0517,Posadas,2025-10,3,152,4,N1,22.3,369,"$ 94.449,63"
H0517,Posadas,2025-11,3,152,4,N1,23.7,748,"$ 189.232,34"
H0517,Posadas,2025-12,3,152,4,N1,26.5,1382,"$ 352.433,04"
H0518,Posadas,2025-01,4,108,2,N2,27.4,878,"$ 134.810,50"
H0518,Posadas,2025-02,4,108,2,N2,27.1,853,"$ 133.299,20"
H0518,Posadas,2025-03,4,108,2,N2,24.3,488,"$ 63.579,10"
H0518,Posadas,2025-04,4,108,2,N2,21.7,297,"$ 32.146,64"
H0518,Posadas,2025-05,4,108,2,N2,17.4,406,"$ 49.555,13"
H0518,Posadas,2025-06,4,108,2,N2,15.3,610,"$ 94.762,79"
H0518,Posadas,2025-07,4,108,2,N2,14.1,923,"$ 166.280,32"
H0518,Posadas,2025-08,4,108,2,N2,17.0,507,"$ 76.236,36"
H0518,Posadas,2025-09,4,108,2,N2,19.1,334,"$ 40.092,40"
H0518,Posadas,2025-10,4,108,2,N2,22.3,99999,"$ 43.220,03"
H0518,Posadas,2025-11,4,108,2,N2,23.7,423,"$ 61.614,31"
H0518,Posadas,2025-12,4,108,2,N2,26.5,787,"$ 154.137,38"
H0519,Posadas,2025-01,4,110,1,N3,27.4,712,"$ 114.300,00"
H0519,Posadas,2025-02,4,110,1,N3,27.1,505,"$ 76.738,16"
H0519,Posadas,2025-03,4,110,1,N3,24.3,377,"$ 53.038,18"
H0519,Posadas,2025-04,4,110,1,N3,21.7,232,"$ 34.300,69"
H0519,Posadas,2025-05,4,110,1,N3,17.4,504,"$ 82.428,33"
H0519,Posadas,2025-06,4,110,1,N3,15.3,699,"$ 126.518,03"
H0519,Posadas,2025-07,4,110,1,N3,14.1,798,"$ 151.552,21"
H0519,Posadas,2025-08,4,110,1,N3,17.0,527,"$ 93.974,52"
H0519,Posadas,2025-09,4,110,1,N3,19.1,272,"$ 44.378,62"
H0519,Posadas,2025-10,4,110,1,N3,22.3,290,"$ 48.057,50"
H0519,Posadas,2025-11,4,110,1,N3,23.7,99999,"$ 64.865,72"
H0519,Posadas,2025-12,4,110,1,N3,26.5,448,"$ 83.984,04"
H0520,Posadas,2025-01,7,140,2,N3,27.4,713,"$ 114.490,50"
H0520,Posadas,2025-02,7,140,2,N3,27.1,750,"$ 124.577,48"
H0520,Posadas,2025-03,7,140,2,N3,24.3,580,"$ 93.667,42"
H0520,Posadas,2025-04,7,140,2,N3,21.7,341,"$ 47.717,35"
H0520,Posadas,2025-05,7,140,2,N3,17.4,487,"$ 78.853,63"
H0520,Posadas,2025-06,7,140,2,N3,15.3,794,"$ 146.993,69"
H0520,Posadas,2025-07,7,140,2,N3,14.1,961,"$ 187.562,44"
H0520,Posadas,2025-08,7,140,2,N3,17.0,635,"$ 118.430,54"
H0520,Posadas,2025-09,7,140,2,N3,19.1,454,"$ 79.380,17"
H0520,Posadas,2025-10,7,140,2,N3,22.3,326,"$ 53.196,32"
H0520,Posadas,2025-11,7,140,2,N3,23.7,465,"$ 86.081,21"
H0520,Posadas,2025-12,7,140,2,N3,26.5,707,"$ 148.721,74"
H0521,Posadas,2025-01,1,58,0,N2,27.4,941,"$ 146.812,00"
H0521,Posadas,2025-02,1,58,0,N2,27.1,917,"$ 145.796,00"
H0521,Posadas,2025-03,1,58,0,N2,24.3,978,"$ 161.649,69"
H0521,Posadas,2025-04,1,58,0,N2,21.7,979,"$ 165.896,08"
H0521,Posadas,2025-05,1,58,0,N2,17.4,933,"$ 160.370,77"
H0521,Posadas,2025-06,1,58,0,N2,15.3,956,"$ 169.337,30"
H0521,Posadas,2025-07,1,58,0,N2,14.1,947,"$ 171.582,44"
H0521,Posadas,2025-08,1,58,0,N2,17.0,972,"$ 181.533,12"
H0521,Posadas,2025-09,1,58,0,N2,19.1,967,"$ 184.910,92"
H0521,Posadas,2025-10,1,58,0,N2,22.3,959,"$ 187.630,42"
H0521,Posadas,2025-11,1,58,0,N2,23.7,975,"$ 196.222,88"
H0521,Posadas,2025-12,1,58,0,N2,26.5,951,"$ 195.129,59"
H0522,Posadas,2025-01,4,102,3,N2,27.4,1006,"$ 159.194,50"
H0522,Posadas,2025-02,4,102,3,N2,27.1,863,"$ 135.251,83"
H0522,Posadas,2025-03,4,102,3,N2,24.3,524,"$ 70.784,28"
H0522,Posadas,2025-04,4,102,3,N2,21.7,242,"$ 27.257,29"
H0522,Posadas,2025-05,4,102,3,N2,17.4,406,"$ 49.555,13"
H0522,Posadas,2025-06,4,102,3,N2,15.3,657,"$ 104.892,86"
H0522,Posadas,2025-07,4,102,3,N2,14.1,817,"$ 142.862,63"
H0522,Posadas,2025-08,4,102,3,N2,17.0,415,"$ 55.403,45"
H0522,Posadas,2025-09,4,102,3,N2,19.1,332,"$ 39.891,24"
H0522,Posadas,2025-10,4,102,3,N2,22.3,283,"$ 35.836,93"
H0522,Posadas,2025-11,4,102,3,N2,23.7,552,"$ 93.071,75"
H0522,Posadas,2025-12,4,102,3,N2,26.5,971,"$ 200.128,64"
H0523,Posadas,2025-01,2,128,1,N3,27.4,370,"$ 49.149,00"
H0523,Posadas,2025-02,2,128,1,N3,27.1,441,"$ 64.241,36"
H0523,Posadas,2025-03,2,128,1,N3,24.3,257,"$ 36.466,25"
H0523,Posadas,2025-04,2,128,1,N3,21.7,189,"$ 29.007,88"
H0523,Posadas,2025-05,2,128,1,N3,17.4,319,"$ 46.134,63"
H0523,Posadas,2025-06,2,128,1,N3,15.3,s/l,"$ 52.159,05"
H0523,Posadas,2025-07,2,128,1,N3,14.1,437,"$ 71.799,52"
H0523,Posadas,2025-08,2,128,1,N3,17.0,312,"$ 48.730,89"
H0523,Posadas,2025-09,2,128,1,N3,19.1,194,"$ 33.516,07"
H0523,Posadas,2025-10,2,128,1,N3,22.3,214,"$ 37.208,87"
H0523,Posadas,2025-11,2,128,1,N3,23.7,222,"$ 39.309,60"
H0523,Posadas,2025-12,2,128,1,N3,26.5,318,"$ 54.689,61"
H0524,Posadas,2025-01,6,103,3,N3,27.4,1473,"$ 259.270,50"
H0524,Posadas,2025-02,6,103,3,N3,27.1,1119,"$ 196.629,34"
H0524,Posadas,2025-03,6,103,3,N3,24.3,915,"$ 160.715,68"
H0524,Posadas,2025-04,6,103,3,N3,21.7,333,"$ 46.732,64"
H0524,Posadas,2025-05,6,103,3,N3,17.4,779,"$ 140.254,33"
H0524,Posadas,2025-06,6,103,3,N3,15.3,1240,"$ 243.121,52"
H0524,Posadas,2025-07,6,103,3,N3,14.1,1706,"$ 352.149,02"
H0524,Posadas,2025-08,6,103,3,N3,17.0,1108,"$ 225.538,86"
H0524,Posadas,2025-09,6,103,3,N3,19.1,500,"$ 90.057,03"
H0524,Posadas,2025-10,6,103,3,N3,22.3,544,"$ 102.776,43"
H0524,Posadas,2025-11,6,103,3,N3,23.7,691,"$ 141.192,69"
H0524,Posadas,2025-12,6,103,3,N3,26.5,1129,"$ 254.201,70"
H0525,Posadas,2025-01,3,86,1,N2,27.4,592,"$ 80.327,50"
H0525,Posadas,2025-02,3,86,1,N2,27.1,466,"$ 57.732,61"
H0525,Posadas,2025-03,3,86,1,N2,24.3,369,"$ 39.761,95"
H0525,Posadas,2025-04,3,86,1,N2,21.7,200,"$ 23.523,60"
H0525,Posadas,2025-05,3,86,1,N2,17.4,341,"$ 36.959,57"
H0525,Posadas,2025-06,3,86,1,N2,15.3,428,"$ 55.535,74"
H0525,Posadas,2025-07,3,86,1,N2,14.1,593,"$ 93.376,19"
H0525,Posadas,2025-08,3,86,1,N2,17.0,298,"$ 35.582,00"
H0525,Posadas,2025-09,3,86,1,N2,19.1,278,"$ 34.459,97"
H0525,Posadas,2025-10,3,86,1,N2,22.3,243,"$ 31.713,19"
H0525,Posadas,2025-11,3,86,1,N2,23.7,,"$ 43.707,14"
H0525,Posadas,2025-12,3,86,1,N2,26.5,399,"$ 57.155,81"
H0526,Posadas,2025-01,6,137,3,N3,27.4,1167,"$ 200.977,50"
H0526,Posadas,2025-02,6,137,3,N3,27.1,1221,"$ 216.546,11"
H0526,Posadas,2025-03,6,137,3,N3,24.3,775,"$ 132.695,51"
H0526,Posadas,2025-04,6,137,3,N3,21.7,288,"$ 41.193,65"
H0526,Posadas,2025-05,6,137,3,N3,17.4,427,"$ 66.237,05"
H0526,Posadas,2025-06,6,137,3,N3,15.3,821,"$ 152.813,08"
H0526,Posadas,2025-07,6,137,3,N3,14.1,953,"$ 185.795,06"
H0526,Posadas,2025-08,6,137,3,N3,17.0,704,"$ 134.055,22"
H0526,Posadas,2025-09,6,137,3,N3,19.1,426,"$ 72.881,21"
H0526,Posadas,2025-10,6,137,3,N3,22.3,387,"$ 65.424,81"
H0526,Posadas,2025-11,6,137,3,N3,23.7,694,"$ 141.924,25"
H0526,Posadas,2025-12,6,137,3,N3,26.5,864,"$ 187.964,29"
H0527,Posadas,2025-01,2,74,0,N3,27.4,146,"$ 22.021,80"
H0527,Posadas,2025-02,2,74,0,N3,27.1,99,"$ 17.065,94"
H0527,Posadas,2025-03,2,74,0,N3,24.3,114,"$ 19.293,89"
H0527,Posadas,2025-04,2,74,0,N3,21.7,105,"$ 18.668,44"
H0527,Posadas,2025-05,2,74,0,N3,17.4,238,"$ 35.915,20"
H0527,Posadas,2025-06,2,74,0,N3,15.3,353,"$ 51.943,52"
H0527,Posadas,2025-07,2,74,0,N3,14.1,316,"$ 48.072,54"
H0527,Posadas,2025-08,2,74,0,N3,17.0,273,"$ 43.432,08"
H0527,Posadas,2025-09,2,74,0,N3,19.1,136,"$ 25.438,79"
H0527,Posadas,2025-10,2,74,0,N3,22.3,114,"$ 22.934,37"
H0527,Posadas,2025-11,2,74,0,N3,23.7,143,"$ 27.750,82"
H0527,Posadas,2025-12,2,74,0,N3,26.5,120,"$ 24.995,25"
H0528,Posadas,2025-01,1,59,1,N2,27.4,508,"$ 64.325,50"
H0528,Posadas,2025-02,1,59,1,N2,27.1,497,"$ 63.785,75"
H0528,Posadas,2025-03,1,59,1,N2,24.3,365,"$ 38.961,38"
H0528,Posadas,2025-04,1,59,1,N2,21.7,153,"$ 19.345,42"
H0528,Posadas,2025-05,1,59,1,N2,17.4,320,"$ 35.046,06"
H0528,Posadas,2025-06,1,59,1,N2,15.3,414,"$ 52.518,27"
H0528,Posadas,2025-07,1,59,1,N2,14.1,418,"$ 54.714,92"
H0528,Posadas,2025-08,1,59,1,N2,17.0,287,"$ 34.502,61"
H0528,Posadas,2025-09,1,59,1,N2,19.1,186,"$ 25.206,68"
H0528,Posadas,2025-10,1,59,1,N2,22.3,215,"$ 28.826,57"
H0528,Posadas,2025-11,1,59,1,N2,23.7,254,"$ 33.668,40"
H0528,Posadas,2025-12,1,59,1,N2,26.5,350,"$ 44.908,13"
H0529,Posadas,2025-01,5,89,3,N3,27.4,1471,"$ 258.889,50"
H0529,Posadas,2025-02,5,89,3,N3,27.1,1262,"$ 224.551,88"
H0529,Posadas,2025-03,5,89,3,N3,24.3,712,"$ 120.086,44"
H0529,Posadas,2025-04,5,89,3,N3,21.7,243,"$ 35.654,66"
H0529,Posadas,2025-05,5,89,3,N3,17.4,472,"$ 75.699,49"
H0529,Posadas,2025-06,5,89,3,N3,15.3,746,"$ 136.648,09"
H0529,Posadas,2025-07,5,89,3,N3,14.1,1037,"$ 204.352,48"
H0529,Posadas,2025-08,5,89,3,N3,17.0,632,"$ 117.751,21"
H0529,Posadas,2025-09,5,89,3,N3,19.1,375,"$ 61.043,81"
H0529,Posadas,2025-10,5,89,3,N3,22.3,446,"$ 79.461,40"
H0529,Posadas,2025-11,5,89,3,N3,23.7,682,"$ 138.997,98"
H0529,Posadas,2025-12,5,89,3,N3,26.5,1274,"$ 290.444,81"
H0530,Posadas,2025-01,4,126,1,N2,27.4,578,"$ 77.660,50"
H0530,Posadas,2025-02,4,126,1,N2,27.1,497,"$ 63.785,75"
H0530,Posadas,2025-03,4,126,1,N2,24.3,389,"$ 43.764,83"
H0530,Posadas,2025-04,4,126,1,N2,21.7,258,"$ 28.679,64"
H0530,Posadas,2025-05,4,126,1,N2,17.4,537,"$ 77.101,33"
H0530,Posadas,2025-06,4,126,1,N2,15.3,630,"$ 99.073,46"
H0530,Posadas,2025-07,4,126,1,N2,14.1,690,"$ 114.805,59"
H0530,Posadas,2025-08,4,126,1,N2,17.0,633,"$ 104.768,38"
H0530,Posadas,2025-09,4,126,1,N2,19.1,338,"$ 40.494,72"
H0530,Posadas,2025-10,4,126,1,N2,22.3,231,"$ 30.476,07"
H0530,Posadas,2025-11,4,126,1,N2,23.7,274,"$ 35.781,82"
H0530,Posadas,2025-12,4,126,1,N2,26.5,,"$ 70.153,34"
H0531,Posadas,2025-01,3,95,2,N2,27.4,905,"$ 139.954,00"
H0531,Posadas,2025-02,3,95,2,N2,27.1,728,"$ 108.891,39"
H0531,Posadas,2025-03,3,95,2,N2,24.3,557,"$ 77.389,04"
H0531,Posadas,2025-04,3,95,2,N2,21.7,229,"$ 26.101,62"
H0531,Posadas,2025-05,3,95,2,N2,17.4,418,"$ 52.078,44"
H0531,Posadas,2025-06,3,95,2,N2,15.3,600,"$ 92.607,46"
H0531,Posadas,2025-07,3,95,2,N2,14.1,825,"$ 144.630,00"
H0531,Posadas,2025-08,3,95,2,N2,17.0,445,"$ 62.196,79"
H0531,Posadas,2025-09,3,95,2,N2,19.1,268,"$ 33.454,18"
H0531,Posadas,2025-10,3,95,2,N2,22.3,296,"$ 37.177,15"
H0531,Posadas,2025-11,3,95,2,N2,23.7,427,"$ 62.589,73"
H0531,Posadas,2025-12,3,95,2,N2,26.5,592,"$ 105.396,64"
H0532,Posadas,2025-01,3,71,2,N2,27.4,598,"$ 81.470,50"
H0532,Posadas,2025-02,3,71,2,N2,27.1,535,"$ 71.205,73"
H0532,Posadas,2025-03,3,71,2,N2,24.3,376,"$ 41.162,96"
H0532,Posadas,2025-04,3,71,2,N2,21.7,129,"$ 17.211,89"
H0532,Posadas,2025-05,3,71,2,N2,17.4,236,"$ 27.392,00"
H0532,Posadas,2025-06,3,71,2,N2,15.3,273,"$ 31.532,52"
H0532,Posadas,2025-07,3,71,2,N2,14.1,350,"$ 39.692,25"
H0532,Posadas,2025-08,3,71,2,N2,17.0,281,"$ 33.913,86"
H0532,Posadas,2025-09,3,71,2,N2,19.1,136,"$ 20.177,73"
H0532,Posadas,2025-10,3,71,2,N2,22.3,155,"$ 22.640,95"
H0532,Posadas,2025-11,3,71,2,N2,23.7,302,"$ 38.740,61"
H0532,Posadas,2025-12,3,71,2,N2,26.5,479,"$ 77.152,01"
H0533,Posadas,2025-01,2,73,2,N3,27.4,773,"$ 125.920,50"
H0533,Posadas,2025-02,2,73,2,N3,27.1,697,"$ 114.228,56"
H0533,Posadas,2025-03,2,73,2,N3,24.3,436,"$ 64.846,68"
H0533,Posadas,2025-04,2,73,2,N3,21.7,171,"$ 26.792,28"
H0533,Posadas,2025-05,2,73,2,N3,17.4,302,"$ 43.989,81"
H0533,Posadas,2025-06,2,73,2,N3,15.3,420,"$ 66.384,25"
H0533,Posadas,2025-07,2,73,2,N3,14.1,449,"$ 74.450,58"
H0533,Posadas,2025-08,2,73,2,N3,17.0,297,"$ 46.692,88"
H0533,Posadas,2025-09,2,73,2,N3,19.1,214,"$ 36.301,34"
H0533,Posadas,2025-10,2,73,2,N3,22.3,238,"$ 40.634,75"
H0533,Posadas,2025-11,2,73,2,N3,23.7,357,"$ 59.744,75"
H0533,Posadas,2025-12,2,73,2,N3,26.5,554,"$ 110.479,01"
H0534,Posadas,2025-01,3,147,3,N1,27.4,1028,"$ 201.168,00"
H0534,Posadas,2025-02,3,147,3,N1,27.1,977,"$ 196.238,81"
H0534,Posadas,2025-03,3,147,3,N1,24.3,526,"$ 110.879,81"
H0534,Posadas,2025-04,3,147,3,N1,21.7,240,"$ 54.979,57"
H0534,Posadas,2025-05,3,147,3,N1,17.4,323,"$ 73.807,00"
H0534,Posadas,2025-06,3,147,3,N1,15.3,603,"$ 136.001,49"
H0534,Posadas,2025-07,3,147,3,N1,14.1,575,"$ 133.215,72"
H0534,Posadas,2025-08,3,147,3,N1,17.0,495,"$ 118.430,54"
H0534,Posadas,2025-09,3,147,3,N1,19.1,272,"$ 69.631,73"
H0534,Posadas,2025-10,3,147,3,N1,22.3,281,"$ 73.513,69"
H0534,Posadas,2025-11,3,147,3,N1,23.7,551,"$ 141.192,69"
H0534,Posadas,2025-12,3,147,3,N1,26.5,1031,"$ 264.699,71"
H0535,Posadas,2025-01,3,121,4,N1,27.4,1246,"$ 242.697,00"
H0535,Posadas,2025-02,3,121,4,N1,27.1,1460,"$ 290.550,60"
H0535,Posadas,2025-03,3,121,4,N1,24.3,740,"$ 153.710,64"
H0535,Posadas,2025-04,3,121,4,N1,21.7,226,"$ 52.107,51"
H0535,Posadas,2025-05,3,121,4,N1,17.4,446,"$ 99.670,99"
H0535,Posadas,2025-06,3,121,4,N1,15.3,623,"$ 140.312,16"
H0535,Posadas,2025-07,3,121,4,N1,14.1,926,"$ 210.759,20"
H0535,Posadas,2025-08,3,121,4,N1,17.0,557,"$ 132.470,11"
H0535,Posadas,2025-09,3,121,4,N1,19.1,259,"$ 66.614,35"
H0535,Posadas,2025-10,3,121,4,N1,22.3,400,"$ 101.824,79"
H0535,Posadas,2025-11,3,121,4,N1,23.7,728,"$ 184.355,22"
H0535,Posadas,2025-12,3,121,4,N1,26.5,1020,"$ 261.950,23"
H0536,Posadas,2025-01,4,98,3,N2,27.4,1276,"$ 210.629,50"
H0536,Posadas,2025-02,4,98,3,N2,27.1,1695,"$ 297.710,22"
H0536,Posadas,2025-03,4,98,3,N2,24.3,725,"$ 111.013,24"
H0536,Posadas,2025-04,4,98,3,N2,21.7,273,"$ 30.013,10"
H0536,Posadas,2025-05,4,98,3,N2,17.4,585,"$ 87.194,60"
H0536,Posadas,2025-06,4,98,3,N2,15.3,977,"$ 173.863,50"
H0536,Posadas,2025-07,4,98,3,N2,14.1,1210,"$ 229.684,82"
H0536,Posadas,2025-08,4,98,3,N2,17.0,609,"$ 99.333,71"
H0536,Posadas,2025-09,4,98,3,N2,19.1,441,"$ 62.823,29"
H0536,Posadas,2025-10,4,98,3,N2,22.3,382,"$ 50.357,28"
H0536,Posadas,2025-11,4,98,3,N2,23.7,718,"$ 133.551,86"
H0536,Posadas,2025-12,4,98,3,N2,26.5,1370,"$ 299.859,69"
H0537,Posadas,2025-01,2,93,1,N3,27.4,422,"$ 59.055,00"
H0537,Posadas,2025-02,2,93,1,N3,27.1,360,"$ 48.425,10"
H0537,Posadas,2025-03,2,93,1,N3,24.3,274,"$ 38.507,72"
H0537,Posadas,2025-04,2,93,1,N3,21.7,191,"$ 29.254,06"
H0537,Posadas,2025-05,2,93,1,N3,17.4,319,"$ 46.134,63"
H0537,Posadas,2025-06,2,93,1,N3,15.3,602,"$ 105.611,30"
H0537,Posadas,2025-07,2,93,1,N3,14.1,640,"$ 116.646,60"
H0537,Posadas,2025-08,2,93,1,N3,17.0,461,"$ 79.029,18"
H0537,Posadas,2025-09,2,93,1,N3,19.1,273,"$ 44.517,88"
H0537,Posadas,2025-10,2,93,1,N3,22.3,198,"$ 34.924,95"
H0537,Posadas,2025-11,2,93,1,N3,23.7,305,"$ 51.453,64"
H0537,Posadas,2025-12,2,93,1,N3,26.5,418,"$ 76.485,47"
H0538,Posadas,2025-01,3,90,3,N3,27.4,1244,"$ 215.646,00"
H0538,Posadas,2025-02,3,90,3,N3,27.1,1107,"$ 194.286,19"
H0538,Posadas,2025-03,3,90,3,N3,24.3,559,"$ 89.464,40"
H0538,Posadas,2025-04,3,90,3,N3,21.7,215,"$ 32.208,18"
H0538,Posadas,2025-05,3,90,3,N3,17.4,492,"$ 79.905,02"
H0538,Posadas,2025-06,3,90,3,N3,15.3,438,"$ 70.263,84"
H0538,Posadas,2025-07,3,90,3,N3,14.1,819,"$ 156.191,57"
H0538,Posadas,2025-08,3,90,3,N3,17.0,543,"$ 97.597,64"
H0538,Posadas,2025-09,3,90,3,N3,19.1,268,"$ 43.821,57"
H0538,Posadas,2025-10,3,90,3,N3,22.3,388,"$ 65.662,72"
H0538,Posadas,2025-11,3,90,3,N3,23.7,545,"$ 105.589,69"
H0538,Posadas,2025-12,3,90,3,N3,26.5,901,"$ 197.212,53"
H0539,Posadas,2025-01,3,162,0,N3,27.4,255,"$ 34.480,50"
H0539,Posadas,2025-02,3,162,0,N3,27.1,253,"$ 35.108,20"
H0539,Posadas,2025-03,3,162,0,N3,24.3,223,"$ 32.383,31"
H0539,Posadas,2025-04,3,162,0,N3,21.7,224,"$ 33.315,98"
H0539,Posadas,2025-05,3,162,0,N3,17.4,395,"$ 59.508,21"
H0539,Posadas,2025-06,3,162,0,N3,15.3,553,"$ 95.050,17"
H0539,Posadas,2025-07,3,162,0,N3,14.1,618,"$ 111.786,33"
H0539,Posadas,2025-08,3,162,0,N3,17.0,547,"$ 98.503,42"
H0539,Posadas,2025-09,3,162,0,N3,19.1,268,"$ 43.821,57"
H0539,Posadas,2025-10,3,162,0,N3,22.3,243,"$ 41.348,48"
H0539,Posadas,2025-11,3,162,0,N3,23.7,216,"$ 38.431,72"
H0539,Posadas,2025-12,3,162,0,N3,26.5,260,"$ 45.991,26"
H0540,Posadas,2025-01,2,78,2,N3,27.4,1111,"$ 190.309,50"
H0540,Posadas,2025-02,2,78,2,N3,27.1,848,"$ 143.713,20"
H0540,Posadas,2025-03,2,78,2,N3,24.3,468,"$ 71.251,29"
H0540,Posadas,2025-04,2,78,2,N3,21.7,207,"$ 31.223,47"
H0540,Posadas,2025-05,2,78,2,N3,17.4,401,"$ 60.769,87"
H0540,Posadas,2025-06,2,78,2,N3,15.3,523,"$ 88.584,17"
H0540,Posadas,2025-07,2,78,2,N3,14.1,743,"$ 139.401,53"
H0540,Posadas,2025-08,2,78,2,N3,17.0,429,"$ 71.782,95"
H0540,Posadas,2025-09,2,78,2,N3,19.1,228,"$ 38.251,03"
H0540,Posadas,2025-10,2,78,2,N3,22.3,273,"$ 45.630,83"
H0540,Posadas,2025-11,2,78,2,N3,23.7,368,"$ 62.427,16"
H0540,Posadas,2025-12,2,78,2,N3,26.5,852,"$ 184.964,86"
H0541,Posadas,2025-01,5,89,0,N2,27.4,164,"$ 18.872,20"
H0541,Posadas,2025-02,5,89,0,N2,27.1,247,"$ 26.366,95"
H0541,Posadas,2025-03,5,89,0,N2,24.3,238,"$ 26.245,56"
H0541,Posadas,2025-04,5,89,0,N2,21.7,226,"$ 25.834,93"
H0541,Posadas,2025-05,5,89,0,N2,17.4,462,"$ 61.330,60"
H0541,Posadas,2025-06,5,89,0,N2,15.3,656,"$ 104.677,32"
H0541,Posadas,2025-07,5,89,0,N2,14.1,1218,"$ 231.452,19"
H0541,Posadas,2025-08,5,89,0,N2,17.0,481,"$ 70.348,80"
H0541,Posadas,2025-09,5,89,0,N2,19.1,299,"$ 36.572,13"
H0541,Posadas,2025-10,5,89,0,N2,22.3,234,"$ 30.785,35"
H0541,Posadas,2025-11,5,89,0,N2,23.7,99999,"$ 32.823,03"
H0541,Posadas,2025-12,5,89,0,N2,26.5,259,"$ 35.051,67"
H0542,Posadas,2025-01,4,115,0,N1,27.4,210,"$ 45.339,00"
H0542,Posadas,2025-02,4,115,0,N1,27.1,198,"$ 44.129,32"
H0542,Posadas,2025-03,4,115,0,N1,24.3,206,"$ 46.833,71"
H0542,Posadas,2025-04,4,115,0,N1,21.7,171,"$ 40.824,39"
H0542,Posadas,2025-05,4,115,0,N1,17.4,418,"$ 93.783,25"
H0542,Posadas,2025-06,4,115,0,N1,15.3,497,"$ 113.154,96"
H0542,Posadas,2025-07,4,115,0,N1,14.1,552,"$ 128.134,53"
H0542,Posadas,2025-08,4,115,0,N1,17.0,355,"$ 86.728,30"
H0542,Posadas,2025-09,4,115,0,N1,19.1,225,"$ 58.722,76"
H0542,Posadas,2025-10,4,115,0,N1,22.3,178,"$ 49.009,13"
H0542,Posadas,2025-11,4,115,0,N1,23.7,191,"$ 53.404,49"
H0542,Posadas,2025-12,4,115,0,N1,26.5,99999,"$ 56.239,31"
H0543,Posadas,2025-01,2,108,0,N1,27.4,229,"$ 48.958,50"
H0543,Posadas,2025-02,2,108,0,N1,27.1,175,"$ 39.638,29"
H0543,Posadas,2025-03,2,108,0,N1,24.3,187,"$ 43.030,97"
H0543,Posadas,2025-04,2,108,0,N1,21.7,178,"$ 42.260,42"
H0543,Posadas,2025-05,2,108,0,N1,17.4,433,"$ 96.937,40"
H0543,Posadas,2025-06,2,108,0,N1,15.3,580,"$ 131.044,22"
H0543,Posadas,2025-07,2,108,0,N1,14.1,567,"$ 131.448,35"
H0543,Posadas,2025-08,2,108,0,N1,17.0,340,"$ 83.331,63"
H0543,Posadas,2025-09,2,108,0,N1,19.1,255,"$ 65.685,93"
H0543,Posadas,2025-10,2,108,0,N1,22.3,183,"$ 50.198,67"
H0543,Posadas,2025-11,2,108,0,N1,23.7,177,"$ 49.990,50"
H0543,Posadas,2025-12,2,108,0,N1,26.5,156,"$ 45.991,26"
H0544,Posadas,2025-01,4,81,2,N3,27.4,919,"$ 153.733,50"
H0544,Posadas,2025-02,4,81,2,N3,27.1,834,"$ 140.979,52"
H0544,Posadas,2025-03,4,81,2,N3,24.3,468,"$ 71.251,29"
H0544,Posadas,2025-04,4,81,2,N3,21.7,191,"$ 29.254,06"
H0544,Posadas,2025-05,4,81,2,N3,17.4,659,"$ 115.021,17"
H0544,Posadas,2025-06,4,81,2,N3,15.3,848,"$ 158.632,48"
H0544,Posadas,2025-07,4,81,2,N3,14.1,969,"$ 189.329,81"
H0544,Posadas,2025-08,4,81,2,N3,17.0,537,"$ 96.238,97"
H0544,Posadas,2025-09,4,81,2,N3,19.1,285,"$ 46.189,04"
H0544,Posadas,2025-10,4,81,2,N3,22.3,267,"$ 44.774,36"
H0544,Posadas,2025-11,4,81,2,N3,23.7,539,"$ 104.126,56"
H0544,Posadas,2025-12,4,81,2,N3,26.5,623,"$ 127.725,73"
H0545,Posadas,2025-01,7,93,2,N2,27.4,905,"$ 139.954,00"
H0545,Posadas,2025-02,7,93,2,N2,27.1,988,"$ 159.659,64"
H0545,Posadas,2025-03,7,93,2,N2,24.3,s/l,"$ 133.229,23"
H0545,Posadas,2025-04,7,93,2,N2,21.7,291,"$ 31.613,26"
H0545,Posadas,2025-05,7,93,2,N2,17.4,744,"$ 120.628,54"
H0545,Posadas,2025-06,7,93,2,N2,15.3,798,"$ 135.283,05"
H0545,Posadas,2025-07,7,93,2,N2,14.1,1124,"$ 210.685,56"
H0545,Posadas,2025-08,7,93,2,N2,17.0,767,"$ 135.111,97"
H0545,Posadas,2025-09,7,93,2,N2,19.1,460,"$ 67.233,30"
H0545,Posadas,2025-10,7,93,2,N2,22.3,404,"$ 55.591,26"
H0545,Posadas,2025-11,7,93,2,N2,23.7,531,"$ 87.950,77"
H0545,Posadas,2025-12,7,93,2,N2,26.5,785,"$ 153.637,48"
H0546,Posadas,2025-01,2,82,0,N3,27.4,195,"$ 27.622,50"
H0546,Posadas,2025-02,2,82,0,N3,27.1,202,"$ 29.133,16"
H0546,Posadas,2025-03,2,82,0,N3,24.3,162,"$ 25.058,04"
H0546,Posadas,2025-04,2,82,0,N3,21.7,211,"$ 31.715,83"
H0546,Posadas,2025-05,2,82,0,N3,17.4,466,"$ 74.437,83"
H0546,Posadas,2025-06,2,82,0,N3,15.3,-,"$ 92.679,30"
H0546,Posadas,2025-07,2,82,0,N3,14.1,703,"$ 130.564,66"
H0546,Posadas,2025-08,2,82,0,N3,17.0,474,"$ 81.972,96"
H0546,Posadas,2025-09,2,82,0,N3,19.1,248,"$ 41.036,30"
H0546,Posadas,2025-10,2,82,0,N3,22.3,230,"$ 39.492,79"
H0546,Posadas,2025-11,2,82,0,N3,23.7,158,"$ 29.945,53"
H0546,Posadas,2025-12,2,82,0,N3,26.5,147,"$ 29.044,48"
H0547,Posadas,2025-01,2,129,2,N1,27.4,806,"$ 158.877,00"
H0547,Posadas,2025-02,2,129,2,N1,27.1,595,"$ 121.648,54"
H0547,Posadas,2025-03,2,129,2,N1,24.3,442,"$ 94.067,71"
H0547,Posadas,2025-04,2,129,2,N1,21.7,159,"$ 38.362,61"
H0547,Posadas,2025-05,2,129,2,N1,17.4,326,"$ 74.437,83"
H0547,Posadas,2025-06,2,129,2,N1,15.3,487,"$ 110.999,63"
H0547,Posadas,2025-07,2,129,2,N1,14.1,569,"$ 131.890,19"
H0547,Posadas,2025-08,2,129,2,N1,17.0,488,"$ 116.845,43"
H0547,Posadas,2025-09,2,129,2,N1,19.1,203,"$ 53.616,43"
H0547,Posadas,2025-10,2,129,2,N1,22.3,202,"$ 54.718,93"
H0547,Posadas,2025-11,2,129,2,N1,23.7,371,"$ 97.298,59"
H0547,Posadas,2025-12,2,129,2,N1,26.5,617,"$ 161.219,37"
H0548,Posadas,2025-01,5,116,0,N2,27.4,230,"$ 24.320,50"
H0548,Posadas,2025-02,5,116,0,N2,27.1,233,"$ 25.182,35"
H0548,Posadas,2025-03,5,116,0,N2,24.3,281,"$ 29.974,91"
H0548,Posadas,2025-04,5,116,0,N2,21.7,307,"$ 33.035,61"
H0548,Posadas,2025-05,5,116,0,N2,17.4,453,"$ 59.438,12"
H0548,Posadas,2025-06,5,116,0,N2,15.3,611,"$ 94.978,33"
H0548,Posadas,2025-07,5,116,0,N2,14.1,809,"$ 141.095,26"
H0548,Posadas,2025-08,5,116,0,N2,17.0,524,"$ 80.085,92"
H0548,Posadas,2025-09,5,116,0,N2,19.1,289,"$ 35.566,34"
H0548,Posadas,2025-10,5,116,0,N2,22.3,262,"$ 33.671,97"
H0548,Posadas,2025-11,5,116,0,N2,23.7,256,"$ 33.879,74"
H0548,Posadas,2025-12,5,116,0,N2,26.5,302,"$ 39.709,12"
H0549,Posadas,2025-01,3,71,2,N3,27.4,789,"$ 128.968,50"
H0549,Posadas,2025-02,3,71,2,N3,27.1,690,"$ 112.861,73"
H0549,Posadas,2025-03,3,71,2,N3,24.3,404,"$ 58.442,07"
H0549,Posadas,2025-04,3,71,2,N3,21.7,177,"$ 27.530,82"
H0549,Posadas,2025-05,3,71,2,N3,17.4,347,"$ 49.667,28"
H0549,Posadas,2025-06,3,71,2,N3,15.3,405,"$ 63.151,25"
H0549,Posadas,2025-07,3,71,2,N3,14.1,591,"$ 105.821,44"
H0549,Posadas,2025-08,3,71,2,N3,17.0,99999,"$ 65.895,39"
H0549,Posadas,2025-09,3,71,2,N3,19.1,237,"$ 39.504,40"
H0549,Posadas,2025-10,3,71,2,N3,22.3,239,"$ 40.777,50"
H0549,Posadas,2025-11,3,71,2,N3,23.7,450,"$ 82.423,36"
H0549,Posadas,2025-12,3,71,2,N3,26.5,777,"$ 166.218,42"
H0550,Posadas,2025-01,6,146,1,N2,27.4,463,"$ 55.753,00"
H0550,Posadas,2025-02,6,146,1,N2,27.1,697,"$ 102.838,25"
H0550,Posadas,2025-03,6,146,1,N2,24.3,379,"$ 41.763,39"
H0550,Posadas,2025-04,6,146,1,N2,21.7,338,"$ 35.791,43"
H0550,Posadas,2025-05,6,146,1,N2,17.4,494,"$ 68.059,45"
H0550,Posadas,2025-06,6,146,1,N2,15.3,694,"$ 112.867,59"
H0550,Posadas,2025-07,6,146,1,N2,14.1,770,"$ 132.479,32"
H0550,Posadas,2025-08,6,146,1,N2,17.0,515,"$ 78.047,92"
H0550,Posadas,2025-09,6,146,1,N2,19.1,353,"$ 42.397,98"
H0550,Posadas,2025-10,6,146,1,N2,22.3,343,"$ 42.022,55"
H0550,Posadas,2025-11,6,146,1,N2,23.7,464,"$ 71.612,41"
H0550,Posadas,2025-12,6,146,1,N2,26.5,575,"$ 101.147,45"
H0551,Posadas,2025-01,1,107,3,N3,27.4,1243,"$ 215.455,50"
H0551,Posadas,2025-02,1,107,3,N3,27.1,954,"$ 164.411,02"
H0551,Posadas,2025-03,1,107,3,N3,24.3,564,"$ 90.465,12"
H0551,Posadas,2025-04,1,107,3,N3,21.7,184,"$ 28.392,44"
H0551,Posadas,2025-05,1,107,3,N3,17.4,350,"$ 50.045,77"
H0551,Posadas,2025-06,1,107,3,N3,15.3,436,"$ 69.832,78"
H0551,Posadas,2025-07,1,107,3,N3,14.1,477,"$ 80.636,38"
H0551,Posadas,2025-08,1,107,3,N3,17.0,295,"$ 46.421,15"
H0551,Posadas,2025-09,1,107,3,N3,19.1,234,"$ 39.086,61"
H0551,Posadas,2025-10,1,107,3,N3,22.3,221,"$ 38.208,09"
H0551,Posadas,2025-11,1,107,3,N3,23.7,484,"$ 90.714,47"
H0551,Posadas,2025-12,1,107,3,N3,26.5,1012,"$ 224.957,26"
H0552,Posadas,2025-01,5,106,1,N2,27.4,533,"$ 69.088,00"
H0552,Posadas,2025-02,5,106,1,N2,27.1,452,"$ 54.998,94"
H0552,Posadas,2025-03,5,106,1,N2,24.3,306,"$ 32.143,14"
H0552,Posadas,2025-04,5,106,1,N2,21.7,174,"$ 21.212,27"
H0552,Posadas,2025-05,5,106,1,N2,17.4,391,"$ 46.400,98"
H0552,Posadas,2025-06,5,106,1,N2,15.3,528,"$ 77.089,06"
H0552,Posadas,2025-07,5,106,1,N2,14.1,759,"$ 130.049,18"
H0552,Posadas,2025-08,5,106,1,N2,17.0,405,"$ 53.139,01"
H0552,Posadas,2025-09,5,106,1,N2,19.1,271,"$ 33.755,91"
H0552,Posadas,2025-10,5,106,1,N2,22.3,262,"$ 33.671,97"
H0552,Posadas,2025-11,5,106,1,N2,23.7,300,"$ 38.529,26"
H0552,Posadas,2025-12,5,106,1,N2,26.5,513,"$ 85.650,39"
H0553,Posadas,2025-01,2,83,1,N3,27.4,550,"$ 83.439,00"
H0553,Posadas,2025-02,2,83,1,N3,27.1,519,"$ 79.471,84"
H0553,Posadas,2025-03,2,83,1,N3,24.3,283,"$ 39.588,50"
H0553,Posadas,2025-04,2,83,1,N3,21.7,162,"$ 25.684,49"
H0553,Posadas,2025-05,2,83,1,N3,17.4,347,"$ 49.667,28"
H0553,Posadas,2025-06,2,83,1,N3,15.3,456,"$ 74.143,44"
H0553,Posadas,2025-07,2,83,1,N3,14.1,462,"$ 77.322,56"
H0553,Posadas,2025-08,2,83,1,N3,17.0,310,"$ 48.459,15"
H0553,Posadas,2025-09,2,83,1,N3,19.1,225,"$ 37.833,24"
H0553,Posadas,2025-10,2,83,1,N3,22.3,265,"$ 44.488,87"
H0553,Posadas,2025-11,2,83,1,N3,23.7,279,"$ 47.649,48"
H0553,Posadas,2025-12,2,83,1,N3,26.5,459,"$ 86.733,52"
H0554,Posadas,2025-01,5,81,1,N2,27.4,400,"$ 43.751,50"
H0554,Posadas,2025-02,5,81,1,N2,27.1,533,"$ 70.815,20"
H0554,Posadas,2025-03,5,81,1,N2,24.3,292,"$ 30.928,93"
H0554,Posadas,2025-04,5,81,1,N2,21.7,230,"$ 26.190,52"
H0554,Posadas,2025-05,5,81,1,N2,17.4,408,"$ 49.975,68"
H0554,Posadas,2025-06,5,81,1,N2,15.3,749,"$ 124.721,92"
H0554,Posadas,2025-07,5,81,1,N2,14.1,603,"$ 95.585,41"
H0554,Posadas,2025-08,5,81,1,N2,17.0,420,"$ 56.535,68"
H0554,Posadas,2025-09,5,81,1,N2,19.1,309,"$ 37.577,92"
H0554,Posadas,2025-10,5,81,1,N2,22.3,290,"$ 36.558,59"
H0554,Posadas,2025-11,5,81,1,N2,23.7,317,"$ 40.325,67"
H0554,Posadas,2025-12,5,81,1,N2,26.5,510,"$ 84.900,54"
H0555,Posadas,2025-01,4,197,2,N3,27.4,1054,"$ 179.451,00"
H0555,Posadas,2025-02,4,197,2,N3,27.1,983,"$ 170.073,64"
H0555,Posadas,2025-03,4,197,2,N3,24.3,597,"$ 97.069,87"
H0555,Posadas,2025-04,4,197,2,N3,21.7,413,"$ 61.749,45"
H0555,Posadas,2025-05,4,197,2,N3,17.4,618,"$ 106.399,84"
H0555,Posadas,2025-06,4,197,2,N3,15.3,983,"$ 187.729,47"
H0555,Posadas,2025-07,4,197,2,N3,14.1,968,"$ 189.108,89"
H0555,Posadas,2025-08,4,197,2,N3,17.0,890,"$ 176.173,93"
H0555,Posadas,2025-09,4,197,2,N3,19.1,538,"$ 98.877,05"
H0555,Posadas,2025-10,4,197,2,N3,22.3,442,"$ 78.509,77"
H0555,Posadas,2025-11,4,197,2,N3,23.7,535,"$ 103.151,13"
H0555,Posadas,2025-12,4,197,2,N3,26.5,1088,"$ 243.953,65"
H0556,Posadas,2025-01,3,80,2,N3,27.4,687,"$ 109.537,50"
H0556,Posadas,2025-02,3,80,2,N3,27.1,809,"$ 136.097,96"
H0556,Posadas,2025-03,3,80,2,N3,24.3,491,"$ 75.854,60"
H0556,Posadas,2025-04,3,80,2,N3,21.7,205,"$ 30.977,30"
H0556,Posadas,2025-05,3,80,2,N3,17.4,423,"$ 65.395,95"
H0556,Posadas,2025-06,3,80,2,N3,15.3,683,"$ 123.069,49"
H0556,Posadas,2025-07,3,80,2,N3,14.1,522,"$ 90.577,85"
H0556,Posadas,2025-08,3,80,2,N3,17.0,349,"$ 53.757,96"
H0556,Posadas,2025-09,3,80,2,N3,19.1,244,"$ 40.479,24"
H0556,Posadas,2025-10,3,80,2,N3,22.3,228,"$ 39.207,30"
H0556,Posadas,2025-11,3,80,2,N3,23.7,400,"$ 70.230,56"
H0556,Posadas,2025-12,3,80,2,N3,26.5,624,"$ 127.975,68"
H0557,Posadas,2025-01,4,161,4,N1,27.4,1108,"$ 216.408,00"
H0557,Posadas,2025-02,4,161,4,N1,27.1,1365,"$ 272.000,66"
H0557,Posadas,2025-03,4,161,4,N1,24.3,658,"$ 137.298,83"
H0557,Posadas,2025-04,4,161,4,N1,21.7,235,"$ 53.953,84"
H0557,Posadas,2025-05,4,161,4,N1,17.4,436,"$ 97.568,23"
H0557,Posadas,2025-06,4,161,4,N1,15.3,459,"$ 104.964,70"
H0557,Posadas,2025-07,4,161,4,N1,14.1,559,"$ 129.680,98"
H0557,Posadas,2025-08,4,161,4,N1,17.0,451,"$ 108.466,98"
H0557,Posadas,2025-09,4,161,4,N1,19.1,336,"$ 84.486,49"
H0557,Posadas,2025-10,4,161,4,N1,22.3,374,"$ 95.639,18"
H0557,Posadas,2025-11,4,161,4,N1,23.7,563,"$ 144.118,96"
H0557,Posadas,2025-12,4,161,4,N1,26.5,1145,"$ 293.194,29"
H0558,Posadas,2025-01,3,110,3,N3,27.4,965,"$ 162.496,50"
H0558,Posadas,2025-02,3,110,3,N3,27.1,1118,"$ 196.434,08"
H0558,Posadas,2025-03,3,110,3,N3,24.3,709,"$ 119.486,01"
H0558,Posadas,2025-04,3,110,3,N3,21.7,228,"$ 33.808,34"
H0558,Posadas,2025-05,3,110,3,N3,17.4,402,"$ 60.980,14"
H0558,Posadas,2025-06,3,110,3,N3,15.3,527,"$ 89.446,30"
H0558,Posadas,2025-07,3,110,3,N3,14.1,537,"$ 93.891,68"
H0558,Posadas,2025-08,3,110,3,N3,17.0,367,"$ 57.743,38"
H0558,Posadas,2025-09,3,110,3,N3,19.1,235,"$ 39.225,87"
H0558,Posadas,2025-10,3,110,3,N3,22.3,304,"$ 50.055,93"
H0558,Posadas,2025-11,3,110,3,N3,23.7,438,"$ 79.497,09"
H0558,Posadas,2025-12,3,110,3,N3,26.5,746,"$ 158.469,89"
H0559,Posadas,2025-01,3,80,1,N3,27.4,530,"$ 79.629,00"
H0559,Posadas,2025-02,3,80,1,N3,27.1,402,"$ 56.626,12"
H0559,Posadas,2025-03,3,80,1,N3,24.3,349,"$ 47.514,20"
H0559,Posadas,2025-04,3,80,1,N3,21.7,197,"$ 29.992,59"
H0559,Posadas,2025-05,3,80,1,N3,17.4,260,"$ 38.690,85"
H0559,Posadas,2025-06,3,80,1,N3,15.3,483,"$ 79.962,84"
H0559,Posadas,2025-07,3,80,1,N3,14.1,379,"$ 58.986,07"
H0559,Posadas,2025-08,3,80,1,N3,17.0,294,"$ 46.285,28"
H0559,Posadas,2025-09,3,80,1,N3,19.1,213,"$ 36.162,08"
H0559,Posadas,2025-10,3,80,1,N3,22.3,176,"$ 31.784,56"
H0559,Posadas,2025-11,3,80,1,N3,23.7,215,"$ 38.285,41"
H0559,Posadas,2025-12,3,80,1,N3,26.5,370,"$ 64.487,75"
H0560,Posadas,2025-01,6,87,2,N2,27.4,833,"$ 126.238,00"
H0560,Posadas,2025-02,6,87,2,N2,27.1,962,"$ 154.582,81"
H0560,Posadas,2025-03,6,87,2,N2,24.3,501,"$ 66.180,97"
H0560,Posadas,2025-04,6,87,2,N2,21.7,368,"$ 40.550,85"
H0560,Posadas,2025-05,6,87,2,N2,17.4,503,"$ 69.951,93"
H0560,Posadas,2025-06,6,87,2,N2,15.3,944,"$ 166.750,90"
H0560,Posadas,2025-07,6,87,2,N2,14.1,1134,"$ 212.894,78"
H0560,Posadas,2025-08,6,87,2,N2,17.0,729,"$ 126.507,07"
H0560,Posadas,2025-09,6,87,2,N2,19.1,358,"$ 43.558,51"
H0560,Posadas,2025-10,6,87,2,N2,22.3,328,"$ 40.476,15"
H0560,Posadas,2025-11,6,87,2,N2,23.7,483,"$ 76.245,68"
H0560,Posadas,2025-12,6,87,2,N2,26.5,s/l,"$ 182.132,06"
H0561,Posadas,2025-01,3,69,0,N2,27.4,153,"$ 17.964,15"
H0561,Posadas,2025-02,3,69,0,N2,27.1,175,"$ 20.274,76"
H0561,Posadas,2025-03,3,69,0,N2,24.3,216,"$ 24.337,52"
H0561,Posadas,2025-04,3,69,0,N2,21.7,176,"$ 21.390,06"
H0561,Posadas,2025-05,3,69,0,N2,17.4,476,"$ 64.274,47"
H0561,Posadas,2025-06,3,69,0,N2,15.3,s/l,"$ 97.133,66"
H0561,Posadas,2025-07,3,69,0,N2,14.1,785,"$ 135.793,14"
H0561,Posadas,2025-08,3,69,0,N2,17.0,587,"$ 94.351,93"
H0561,Posadas,2025-09,3,69,0,N2,19.1,265,"$ 33.152,44"
H0561,Posadas,2025-10,3,69,0,N2,22.3,174,"$ 24.599,73"
H0561,Posadas,2025-11,3,69,0,N2,23.7,214,"$ 29.441,56"
H0561,Posadas,2025-12,3,69,0,N2,26.5,160,"$ 24.328,71"
H0562,Posadas,2025-01,3,119,2,N1,27.4,832,"$ 163.830,00"
H0562,Posadas,2025-02,3,119,2,N1,27.1,740,"$ 149.961,60"
H0562,Posadas,2025-03,3,119,2,N1,24.3,382,"$ 82.059,07"
H0562,Posadas,2025-04,3,119,2,N1,21.7,210,"$ 48.825,14"
H0562,Posadas,2025-05,3,119,2,N1,17.4,332,"$ 75.699,49"
H0562,Posadas,2025-06,3,119,2,N1,15.3,453,"$ 103.671,50"
H0562,Posadas,2025-07,3,119,2,N1,14.1,445,"$ 104.495,91"
H0562,Posadas,2025-08,3,119,2,N1,17.0,363,"$ 88.539,85"
H0562,Posadas,2025-09,3,119,2,N1,19.1,264,"$ 67.774,88"
H0562,Posadas,2025-10,3,119,2,N1,22.3,308,"$ 79.937,22"
H0562,Posadas,2025-11,3,119,2,N1,23.7,430,"$ 111.686,10"
H0562,Posadas,2025-12,3,119,2,N1,26.5,606,"$ 158.469,89"
H0563,Posadas,2025-01,5,175,2,N1,27.4,981,"$ 192.214,50"
H0563,Posadas,2025-02,5,175,2,N1,27.1,904,"$ 181.984,65"
H0563,Posadas,2025-03,5,175,2,N1,24.3,617,"$ 129.092,92"
H0563,Posadas,2025-04,5,175,2,N1,21.7,385,"$ 84.725,99"
H0563,Posadas,2025-05,5,175,2,N1,17.4,614,"$ 134.997,42"
H0563,Posadas,2025-06,5,175,2,N1,15.3,736,"$ 164.667,41"
H0563,Posadas,2025-07,5,175,2,N1,14.1,797,"$ 182.260,32"
H0563,Posadas,2025-08,5,175,2,N1,17.0,491,"$ 117.524,77"
H0563,Posadas,2025-09,5,175,2,N1,19.1,432,"$ 106.768,65"
H0563,Posadas,2025-10,5,175,2,N1,22.3,420,"$ 106.582,96"
H0563,Posadas,2025-11,5,175,2,N1,23.7,552,"$ 141.436,54"
H0563,Posadas,2025-12,5,175,2,N1,26.5,984,"$ 252.951,94"
H0564,Posadas,2025-01,2,96,2,N3,27.4,1042,"$ 177.165,00"
H0564,Posadas,2025-02,2,96,2,N3,27.1,1002,"$ 173.783,62"
H0564,Posadas,2025-03,2,96,2,N3,24.3,587,"$ 95.068,43"
H0564,Posadas,2025-04,2,96,2,N3,21.7,191,"$ 29.254,06"
H0564,Posadas,2025-05,2,96,2,N3,17.4,362,"$ 52.569,09"
H0564,Posadas,2025-06,2,96,2,N3,15.3,623,"$ 110.137,50"
H0564,Posadas,2025-07,2,96,2,N3,14.1,602,"$ 108.251,58"
H0564,Posadas,2025-08,2,96,2,N3,17.0,398,"$ 64.763,17"
H0564,Posadas,2025-09,2,96,2,N3,19.1,226,"$ 37.972,50"
H0564,Posadas,2025-10,2,96,2,N3,22.3,367,"$ 60.666,64"
H0564,Posadas,2025-11,2,96,2,N3,23.7,487,"$ 91.446,04"
H0564,Posadas,2025-12,2,96,2,N3,26.5,855,"$ 185.714,71"
H0565,Posadas,2025-01,3,138,2,N3,27.4,946,"$ 158.877,00"
H0565,Posadas,2025-02,3,138,2,N3,27.1,994,"$ 172.221,52"
H0565,Posadas,2025-03,3,138,2,N3,24.3,605,"$ 98.671,02"
H0565,Posadas,2025-04,3,138,2,N3,21.7,283,"$ 40.578,21"
H0565,Posadas,2025-05,3,138,2,N3,17.4,553,"$ 92.731,87"
H0565,Posadas,2025-06,3,138,2,N3,15.3,810,"$ 150.442,22"
H0565,Posadas,2025-07,3,138,2,N3,14.1,1155,"$ 230.421,22"
H0565,Posadas,2025-08,3,138,2,N3,17.0,610,"$ 112.769,43"
H0565,Posadas,2025-09,3,138,2,N3,19.1,489,"$ 87.503,87"
H0565,Posadas,2025-10,3,138,2,N3,22.3,381,"$ 63.997,36"
H0565,Posadas,2025-11,3,138,2,N3,23.7,598,"$ 118.514,07"
H0565,Posadas,2025-12,3,138,2,N3,26.5,1078,"$ 241.454,12"
H0566,Posadas,2025-01,4,96,2,N3,27.4,807,"$ 132.397,50"
H0566,Posadas,2025-02,4,96,2,N3,27.1,843,"$ 142.736,89"
H0566,Posadas,2025-03,4,96,2,N3,24.3,433,"$ 64.246,24"
H0566,Posadas,2025-04,4,96,2,N3,21.7,243,"$ 35.654,66"
H0566,Posadas,2025-05,4,96,2,N3,17.4,495,"$ 80.535,84"
H0566,Posadas,2025-06,4,96,2,N3,15.3,635,"$ 112.723,90"
H0566,Posadas,2025-07,4,96,2,N3,14.1,1132,"$ 225.340,03"
H0566,Posadas,2025-08,4,96,2,N3,17.0,487,"$ 84.916,74"
H0566,Posadas,2025-09,4,96,2,N3,19.1,337,"$ 53.430,74"
H0566,Posadas,2025-10,4,96,2,N3,22.3,310,"$ 50.912,40"
H0566,Posadas,2025-11,4,96,2,N3,23.7,436,"$ 79.009,38"
H0566,Posadas,2025-12,4,96,2,N3,26.5,623,"$ 127.725,73"
H0567,Posadas,2025-01,3,100,1,N3,27.4,430,"$ 60.579,00"
H0567,Posadas,2025-02,3,100,1,N3,27.1,443,"$ 64.631,89"
H0567,Posadas,2025-03,3,100,1,N3,24.3,272,"$ 38.267,54"
H0567,Posadas,2025-04,3,100,1,N3,21.7,175,"$ 27.284,64"
H0567,Posadas,2025-05,3,100,1,N3,17.4,368,"$ 53.830,75"
H0567,Posadas,2025-06,3,100,1,N3,15.3,514,"$ 86.644,37"
H0567,Posadas,2025-07,3,100,1,N3,14.1,709,"$ 131.890,19"
H0567,Posadas,2025-08,3,100,1,N3,17.0,399,"$ 64.989,61"
H0567,Posadas,2025-09,3,100,1,N3,19.1,285,"$ 46.189,04"
H0567,Posadas,2025-10,3,100,1,N3,22.3,246,"$ 41.776,71"
H0567,Posadas,2025-11,3,100,1,N3,23.7,227,"$ 40.041,17"
H0567,Posadas,2025-12,3,100,1,N3,26.5,549,"$ 109.229,25"
H0568,Posadas,2025-01,4,145,1,N1,27.4,561,"$ 112.204,50"
H0568,Posadas,2025-02,4,145,1,N1,27.1,607,"$ 123.991,69"
H0568,Posadas,2025-03,4,145,1,N1,24.3,412,"$ 88.063,39"
H0568,Posadas,2025-04,4,145,1,N1,21.7,243,"$ 55.595,02"
H0568,Posadas,2025-05,4,145,1,N1,17.4,474,"$ 105.558,73"
H0568,Posadas,2025-06,4,145,1,N1,15.3,659,"$ 148.071,35"
H0568,Posadas,2025-07,4,145,1,N1,14.1,790,"$ 180.713,87"
H0568,Posadas,2025-08,4,145,1,N1,17.0,665,"$ 156.926,13"
H0568,Posadas,2025-09,4,145,1,N1,19.1,323,"$ 81.469,12"
H0568,Posadas,2025-10,4,145,1,N1,22.3,298,"$ 77.558,14"
H0568,Posadas,2025-11,4,145,1,N1,23.7,302,"$ 80.472,51"
H0568,Posadas,2025-12,4,145,1,N1,26.5,451,"$ 119.727,25"
H0569,Posadas,2025-01,5,77,0,N2,27.4,277,"$ 28.200,35"
H0569,Posadas,2025-02,5,77,0,N2,27.1,305,"$ 31.274,54"
H0569,Posadas,2025-03,5,77,0,N2,24.3,300,"$ 31.622,76"
H0569,Posadas,2025-04,5,77,0,N2,21.7,238,"$ 26.901,70"
H0569,Posadas,2025-05,5,77,0,N2,17.4,521,"$ 73.736,91"
H0569,Posadas,2025-06,5,77,0,N2,15.3,563,"$ 84.632,73"
H0569,Posadas,2025-07,5,77,0,N2,14.1,879,"$ 156.559,77"
H0569,Posadas,2025-08,5,77,0,N2,17.0,508,"$ 76.462,81"
H0569,Posadas,2025-09,5,77,0,N2,19.1,341,"$ 40.796,45"
H0569,Posadas,2025-10,5,77,0,N2,22.3,192,"$ 26.455,41"
H0569,Posadas,2025-11,5,77,0,N2,23.7,246,"$ 32.823,03"
H0569,Posadas,2025-12,5,77,0,N2,26.5,s/l,"$ 32.993,73"
H0570,Posadas,2025-01,4,79,2,N3,27.4,909,"$ 151.828,50"
H0570,Posadas,2025-02,4,79,2,N3,27.1,1031,"$ 179.446,24"
H0570,Posadas,2025-03,4,79,2,N3,24.3,698,"$ 117.284,42"
H0570,Posadas,2025-04,4,79,2,N3,21.7,244,"$ 35.777,75"
H0570,Posadas,2025-05,4,79,2,N3,17.4,464,"$ 74.017,28"
H0570,Posadas,2025-06,4,79,2,N3,15.3,666,"$ 119.405,43"
H0570,Posadas,2025-07,4,79,2,N3,14.1,773,"$ 146.029,18"
H0570,Posadas,2025-08,4,79,2,N3,17.0,521,"$ 92.615,86"
H0570,Posadas,2025-09,4,79,2,N3,19.1,274,"$ 44.657,15"
H0570,Posadas,2025-10,4,79,2,N3,22.3,329,"$ 53.624,55"
H0570,Posadas,2025-11,4,79,2,N3,23.7,566,"$ 110.710,67"
H0570,Posadas,2025-12,4,79,2,N3,26.5,735,"$ 155.720,41"
H0571,Posadas,2025-01,3,66,2,N2,27.4,1139,"$ 184.531,00"
H0571,Posadas,2025-02,3,66,2,N2,27.1,937,"$ 149.701,25"
H0571,Posadas,2025-03,3,66,2,N2,24.3,556,"$ 77.188,89"
H0571,Posadas,2025-04,3,66,2,N2,21.7,228,"$ 26.012,72"
H0571,Posadas,2025-05,3,66,2,N2,17.4,556,"$ 81.096,58"
H0571,Posadas,2025-06,3,66,2,N2,15.3,782,"$ 131.834,51"
H0571,Posadas,2025-07,3,66,2,N2,14.1,841,"$ 148.164,75"
H0571,Posadas,2025-08,3,66,2,N2,17.0,559,"$ 88.011,48"
H0571,Posadas,2025-09,3,66,2,N2,19.1,359,"$ 43.790,62"
H0571,Posadas,2025-10,3,66,2,N2,22.3,354,"$ 43.695,84"
H0571,Posadas,2025-11,3,66,2,N2,23.7,426,"$ 62.345,88"
H0571,Posadas,2025-12,3,66,2,N2,26.5,843,"$ 168.134,72"
H0572,Posadas,2025-01,4,136,2,N3,27.4,976,"$ 164.592,00"
H0572,Posadas,2025-02,4,136,2,N3,27.1,847,"$ 143.517,94"
H0572,Posadas,2025-03,4,136,2,N3,24.3,516,"$ 80.858,20"
H0572,Posadas,2025-04,4,136,2,N3,21.7,383,"$ 55.595,02"
H0572,Posadas,2025-05,4,136,2,N3,17.4,455,"$ 72.124,79"
H0572,Posadas,2025-06,4,136,2,N3,15.3,678,"$ 121.991,83"
H0572,Posadas,2025-07,4,136,2,N3,14.1,1192,"$ 238.595,32"
H0572,Posadas,2025-08,4,136,2,N3,17.0,566,"$ 102.805,86"
H0572,Posadas,2025-09,4,136,2,N3,19.1,350,"$ 55.241,17"
H0572,Posadas,2025-10,4,136,2,N3,22.3,377,"$ 63.045,72"
H0572,Posadas,2025-11,4,136,2,N3,23.7,481,"$ 89.982,90"
H0572,Posadas,2025-12,4,136,2,N3,26.5,810,"$ 174.466,85"
H0573,Posadas,2025-01,2,99,0,N1,27.4,128,"$ 29.718,00"
H0573,Posadas,2025-02,2,99,0,N1,27.1,147,"$ 34.170,94"
H0573,Posadas,2025-03,2,99,0,N1,24.3,136,"$ 32.823,63"
H0573,Posadas,2025-04,2,99,0,N1,21.7,148,"$ 36.105,99"
H0573,Posadas,2025-05,2,99,0,N1,17.4,280,"$ 64.765,12"
H0573,Posadas,2025-06,2,99,0,N1,15.3,381,"$ 88.153,11"
H0573,Posadas,2025-07,2,99,0,N1,14.1,361,"$ 85.938,50"
H0573,Posadas,2025-08,2,99,0,N1,17.0,250,"$ 62.951,61"
H0573,Posadas,2025-09,2,99,0,N1,19.1,178,"$ 47.813,78"
H0573,Posadas,2025-10,2,99,0,N1,22.3,132,"$ 38.065,34"
H0573,Posadas,2025-11,2,99,0,N1,23.7,158,"$ 45.357,24"
H0573,Posadas,2025-12,2,99,0,N1,26.5,137,"$ 41.242,16"
H0574,Posadas,2025-01,4,90,1,N2,27.4,643,"$ 90.043,00"
H0574,Posadas,2025-02,4,90,1,N2,27.1,549,"$ 73.939,40"
H0574,Posadas,2025-03,4,90,1,N2,24.3,407,"$ 47.367,43"
H0574,Posadas,2025-04,4,90,1,N2,21.7,259,"$ 28.768,54"
H0574,Posadas,2025-05,4,90,1,N2,17.4,379,"$ 43.877,67"
H0574,Posadas,2025-06,4,90,1,N2,15.3,727,"$ 119.980,18"
H0574,Posadas,2025-07,4,90,1,N2,14.1,683,"$ 113.259,14"
H0574,Posadas,2025-08,4,90,1,N2,17.0,449,"$ 63.102,57"
H0574,Posadas,2025-09,4,90,1,N2,19.1,276,"$ 34.258,81"
H0574,Posadas,2025-10,4,90,1,N2,22.3,268,"$ 34.290,53"
H0574,Posadas,2025-11,4,90,1,N2,23.7,328,"$ 41.488,05"
H0574,Posadas,2025-12,4,90,1,N2,26.5,474,"$ 75.902,25"
H0575,Posadas,2025-01,5,77,0,N2,27.4,209,"$ 22.586,95"
H0575,Posadas,2025-02,5,77,0,N2,27.1,178,"$ 20.528,60"
H0575,Posadas,2025-03,5,77,0,N2,24.3,188,"$ 21.909,10"
H0575,Posadas,2025-04,5,77,0,N2,21.7,185,"$ 22.190,14"
H0575,Posadas,2025-05,5,77,0,N2,17.4,442,"$ 57.125,08"
H0575,Posadas,2025-06,5,77,0,N2,15.3,528,"$ 77.089,06"
H0575,Posadas,2025-07,5,77,0,N2,14.1,678,"$ 112.154,53"
H0575,Posadas,2025-08,5,77,0,N2,17.0,335,"$ 39.212,66"
H0575,Posadas,2025-09,5,77,0,N2,19.1,s/l,"$ 30.235,64"
H0575,Posadas,2025-10,5,77,0,N2,22.3,188,"$ 26.043,04"
H0575,Posadas,2025-11,5,77,0,N2,23.7,193,"$ 27.222,47"
H0575,Posadas,2025-12,5,77,0,N2,26.5,174,"$ 25.845,09"
H0576,Posadas,2025-01,6,105,1,N2,27.4,539,"$ 70.231,00"
H0576,Posadas,2025-02,6,105,1,N2,27.1,666,"$ 96.785,11"
H0576,Posadas,2025-03,6,105,1,N2,24.3,455,"$ 56.974,34"
H0576,Posadas,2025-04,6,105,1,N2,21.7,385,"$ 44.038,37"
H0576,Posadas,2025-05,6,105,1,N2,17.4,779,"$ 127.988,21"
H0576,Posadas,2025-06,6,105,1,N2,15.3,945,"$ 166.966,44"
H0576,Posadas,2025-07,6,105,1,N2,14.1,1063,"$ 197.209,34"
H0576,Posadas,2025-08,6,105,1,N2,17.0,745,"$ 130.130,18"
H0576,Posadas,2025-09,6,105,1,N2,19.1,390,"$ 50.985,90"
H0576,Posadas,2025-10,6,105,1,N2,22.3,327,"$ 40.373,05"
H0576,Posadas,2025-11,6,105,1,N2,23.7,406,"$ 57.468,76"
H0576,Posadas,2025-12,6,105,1,N2,26.5,598,"$ 106.896,36"
H0577,Posadas,2025-01,6,145,1,N1,27.4,859,"$ 168.973,50"
H0577,Posadas,2025-02,6,145,1,N1,27.1,878,"$ 176.907,83"
H0577,Posadas,2025-03,6,145,1,N1,24.3,670,"$ 139.700,56"
H0577,Posadas,2025-04,6,145,1,N1,21.7,352,"$ 77.956,11"
H0577,Posadas,2025-05,6,145,1,N1,17.4,753,"$ 164.225,83"
H0577,Posadas,2025-06,6,145,1,N1,15.3,1186,"$ 261.657,38"
H0577,Posadas,2025-07,6,145,1,N1,14.1,1029,"$ 233.514,13"
H0577,Posadas,2025-08,6,145,1,N1,17.0,717,"$ 168.701,25"
H0577,Posadas,2025-09,6,145,1,N1,19.1,530,"$ 129.515,01"
H0577,Posadas,2025-10,6,145,1,N1,22.3,414,"$ 105.155,51"
H0577,Posadas,2025-11,6,145,1,N1,23.7,500,"$ 128.756,02"
H0577,Posadas,2025-12,6,145,1,N1,26.5,685,"$ 178.216,14"
H0578,Posadas,2025-01,4,90,1,N3,27.4,578,"$ 88.773,00"
H0578,Posadas,2025-02,4,90,1,N3,27.1,544,"$ 84.353,40"
H0578,Posadas,2025-03,4,90,1,N3,24.3,427,"$ 63.045,38"
H0578,Posadas,2025-04,4,90,1,N3,21.7,99999,"$ 31.346,56"
H0578,Posadas,2025-05,4,90,1,N3,17.4,494,"$ 80.325,57"
H0578,Posadas,2025-06,4,90,1,N3,15.3,584,"$ 101.731,70"
H0578,Posadas,2025-07,4,90,1,N3,14.1,854,"$ 163.923,82"
H0578,Posadas,2025-08,4,90,1,N3,17.0,501,"$ 88.086,96"
H0578,Posadas,2025-09,4,90,1,N3,19.1,332,"$ 52.734,43"
H0578,Posadas,2025-10,4,90,1,N3,22.3,s/l,"$ 53.339,06"
H0578,Posadas,2025-11,4,90,1,N3,23.7,433,"$ 78.277,81"
H0578,Posadas,2025-12,4,90,1,N3,26.5,421,"$ 77.235,33"
H0579,Posadas,2025-01,3,136,0,N3,27.4,240,"$ 32.766,00"
H0579,Posadas,2025-02,3,136,0,N3,27.1,275,"$ 37.685,66"
H0579,Posadas,2025-03,3,136,0,N3,24.3,239,"$ 34.304,69"
H0579,Posadas,2025-04,3,136,0,N3,21.7,288,"$ 41.193,65"
H0579,Posadas,2025-05,3,136,0,N3,17.4,491,"$ 79.694,74"
H0579,Posadas,2025-06,3,136,0,N3,15.3,691,"$ 124.793,76"
H0579,Posadas,2025-07,3,136,0,N3,14.1,758,"$ 142.715,35"
H0579,Posadas,2025-08,3,136,0,N3,17.0,633,"$ 117.977,66"
H0579,Posadas,2025-09,3,136,0,N3,19.1,394,"$ 65.453,82"
H0579,Posadas,2025-10,3,136,0,N3,22.3,262,"$ 44.060,63"
H0579,Posadas,2025-11,3,136,0,N3,23.7,99999,"$ 46.478,97"
H0579,Posadas,2025-12,3,136,0,N3,26.5,235,"$ 42.241,97"
H0580,Posadas,2025-01,2,95,1,N1,27.4,418,"$ 84.963,00"
H0580,Posadas,2025-02,2,95,1,N1,27.1,439,"$ 91.187,59"
H0580,Posadas,2025-03,2,95,1,N1,24.3,298,"$ 65.246,96"
H0580,Posadas,2025-04,2,95,1,N1,21.7,146,"$ 35.695,69"
H0580,Posadas,2025-05,2,95,1,N1,17.4,333,"$ 75.909,76"
H0580,Posadas,2025-06,2,95,1,N1,15.3,462,"$ 105.611,30"
H0580,Posadas,2025-07,2,95,1,N1,14.1,574,"$ 132.994,80"
H0580,Posadas,2025-08,2,95,1,N1,17.0,99999,"$ 80.840,74"
H0580,Posadas,2025-09,2,95,1,N1,19.1,272,"$ 69.631,73"
H0580,Posadas,2025-10,2,95,1,N1,22.3,153,"$ 43.061,42"
H0580,Posadas,2025-11,2,95,1,N1,23.7,286,"$ 76.570,82"
H0580,Posadas,2025-12,2,95,1,N1,26.5,470,"$ 124.476,35"
H0581,Posadas,2025-01,3,152,2,N1,27.4,1211,"$ 236.029,50"
H0581,Posadas,2025-02,3,152,2,N1,27.1,888,"$ 178.860,45"
H0581,Posadas,2025-03,3,152,2,N1,24.3,526,"$ 110.879,81"
H0581,Posadas,2025-04,3,152,2,N1,21.7,292,"$ 65.647,25"
H0581,Posadas,2025-05,3,152,2,N1,17.4,601,"$ 132.263,83"
H0581,Posadas,2025-06,3,152,2,N1,15.3,717,"$ 160.572,28"
H0581,Posadas,2025-07,3,152,2,N1,14.1,882,"$ 201.038,65"
H0581,Posadas,2025-08,3,152,2,N1,17.0,576,"$ 136.772,56"
H0581,Posadas,2025-09,3,152,2,N1,19.1,326,"$ 82.165,44"
H0581,Posadas,2025-10,3,152,2,N1,22.3,429,"$ 108.724,14"
H0581,Posadas,2025-11,3,152,2,N1,23.7,504,"$ 129.731,45"
H0581,Posadas,2025-12,3,152,2,N1,26.5,985,"$ 253.201,89"
H0582,Posadas,2025-01,1,74,2,N2,27.4,575,"$ 77.089,00"
H0582,Posadas,2025-02,1,74,2,N2,27.1,522,"$ 68.667,31"
H0582,Posadas,2025-03,1,74,2,N2,24.3,s/l,"$ 27.373,04"
H0582,Posadas,2025-04,1,74,2,N2,21.7,99999,"$ 15.078,35"
H0582,Posadas,2025-05,1,74,2,N2,17.4,151,"$ 19.646,82"
H0582,Posadas,2025-06,1,74,2,N2,15.3,258,"$ 30.131,55"
H0582,Posadas,2025-07,1,74,2,N2,14.1,342,"$ 38.926,39"
H0582,Posadas,2025-08,1,74,2,N2,17.0,217,"$ 27.633,79"
H0582,Posadas,2025-09,1,74,2,N2,19.1,107,"$ 17.260,93"
H0582,Posadas,2025-10,1,74,2,N2,22.3,187,"$ 25.939,95"
H0582,Posadas,2025-11,1,74,2,N2,23.7,197,"$ 27.645,15"
H0582,Posadas,2025-12,1,74,2,N2,26.5,439,"$ 67.153,91"
H0583,Posadas,2025-01,1,106,0,N1,27.4,151,"$ 34.099,50"
H0583,Posadas,2025-02,1,106,0,N1,27.1,181,"$ 40.809,86"
H0583,Posadas,2025-03,1,106,0,N1,24.3,127,"$ 31.022,33"
H0583,Posadas,2025-04,1,106,0,N1,21.7,174,"$ 41.439,83"
H0583,Posadas,2025-05,1,106,0,N1,17.4,284,"$ 65.606,22"
H0583,Posadas,2025-06,1,106,0,N1,15.3,442,"$ 101.300,63"
H0583,Posadas,2025-07,1,106,0,N1,14.1,484,"$ 113.111,86"
H0583,Posadas,2025-08,1,106,0,N1,17.0,304,"$ 75.179,62"
H0583,Posadas,2025-09,1,106,0,N1,19.1,180,"$ 48.278,00"
H0583,Posadas,2025-10,1,106,0,N1,22.3,158,"$ 44.250,96"
H0583,Posadas,2025-11,1,106,0,N1,23.7,179,"$ 50.478,21"
H0583,Posadas,2025-12,1,106,0,N1,26.5,137,"$ 41.242,16"
H0584,Posadas,2025-01,3,165,1,N1,27.4,484,"$ 97.536,00"
H0584,Posadas,2025-02,3,165,1,N1,27.1,510,"$ 105.051,23"
H0584,Posadas,2025-03,3,165,1,N1,24.3,490,"$ 103.674,62"
H0584,Posadas,2025-04,3,165,1,N1,21.7,192,"$ 45.132,49"
H0584,Posadas,2025-05,3,165,1,N1,17.4,514,"$ 113.969,78"
H0584,Posadas,2025-06,3,165,1,N1,15.3,691,"$ 154.968,42"
H0584,Posadas,2025-07,3,165,1,N1,14.1,979,"$ 222.468,05"
H0584,Posadas,2025-08,3,165,1,N1,17.0,574,"$ 136.319,67"
H0584,Posadas,2025-09,3,165,1,N1,19.1,330,"$ 83.093,86"
H0584,Posadas,2025-10,3,165,1,N1,22.3,280,"$ 73.275,79"
H0584,Posadas,2025-11,3,165,1,N1,23.7,358,"$ 94.128,46"
H0584,Posadas,2025-12,3,165,1,N1,26.5,446,"$ 118.477,49"
H0585,Posadas,2025-01,4,80,1,N3,27.4,550,"$ 83.439,00"
H0585,Posadas,2025-02,4,80,1,N3,27.1,506,"$ 76.933,43"
H0585,Posadas,2025-03,4,80,1,N3,24.3,292,"$ 40.669,27"
H0585,Posadas,2025-04,4,80,1,N3,21.7,206,"$ 31.100,39"
H0585,Posadas,2025-05,4,80,1,N3,17.4,620,"$ 106.820,39"
H0585,Posadas,2025-06,4,80,1,N3,15.3,792,"$ 146.562,62"
H0585,Posadas,2025-07,4,80,1,N3,14.1,989,"$ 193.748,24"
H0585,Posadas,2025-08,4,80,1,N3,17.0,622,"$ 115.486,76"
H0585,Posadas,2025-09,4,80,1,N3,19.1,317,"$ 50.645,48"
H0585,Posadas,2025-10,4,80,1,N3,22.3,231,"$ 39.635,54"
H0585,Posadas,2025-11,4,80,1,N3,23.7,303,"$ 51.161,01"
H0585,Posadas,2025-12,4,80,1,N3,26.5,472,"$ 89.982,90"
H0586,Posadas,2025-01,2,56,0,N3,27.4,134,"$ 20.650,20"
H0586,Posadas,2025-02,2,56,0,N3,27.1,141,"$ 21.986,56"
H0586,Posadas,2025-03,2,56,0,N3,24.3,150,"$ 23.617,00"
H0586,Posadas,2025-04,2,56,0,N3,21.7,137,"$ 22.607,27"
H0586,Posadas,2025-05,2,56,0,N3,17.4,385,"$ 57.405,45"
H0586,Posadas,2025-06,2,56,0,N3,15.3,431,"$ 68.755,11"
H0586,Posadas,2025-07,2,56,0,N3,14.1,727,"$ 135.866,78"
H0586,Posadas,2025-08,2,56,0,N3,17.0,362,"$ 56.611,16"
H0586,Posadas,2025-09,2,56,0,N3,19.1,207,"$ 35.326,50"
H0586,Posadas,2025-10,2,56,0,N3,22.3,143,"$ 27.073,98"
H0586,Posadas,2025-11,2,56,0,N3,23.7,151,"$ 28.921,33"
H0586,Posadas,2025-12,2,56,0,N3,26.5,136,"$ 27.394,79"
H0587,Posadas,2025-01,3,66,2,N2,27.4,1174,"$ 191.198,50"
H0587,Posadas,2025-02,3,66,2,N2,27.1,1085,"$ 178.600,10"
H0587,Posadas,2025-03,3,66,2,N2,24.3,824,"$ 130.827,50"
H0587,Posadas,2025-04,3,66,2,N2,21.7,274,"$ 30.102,00"
H0587,Posadas,2025-05,3,66,2,N2,17.4,526,"$ 74.788,29"
H0587,Posadas,2025-06,3,66,2,N2,15.3,637,"$ 100.582,19"
H0587,Posadas,2025-07,3,66,2,N2,14.1,853,"$ 150.815,81"
H0587,Posadas,2025-08,3,66,2,N2,17.0,660,"$ 110.882,39"
H0587,Posadas,2025-09,3,66,2,N2,19.1,99999,"$ 40.192,98"
H0587,Posadas,2025-10,3,66,2,N2,22.3,385,"$ 51.071,00"
H0587,Posadas,2025-11,3,66,2,N2,23.7,576,"$ 98.924,29"
H0587,Posadas,2025-12,3,66,2,N2,26.5,999,"$ 207.127,31"
H0588,Posadas,2025-01,2,89,3,N3,27.4,958,"$ 161.163,00"
H0588,Posadas,2025-02,2,89,3,N3,27.1,777,"$ 129.849,56"
H0588,Posadas,2025-03,2,89,3,N3,24.3,532,"$ 84.060,51"
H0588,Posadas,2025-04,2,89,3,N3,21.7,216,"$ 32.331,27"
H0588,Posadas,2025-05,2,89,3,N3,17.4,286,"$ 41.971,16"
H0588,Posadas,2025-06,2,89,3,N3,15.3,404,"$ 62.935,71"
H0588,Posadas,2025-07,2,89,3,N3,14.1,396,"$ 62.741,73"
H0588,Posadas,2025-08,2,89,3,N3,17.0,249,"$ 40.171,28"
H0588,Posadas,2025-09,2,89,3,N3,19.1,181,"$ 31.705,65"
H0588,Posadas,2025-10,2,89,3,N3,22.3,267,"$ 44.774,36"
H0588,Posadas,2025-11,2,89,3,N3,23.7,385,"$ 66.572,72"
H0588,Posadas,2025-12,2,89,3,N3,26.5,715,"$ 150.721,36"
H0589,Posadas,2025-01,7,99,0,N2,27.4,234,"$ 24.650,70"
H0589,Posadas,2025-02,7,99,0,N2,27.1,283,"$ 29.413,04"
H0589,Posadas,2025-03,7,99,0,N2,24.3,217,"$ 24.424,25"
H0589,Posadas,2025-04,7,99,0,N2,21.7,199,"$ 23.434,70"
H0589,Posadas,2025-05,7,99,0,N2,17.4,529,"$ 75.419,12"
H0589,Posadas,2025-06,7,99,0,N2,15.3,679,"$ 109.634,59"
H0589,Posadas,2025-07,7,99,0,N2,14.1,961,"$ 174.675,34"
H0589,Posadas,2025-08,7,99,0,N2,17.0,605,"$ 98.427,94"
H0589,Posadas,2025-09,7,99,0,N2,19.1,314,"$ 38.080,82"
H0589,Posadas,2025-10,7,99,0,N2,22.3,278,"$ 35.321,47"
H0589,Posadas,2025-11,7,99,0,N2,23.7,295,"$ 38.000,91"
H0589,Posadas,2025-12,7,99,0,N2,26.5,247,"$ 33.751,92"
H0590,Posadas,2025-01,3,75,1,N2,27.4,s/l,"$ 34.417,00"
H0590,Posadas,2025-02,3,75,1,N2,27.1,359,"$ 36.839,53"
H0590,Posadas,2025-03,3,75,1,N2,24.3,309,"$ 32.403,32"
H0590,Posadas,2025-04,3,75,1,N2,21.7,210,"$ 24.412,57"
H0590,Posadas,2025-05,3,75,1,N2,17.4,366,"$ 41.144,07"
H0590,Posadas,2025-06,3,75,1,N2,15.3,536,"$ 78.813,33"
H0590,Posadas,2025-07,3,75,1,N2,14.1,742,"$ 126.293,51"
H0590,Posadas,2025-08,3,75,1,N2,17.0,475,"$ 68.990,13"
H0590,Posadas,2025-09,3,75,1,N2,19.1,256,"$ 32.247,23"
H0590,Posadas,2025-10,3,75,1,N2,22.3,212,"$ 28.517,29"
H0590,Posadas,2025-11,3,75,1,N2,23.7,265,"$ 34.830,78"
H0590,Posadas,2025-12,3,75,1,N2,26.5,326,"$ 42.308,63"
H0591,Posadas,2025-01,5,136,0,N1,27.4,205,"$ 44.386,50"
H0591,Posadas,2025-02,5,136,0,N1,27.1,239,"$ 52.135,09"
H0591,Posadas,2025-03,5,136,0,N1,24.3,266,"$ 58.842,35"
H0591,Posadas,2025-04,5,136,0,N1,21.7,181,"$ 42.875,86"
H0591,Posadas,2025-05,5,136,0,N1,17.4,330,"$ 75.278,94"
H0591,Posadas,2025-06,5,136,0,N1,15.3,575,"$ 129.966,56"
H0591,Posadas,2025-07,5,136,0,N1,14.1,605,"$ 139.843,37"
H0591,Posadas,2025-08,5,136,0,N1,17.0,364,"$ 88.766,30"
H0591,Posadas,2025-09,5,136,0,N1,19.1,342,"$ 85.879,13"
H0591,Posadas,2025-10,5,136,0,N1,22.3,188,"$ 51.388,21"
H0591,Posadas,2025-11,5,136,0,N1,23.7,223,"$ 61.207,88"
H0591,Posadas,2025-12,5,136,0,N1,26.5,228,"$ 63.987,84"
H0592,Posadas,2025-01,1,65,0,N3,27.4,142,"$ 21.564,60"
H0592,Posadas,2025-02,1,65,0,N3,27.1,112,"$ 18.588,99"
H0592,Posadas,2025-03,1,65,0,N3,24.3,120,"$ 20.014,41"
H0592,Posadas,2025-04,1,65,0,N3,21.7,124,"$ 21.007,12"
H0592,Posadas,2025-05,1,65,0,N3,17.4,184,"$ 29.102,25"
H0592,Posadas,2025-06,1,65,0,N3,15.3,292,"$ 43.796,36"
H0592,Posadas,2025-07,1,65,0,N3,14.1,335,"$ 50.591,05"
H0592,Posadas,2025-08,1,65,0,N3,17.0,269,"$ 42.888,61"
H0592,Posadas,2025-09,1,65,0,N3,19.1,169,"$ 30.034,48"
H0592,Posadas,2025-10,1,65,0,N3,22.3,117,"$ 23.362,60"
H0592,Posadas,2025-11,1,65,0,N3,23.7,116,"$ 23.800,36"
H0592,Posadas,2025-12,1,65,0,N3,26.5,118,"$ 24.695,31"
H0593,Posadas,2025-01,3,71,2,N2,27.4,661,"$ 93.472,00"
H0593,Posadas,2025-02,3,71,2,N2,27.1,696,"$ 102.642,99"
H0593,Posadas,2025-03,3,71,2,N2,24.3,523,"$ 70.584,14"
H0593,Posadas,2025-04,3,71,2,N2,21.7,203,"$ 23.790,29"
H0593,Posadas,2025-05,3,71,2,N2,17.4,442,"$ 57.125,08"
H0593,Posadas,2025-06,3,71,2,N2,15.3,540,"$ 79.675,46"
H0593,Posadas,2025-07,3,71,2,N2,14.1,763,"$ 130.932,87"
H0593,Posadas,2025-08,3,71,2,N2,17.0,448,"$ 62.876,13"
H0593,Posadas,2025-09,3,71,2,N2,19.1,247,"$ 31.342,01"
H0593,Posadas,2025-10,3,71,2,N2,22.3,261,"$ 33.568,87"
H0593,Posadas,2025-11,3,71,2,N2,23.7,391,"$ 53.810,91"
H0593,Posadas,2025-12,3,71,2,N2,26.5,630,"$ 114.894,84"
H0594,Posadas,2025-01,4,93,0,N2,27.4,236,"$ 24.815,80"
H0594,Posadas,2025-02,4,93,0,N2,27.1,177,"$ 20.443,98"
H0594,Posadas,2025-03,4,93,0,N2,24.3,195,"$ 22.516,21"
H0594,Posadas,2025-04,4,93,0,N2,21.7,142,"$ 18.367,55"
H0594,Posadas,2025-05,4,93,0,N2,17.4,489,"$ 67.008,07"
H0594,Posadas,2025-06,4,93,0,N2,15.3,541,"$ 79.891,00"
H0594,Posadas,2025-07,4,93,0,N2,14.1,546,"$ 82.992,88"
H0594,Posadas,2025-08,4,93,0,N2,17.0,379,"$ 47.251,45"
H0594,Posadas,2025-09,4,93,0,N2,19.1,249,"$ 31.543,17"
H0594,Posadas,2025-10,4,93,0,N2,22.3,188,"$ 26.043,04"
H0594,Posadas,2025-11,4,93,0,N2,23.7,181,"$ 25.954,42"
H0594,Posadas,2025-12,4,93,0,N2,26.5,176,"$ 26.061,71"
H0595,Posadas,2025-01,4,119,1,N1,27.4,462,"$ 93.345,00"
H0595,Posadas,2025-02,4,119,1,N1,27.1,566,"$ 115.985,93"
H0595,Posadas,2025-03,4,119,1,N1,24.3,340,"$ 73.653,01"
H0595,Posadas,2025-04,4,119,1,N1,21.7,,"$ 44.722,19"
H0595,Posadas,2025-05,4,119,1,N1,17.4,321,"$ 73.386,45"
H0595,Posadas,2025-06,4,119,1,N1,15.3,564,"$ 127.595,69"
H0595,Posadas,2025-07,4,119,1,N1,14.1,565,"$ 131.006,51"
H0595,Posadas,2025-08,4,119,1,N1,17.0,406,"$ 98.276,97"
H0595,Posadas,2025-09,4,119,1,N1,19.1,264,"$ 67.774,88"
H0595,Posadas,2025-10,4,119,1,N1,22.3,246,"$ 65.186,90"
H0595,Posadas,2025-11,4,119,1,N1,23.7,325,"$ 86.081,21"
H0595,Posadas,2025-12,4,119,1,N1,26.5,504,"$ 132.974,73"
H0596,Posadas,2025-01,2,71,2,N2,27.4,990,"$ 156.146,50"
H0596,Posadas,2025-02,2,71,2,N2,27.1,883,"$ 139.157,08"
H0596,Posadas,2025-03,2,71,2,N2,24.3,494,"$ 64.779,96"
H0596,Posadas,2025-04,2,71,2,N2,21.7,s/l,"$ 25.034,85"
H0596,Posadas,2025-05,2,71,2,N2,17.4,395,"$ 47.242,09"
H0596,Posadas,2025-06,2,71,2,N2,15.3,589,"$ 90.236,59"
H0596,Posadas,2025-07,2,71,2,N2,14.1,607,"$ 96.469,10"
H0596,Posadas,2025-08,2,71,2,N2,17.0,422,"$ 56.988,57"
H0596,Posadas,2025-09,2,71,2,N2,19.1,238,"$ 30.436,80"
H0596,Posadas,2025-10,2,71,2,N2,22.3,375,"$ 48.691,92"
H0596,Posadas,2025-11,2,71,2,N2,23.7,389,"$ 53.323,20"
H0596,Posadas,2025-12,2,71,2,N2,26.5,687,"$ 129.142,13"
H0597,Posadas,2025-01,7,97,2,N3,27.4,644,"$ 101.346,00"
H0597,Posadas,2025-02,7,97,2,N3,27.1,852,"$ 144.494,25"
H0597,Posadas,2025-03,7,97,2,N3,24.3,526,"$ 82.859,64"
H0597,Posadas,2025-04,7,97,2,N3,21.7,320,"$ 45.132,49"
H0597,Posadas,2025-05,7,97,2,N3,17.4,532,"$ 88.316,07"
H0597,Posadas,2025-06,7,97,2,N3,15.3,812,"$ 150.873,29"
H0597,Posadas,2025-07,7,97,2,N3,14.1,673,"$ 123.937,02"
H0597,Posadas,2025-08,7,97,2,N3,17.0,588,"$ 107.787,65"
H0597,Posadas,2025-09,7,97,2,N3,19.1,412,"$ 69.631,73"
H0597,Posadas,2025-10,7,97,2,N3,22.3,336,"$ 54.623,77"
H0597,Posadas,2025-11,7,97,2,N3,23.7,516,"$ 98.517,87"
H0597,Posadas,2025-12,7,97,2,N3,26.5,781,"$ 167.218,23"
H0598,Posadas,2025-01,1,51,0,N2,27.4,103,"$ 13.836,65"
H0598,Posadas,2025-02,1,51,0,N2,27.1,90,"$ 13.082,59"
H0598,Posadas,2025-03,1,51,0,N2,24.3,96,"$ 13.930,03"
H0598,Posadas,2025-04,1,51,0,N2,21.7,74,"$ 12.322,54"
H0598,Posadas,2025-05,1,51,0,N2,17.4,202,"$ 24.293,93"
H0598,Posadas,2025-06,1,51,0,N2,15.3,372,"$ 43.465,88"
H0598,Posadas,2025-07,1,51,0,N2,14.1,349,"$ 39.596,51"
H0598,Posadas,2025-08,1,51,0,N2,17.0,319,"$ 37.642,65"
H0598,Posadas,2025-09,1,51,0,N2,19.1,145,"$ 21.082,94"
H0598,Posadas,2025-10,1,51,0,N2,22.3,91,"$ 16.042,96"
H0598,Posadas,2025-11,1,51,0,N2,23.7,109,"$ 18.346,11"
H0598,Posadas,2025-12,1,51,0,N2,26.5,89,"$ 16.638,51"
H0599,Posadas,2025-01,2,44,1,N2,27.4,,"$ 52.324,00"
H0599,Posadas,2025-02,2,44,1,N2,27.1,475,"$ 59.489,97"
H0599,Posadas,2025-03,2,44,1,N2,24.3,268,"$ 28.847,43"
H0599,Posadas,2025-04,2,44,1,N2,21.7,131,"$ 17.389,68"
H0599,Posadas,2025-05,2,44,1,N2,17.4,330,"$ 35.957,26"
H0599,Posadas,2025-06,2,44,1,N2,15.3,552,"$ 82.261,86"
H0599,Posadas,2025-07,2,44,1,N2,14.1,534,"$ 80.341,82"
H0599,Posadas,2025-08,2,44,1,N2,17.0,333,"$ 39.016,41"
H0599,Posadas,2025-09,2,44,1,N2,19.1,193,"$ 25.910,74"
H0599,Posadas,2025-10,2,44,1,N2,22.3,209,"$ 28.208,01"
H0599,Posadas,2025-11,2,44,1,N2,23.7,278,"$ 36.204,50"
H0599,Posadas,2025-12,2,44,1,N2,26.5,410,"$ 59.905,28"
H0600,Posadas,2025-01,4,75,2,N3,27.4,1089,"$ 186.118,50"
H0600,Posadas,2025-02,4,75,2,N3,27.1,1016,"$ 176.517,30"
H0600,Posadas,2025-03,4,75,2,N3,24.3,500,"$ 77.655,90"
H0600,Posadas,2025-04,4,75,2,N3,21.7,273,"$ 39.347,32"
H0600,Posadas,2025-05,4,75,2,N3,17.4,532,"$ 88.316,07"
H0600,Posadas,2025-06,4,75,2,N3,15.3,627,"$ 110.999,63"
H0600,Posadas,2025-07,4,75,2,N3,14.1,758,"$ 142.715,35"
H0600,Posadas,2025-08,4,75,2,N3,17.0,766,"$ 148.094,79"
H0600,Posadas,2025-09,4,75,2,N3,19.1,357,"$ 56.865,91"
H0600,Posadas,2025-10,4,75,2,N3,22.3,364,"$ 59.952,92"
H0600,Posadas,2025-11,4,75,2,N3,23.7,531,"$ 102.175,71"
H0600,Posadas,2025-12,4,75,2,N3,26.5,916,"$ 200.961,82"
H0601,Posadas,2025-01,5,91,0,N3,27.4,246,"$ 33.451,80"
H0601,Posadas,2025-02,5,91,0,N3,27.1,268,"$ 36.865,56"
H0601,Posadas,2025-03,5,91,0,N3,24.3,242,"$ 34.664,95"
H0601,Posadas,2025-04,5,91,0,N3,21.7,248,"$ 36.270,11"
H0601,Posadas,2025-05,5,91,0,N3,17.4,605,"$ 103.666,24"
H0601,Posadas,2025-06,5,91,0,N3,15.3,947,"$ 179.970,28"
H0601,Posadas,2025-07,5,91,0,N3,14.1,932,"$ 181.155,71"
H0601,Posadas,2025-08,5,91,0,N3,17.0,490,"$ 85.596,07"
H0601,Posadas,2025-09,5,91,0,N3,19.1,381,"$ 62.436,45"
H0601,Posadas,2025-10,5,91,0,N3,22.3,275,"$ 45.916,32"
H0601,Posadas,2025-11,5,91,0,N3,23.7,235,"$ 41.211,68"
H0601,Posadas,2025-12,5,91,0,N3,26.5,223,"$ 40.442,32"
H0602,Posadas,2025-01,1,47,0,N2,27.4,92,"$ 12.928,60"
H0602,Posadas,2025-02,1,47,0,N2,27.1,74,"$ 11.728,77"
H0602,Posadas,2025-03,1,47,0,N2,24.3,95,"$ 13.843,30"
H0602,Posadas,2025-04,1,47,0,N2,21.7,110,"$ 15.522,84"
H0602,Posadas,2025-05,1,47,0,N2,17.4,154,"$ 19.920,18"
H0602,Posadas,2025-06,1,47,0,N2,15.3,223,"$ 26.862,63"
H0602,Posadas,2025-07,1,47,0,N2,14.1,281,"$ 33.086,69"
H0602,Posadas,2025-08,1,47,0,N2,17.0,176,"$ 23.610,63"
H0602,Posadas,2025-09,1,47,0,N2,19.1,101,"$ 16.657,46"
H0602,Posadas,2025-10,1,47,0,N2,22.3,71,"$ 13.981,08"
H0602,Posadas,2025-11,1,47,0,N2,23.7,87,"$ 16.021,35"
H0602,Posadas,2025-12,1,47,0,N2,26.5,106,"$ 18.479,82"
H0603,Posadas,2025-01,7,108,3,N1,27.4,1231,"$ 239.839,50"
H0603,Posadas,2025-02,7,108,3,N1,27.1,1064,"$ 213.226,65"
H0603,Posadas,2025-03,7,108,3,N1,24.3,488,"$ 103.274,34"
H0603,Posadas,2025-04,7,108,3,N1,21.7,220,"$ 50.876,62"
H0603,Posadas,2025-05,7,108,3,N1,17.4,553,"$ 122.170,56"
H0603,Posadas,2025-06,7,108,3,N1,15.3,669,"$ 150.226,69"
H0603,Posadas,2025-07,7,108,3,N1,14.1,822,"$ 187.783,36"
H0603,Posadas,2025-08,7,108,3,N1,17.0,588,"$ 139.489,90"
H0603,Posadas,2025-09,7,108,3,N1,19.1,397,"$ 98.644,94"
H0603,Posadas,2025-10,7,108,3,N1,22.3,338,"$ 87.074,47"
H0603,Posadas,2025-11,7,108,3,N1,23.7,597,"$ 152.410,07"
H0603,Posadas,2025-12,7,108,3,N1,26.5,748,"$ 193.963,15"
H0604,Posadas,2025-01,6,119,0,N2,27.4,284,"$ 28.778,20"
H0604,Posadas,2025-02,6,119,0,N2,27.1,290,"$ 30.005,34"
H0604,Posadas,2025-03,6,119,0,N2,24.3,274,"$ 29.367,81"
H0604,Posadas,2025-04,6,119,0,N2,21.7,293,"$ 31.791,05"
H0604,Posadas,2025-05,6,119,0,N2,17.4,550,"$ 79.834,92"
H0604,Posadas,2025-06,6,119,0,N2,15.3,905,"$ 158.345,11"
H0604,Posadas,2025-07,6,119,0,N2,14.1,943,"$ 170.698,75"
H0604,Posadas,2025-08,6,119,0,N2,17.0,584,"$ 93.672,60"
H0604,Posadas,2025-09,6,119,0,N2,19.1,328,"$ 39.488,93"
H0604,Posadas,2025-10,6,119,0,N2,22.3,295,"$ 37.074,06"
H0604,Posadas,2025-11,6,119,0,N2,23.7,272,"$ 35.570,48"
H0604,Posadas,2025-12,6,119,0,N2,26.5,271,"$ 36.351,43"
H0605,Posadas,2025-01,3,85,3,N1,27.4,1004,"$ 196.596,00"
H0605,Posadas,2025-02,3,85,3,N1,27.1,1173,"$ 234.510,26"
H0605,Posadas,2025-03,3,85,3,N1,24.3,727,"$ 151.108,77"
H0605,Posadas,2025-04,3,85,3,N1,21.7,242,"$ 55.389,87"
H0605,Posadas,2025-05,3,85,3,N1,17.4,536,"$ 118.595,86"
H0605,Posadas,2025-06,3,85,3,N1,15.3,689,"$ 154.537,35"
H0605,Posadas,2025-07,3,85,3,N1,14.1,768,"$ 175.853,59"
H0605,Posadas,2025-08,3,85,3,N1,17.0,513,"$ 122.506,55"
H0605,Posadas,2025-09,3,85,3,N1,19.1,335,"$ 84.254,39"
H0605,Posadas,2025-10,3,85,3,N1,22.3,326,"$ 84.219,57"
H0605,Posadas,2025-11,3,85,3,N1,23.7,412,"$ 107.296,69"
H0605,Posadas,2025-12,3,85,3,N1,26.5,1088,"$ 278.947,00"
H0606,Posadas,2025-01,4,87,1,N3,27.4,417,"$ 58.102,50"
H0606,Posadas,2025-02,4,87,1,N3,27.1,414,"$ 58.969,28"
H0606,Posadas,2025-03,4,87,1,N3,24.3,335,"$ 45.832,99"
H0606,Posadas,2025-04,4,87,1,N3,21.7,177,"$ 27.530,82"
H0606,Posadas,2025-05,4,87,1,N3,17.4,317,"$ 45.882,30"
H0606,Posadas,2025-06,4,87,1,N3,15.3,419,"$ 66.168,71"
H0606,Posadas,2025-07,4,87,1,N3,14.1,613,"$ 110.681,72"
H0606,Posadas,2025-08,4,87,1,N3,17.0,463,"$ 79.482,07"
H0606,Posadas,2025-09,4,87,1,N3,19.1,234,"$ 39.086,61"
H0606,Posadas,2025-10,4,87,1,N3,22.3,s/l,"$ 30.214,37"
H0606,Posadas,2025-11,4,87,1,N3,23.7,290,"$ 49.258,93"
H0606,Posadas,2025-12,4,87,1,N3,26.5,357,"$ 61.238,36"
H0607,Posadas,2025-01,3,113,3,N1,27.4,1090,"$ 212.979,00"
H0607,Posadas,2025-02,3,113,3,N1,27.1,825,"$ 166.558,91"
H0607,Posadas,2025-03,3,113,3,N1,24.3,616,"$ 128.892,78"
H0607,Posadas,2025-04,3,113,3,N1,21.7,194,"$ 45.542,78"
H0607,Posadas,2025-05,3,113,3,N1,17.4,527,"$ 116.703,38"
H0607,Posadas,2025-06,3,113,3,N1,15.3,495,"$ 112.723,90"
H0607,Posadas,2025-07,3,113,3,N1,14.1,719,"$ 165.028,43"
H0607,Posadas,2025-08,3,113,3,N1,17.0,470,"$ 112.769,43"
H0607,Posadas,2025-09,3,113,3,N1,19.1,-,"$ 68.703,30"
H0607,Posadas,2025-10,3,113,3,N1,22.3,s/l,"$ 80.888,85"
H0607,Posadas,2025-11,3,113,3,N1,23.7,541,"$ 138.754,12"
H0607,Posadas,2025-12,3,113,3,N1,26.5,1013,"$ 260.200,56"
H0608,Posadas,2025-01,4,117,1,N2,27.4,99999,"$ 123.190,00"
H0608,Posadas,2025-02,4,117,1,N2,27.1,742,"$ 111.625,06"
H0608,Posadas,2025-03,4,117,1,N2,24.3,443,"$ 54.572,61"
H0608,Posadas,2025-04,4,117,1,N2,21.7,310,"$ 33.302,30"
H0608,Posadas,2025-05,4,117,1,N2,17.4,661,"$ 103.175,60"
H0608,Posadas,2025-06,4,117,1,N2,15.3,742,"$ 123.213,18"
H0608,Posadas,2025-07,4,117,1,N2,14.1,916,"$ 164.733,87"
H0608,Posadas,2025-08,4,117,1,N2,17.0,678,"$ 114.958,39"
H0608,Posadas,2025-09,4,117,1,N2,19.1,490,"$ 74.196,47"
H0608,Posadas,2025-10,4,117,1,N2,22.3,373,"$ 48.216,10"
H0608,Posadas,2025-11,4,117,1,N2,23.7,357,"$ 45.519,81"
H0608,Posadas,2025-12,4,117,1,N2,26.5,538,"$ 91.899,21"
H0609,Posadas,2025-01,5,84,1,N3,27.4,579,"$ 88.963,50"
H0609,Posadas,2025-02,5,84,1,N3,27.1,437,"$ 63.460,31"
H0609,Posadas,2025-03,5,84,1,N3,24.3,368,"$ 51.236,88"
H0609,Posadas,2025-04,5,84,1,N3,21.7,193,"$ 29.500,23"
H0609,Posadas,2025-05,5,84,1,N3,17.4,525,"$ 86.844,13"
H0609,Posadas,2025-06,5,84,1,N3,15.3,643,"$ 114.448,16"
H0609,Posadas,2025-07,5,84,1,N3,14.1,981,"$ 191.980,87"
H0609,Posadas,2025-08,5,84,1,N3,17.0,526,"$ 93.748,08"
H0609,Posadas,2025-09,5,84,1,N3,19.1,335,"$ 53.152,22"
H0609,Posadas,2025-10,5,84,1,N3,22.3,351,"$ 56.860,11"
H0609,Posadas,2025-11,5,84,1,N3,23.7,411,"$ 72.912,98"
H0609,Posadas,2025-12,5,84,1,N3,26.5,447,"$ 83.734,09"
H0610,Posadas,2025-01,5,126,3,N3,27.4,1017,"$ 172.402,50"
H0610,Posadas,2025-02,5,126,3,N3,27.1,1037,"$ 180.617,81"
H0610,Posadas,2025-03,5,126,3,N3,24.3,567,"$ 91.065,55"
H0610,Posadas,2025-04,5,126,3,N3,21.7,216,"$ 32.331,27"
H0610,Posadas,2025-05,5,126,3,N3,17.4,415,"$ 63.713,74"
H0610,Posadas,2025-06,5,126,3,N3,15.3,665,"$ 119.189,90"
H0610,Posadas,2025-07,5,126,3,N3,14.1,757,"$ 142.494,43"
H0610,Posadas,2025-08,5,126,3,N3,17.0,457,"$ 78.123,40"
H0610,Posadas,2025-09,5,126,3,N3,19.1,303,"$ 48.695,79"
H0610,Posadas,2025-10,5,126,3,N3,22.3,370,"$ 61.380,37"
H0610,Posadas,2025-11,5,126,3,N3,23.7,342,"$ 56.867,24"
H0610,Posadas,2025-12,5,126,3,N3,26.5,908,"$ 198.962,20"
H0611,Posadas,2025-01,1,67,2,N1,27.4,811,"$ 159.829,50"
H0611,Posadas,2025-02,1,67,2,N1,27.1,597,"$ 122.039,06"
H0611,Posadas,2025-03,1,67,2,N1,24.3,572,"$ 120.086,44"
H0611,Posadas,2025-04,1,67,2,N1,21.7,167,"$ 40.003,79"
H0611,Posadas,2025-05,1,67,2,N1,17.4,271,"$ 62.872,63"
H0611,Posadas,2025-06,1,67,2,N1,15.3,366,"$ 84.920,11"
H0611,Posadas,2025-07,1,67,2,N1,14.1,402,"$ 94.996,29"
H0611,Posadas,2025-08,1,67,2,N1,17.0,307,"$ 75.858,95"
H0611,Posadas,2025-09,1,67,2,N1,19.1,172,"$ 46.421,15"
H0611,Posadas,2025-10,1,67,2,N1,22.3,186,"$ 50.912,40"
H0611,Posadas,2025-11,1,67,2,N1,23.7,426,"$ 110.710,67"
H0611,Posadas,2025-12,1,67,2,N1,26.5,744,"$ 192.963,34"
H0612,Posadas,2025-01,5,61,0,N2,27.4,206,"$ 22.339,30"
H0612,Posadas,2025-02,5,61,0,N2,27.1,273,"$ 28.566,90"
H0612,Posadas,2025-03,5,61,0,N2,24.3,245,"$ 26.852,66"
H0612,Posadas,2025-04,5,61,0,N2,21.7,s/l,"$ 23.612,50"
H0612,Posadas,2025-05,5,61,0,N2,17.4,580,"$ 86.143,21"
H0612,Posadas,2025-06,5,61,0,N2,15.3,940,"$ 165.888,77"
H0612,Posadas,2025-07,5,61,0,N2,14.1,1126,"$ 211.127,41"
H0612,Posadas,2025-08,5,61,0,N2,17.0,857,"$ 155.491,98"
H0612,Posadas,2025-09,5,61,0,N2,19.1,372,"$ 46.807,99"
H0612,Posadas,2025-10,5,61,0,N2,22.3,216,"$ 28.929,66"
H0612,Posadas,2025-11,5,61,0,N2,23.7,212,"$ 29.230,22"
H0612,Posadas,2025-12,5,61,0,N2,26.5,234,"$ 32.343,85"
H0613,Posadas,2025-01,4,102,2,N1,27.4,874,"$ 171.831,00"
H0613,Posadas,2025-02,4,102,2,N1,27.1,99999,"$ 135.707,44"
H0613,Posadas,2025-03,4,102,2,N1,24.3,563,"$ 118.285,14"
H0613,Posadas,2025-04,4,102,2,N1,21.7,229,"$ 52.722,95"
H0613,Posadas,2025-05,4,102,2,N1,17.4,443,"$ 99.040,16"
H0613,Posadas,2025-06,4,102,2,N1,15.3,,"$ 135.139,36"
H0613,Posadas,2025-07,4,102,2,N1,14.1,655,"$ 150.889,45"
H0613,Posadas,2025-08,4,102,2,N1,17.0,432,"$ 104.164,53"
H0613,Posadas,2025-09,4,102,2,N1,19.1,311,"$ 78.683,85"
H0613,Posadas,2025-10,4,102,2,N1,22.3,291,"$ 75.892,78"
H0613,Posadas,2025-11,4,102,2,N1,23.7,489,"$ 126.073,61"
H0613,Posadas,2025-12,4,102,2,N1,26.5,770,"$ 199.462,10"
H0614,Posadas,2025-01,2,67,0,N2,27.4,163,"$ 18.789,65"
H0614,Posadas,2025-02,2,67,0,N2,27.1,127,"$ 16.213,30"
H0614,Posadas,2025-03,2,67,0,N2,24.3,130,"$ 16.878,82"
H0614,Posadas,2025-04,2,67,0,N2,21.7,164,"$ 20.323,30"
H0614,Posadas,2025-05,2,67,0,N2,17.4,305,"$ 33.679,26"
H0614,Posadas,2025-06,2,67,0,N2,15.3,563,"$ 84.632,73"
H0614,Posadas,2025-07,2,67,0,N2,14.1,518,"$ 76.807,07"
H0614,Posadas,2025-08,2,67,0,N2,17.0,329,"$ 38.623,91"
H0614,Posadas,2025-09,2,67,0,N2,19.1,192,"$ 25.810,16"
H0614,Posadas,2025-10,2,67,0,N2,22.3,163,"$ 23.465,70"
H0614,Posadas,2025-11,2,67,0,N2,23.7,135,"$ 21.093,55"
H0614,Posadas,2025-12,2,67,0,N2,26.5,125,"$ 20.537,76"
H0615,Posadas,2025-01,2,52,0,N2,27.4,126,"$ 15.735,30"
H0615,Posadas,2025-02,2,52,0,N2,27.1,174,"$ 20.190,14"
H0615,Posadas,2025-03,2,52,0,N2,24.3,186,"$ 21.735,65"
H0615,Posadas,2025-04,2,52,0,N2,21.7,149,"$ 18.989,84"
H0615,Posadas,2025-05,2,52,0,N2,17.4,327,"$ 35.683,90"
H0615,Posadas,2025-06,2,52,0,N2,15.3,519,"$ 75.149,26"
H0615,Posadas,2025-07,2,52,0,N2,14.1,694,"$ 115.689,28"
H0615,Posadas,2025-08,2,52,0,N2,17.0,451,"$ 63.555,46"
H0615,Posadas,2025-09,2,52,0,N2,19.1,246,"$ 31.241,43"
H0615,Posadas,2025-10,2,52,0,N2,22.3,149,"$ 22.022,39"
H0615,Posadas,2025-11,2,52,0,N2,23.7,151,"$ 22.784,29"
H0615,Posadas,2025-12,2,52,0,N2,26.5,159,"$ 24.220,40"
H0616,Posadas,2025-01,5,96,0,N1,27.4,431,"$ 87.439,50"
H0616,Posadas,2025-02,5,96,0,N1,27.1,344,"$ 72.637,65"
H0616,Posadas,2025-03,5,96,0,N1,24.3,421,"$ 89.864,68"
H0616,Posadas,2025-04,5,96,0,N1,21.7,462,"$ 100.522,36"
H0616,Posadas,2025-05,5,96,0,N1,17.4,855,"$ 185.674,02"
H0616,Posadas,2025-06,5,96,0,N1,15.3,1181,"$ 260.579,72"
H0616,Posadas,2025-07,5,96,0,N1,14.1,1214,"$ 274.384,62"
H0616,Posadas,2025-08,5,96,0,N1,17.0,959,"$ 223.500,86"
H0616,Posadas,2025-09,5,96,0,N1,19.1,473,"$ 116.284,98"
H0616,Posadas,2025-10,5,96,0,N1,22.3,365,"$ 93.498,00"
H0616,Posadas,2025-11,5,96,0,N1,23.7,458,"$ 118.514,07"
H0616,Posadas,2025-12,5,96,0,N1,26.5,438,"$ 116.477,87"
H0617,Posadas,2025-01,6,85,1,N3,27.4,549,"$ 83.248,50"
H0617,Posadas,2025-02,6,85,1,N3,27.1,548,"$ 85.134,45"
H0617,Posadas,2025-03,6,85,1,N3,24.3,390,"$ 55.640,05"
H0617,Posadas,2025-04,6,85,1,N3,21.7,286,"$ 40.947,47"
H0617,Posadas,2025-05,6,85,1,N3,17.4,471,"$ 75.489,21"
H0617,Posadas,2025-06,6,85,1,N3,15.3,720,"$ 131.044,22"
H0617,Posadas,2025-07,6,85,1,N3,14.1,771,"$ 145.587,33"
H0617,Posadas,2025-08,6,85,1,N3,17.0,658,"$ 123.638,77"
H0617,Posadas,2025-09,6,85,1,N3,19.1,343,"$ 54.266,32"
H0617,Posadas,2025-10,6,85,1,N3,22.3,304,"$ 50.055,93"
H0617,Posadas,2025-11,6,85,1,N3,23.7,366,"$ 61.939,45"
H0617,Posadas,2025-12,6,85,1,N3,26.5,511,"$ 99.731,05"
H0618,Posadas,2025-01,2,83,1,N3,27.4,608,"$ 94.488,00"
H0618,Posadas,2025-02,2,83,1,N3,27.1,578,"$ 90.992,32"
H0618,Posadas,2025-03,2,83,1,N3,24.3,,"$ 54.839,47"
H0618,Posadas,2025-04,2,83,1,N3,21.7,230,"$ 34.054,51"
H0618,Posadas,2025-05,2,83,1,N3,17.4,605,"$ 103.666,24"
H0618,Posadas,2025-06,2,83,1,N3,15.3,779,"$ 143.760,69"
H0618,Posadas,2025-07,2,83,1,N3,14.1,772,"$ 145.808,25"
H0618,Posadas,2025-08,2,83,1,N3,17.0,476,"$ 82.425,85"
H0618,Posadas,2025-09,2,83,1,N3,19.1,283,"$ 45.910,52"
H0618,Posadas,2025-10,2,83,1,N3,22.3,289,"$ 47.914,75"
H0618,Posadas,2025-11,2,83,1,N3,23.7,359,"$ 60.232,46"
H0618,Posadas,2025-12,2,83,1,N3,26.5,449,"$ 84.234,00"
H0619,Posadas,2025-01,5,124,3,N1,27.4,1395,"$ 271.081,50"
H0619,Posadas,2025-02,5,124,3,N1,27.1,1005,"$ 201.706,16"
H0619,Posadas,2025-03,5,124,3,N1,24.3,944,"$ 194.540,03"
H0619,Posadas,2025-04,5,124,3,N1,21.7,305,"$ 68.314,17"
H0619,Posadas,2025-05,5,124,3,N1,17.4,558,"$ 123.221,94"
H0619,Posadas,2025-06,5,124,3,N1,15.3,727,"$ 162.727,61"
H0619,Posadas,2025-07,5,124,3,N1,14.1,1196,"$ 270.408,03"
H0619,Posadas,2025-08,5,124,3,N1,17.0,861,"$ 201.309,28"
H0619,Posadas,2025-09,5,124,3,N1,19.1,392,"$ 97.484,42"
H0619,Posadas,2025-10,5,124,3,N1,22.3,421,"$ 106.820,87"
H0619,Posadas,2025-11,5,124,3,N1,23.7,683,"$ 173.381,69"
H0619,Posadas,2025-12,5,124,3,N1,26.5,980,"$ 251.952,13"
H0620,Posadas,2025-01,5,91,3,N2,27.4,1274,"$ 210.248,50"
H0620,Posadas,2025-02,5,91,3,N2,27.1,1491,"$ 257.876,68"
H0620,Posadas,2025-03,5,91,3,N2,24.3,731,"$ 112.214,10"
H0620,Posadas,2025-04,5,91,3,N2,21.7,309,"$ 33.213,41"
H0620,Posadas,2025-05,5,91,3,N2,17.4,556,"$ 81.096,58"
H0620,Posadas,2025-06,5,91,3,N2,15.3,726,"$ 119.764,65"
H0620,Posadas,2025-07,5,91,3,N2,14.1,910,"$ 163.408,34"
H0620,Posadas,2025-08,5,91,3,N2,17.0,723,"$ 125.148,40"
H0620,Posadas,2025-09,5,91,3,N2,19.1,99999,"$ 73.500,15"
H0620,Posadas,2025-10,5,91,3,N2,22.3,405,"$ 55.829,17"
H0620,Posadas,2025-11,5,91,3,N2,23.7,545,"$ 91.364,75"
H0620,Posadas,2025-12,5,91,3,N2,26.5,1006,"$ 208.876,98"
H0621,Posadas,2025-01,5,109,2,N1,27.4,926,"$ 181.737,00"
H0621,Posadas,2025-02,5,109,2,N1,27.1,883,"$ 177.884,14"
H0621,Posadas,2025-03,5,109,2,N1,24.3,540,"$ 113.681,83"
H0621,Posadas,2025-04,5,109,2,N1,21.7,297,"$ 66.672,99"
H0621,Posadas,2025-05,5,109,2,N1,17.4,521,"$ 115.441,72"
H0621,Posadas,2025-06,5,109,2,N1,15.3,600,"$ 135.354,89"
H0621,Posadas,2025-07,5,109,2,N1,14.1,854,"$ 194.852,85"
H0621,Posadas,2025-08,5,109,2,N1,17.0,506,"$ 120.921,44"
H0621,Posadas,2025-09,5,109,2,N1,19.1,345,"$ 86.575,45"
H0621,Posadas,2025-10,5,109,2,N1,22.3,335,"$ 86.360,75"
H0621,Posadas,2025-11,5,109,2,N1,23.7,537,"$ 137.778,70"
H0621,Posadas,2025-12,5,109,2,N1,26.5,s/l,"$ 177.466,28"
H0622,Posadas,2025-01,2,114,2,N3,27.4,833,"$ 137.350,50"
H0622,Posadas,2025-02,2,114,2,N3,27.1,788,"$ 131.997,45"
H0622,Posadas,2025-03,2,114,2,N3,24.3,527,"$ 83.059,79"
H0622,Posadas,2025-04,2,114,2,N3,21.7,200,"$ 30.361,85"
H0622,Posadas,2025-05,2,114,2,N3,17.4,502,"$ 82.007,78"
H0622,Posadas,2025-06,2,114,2,N3,15.3,672,"$ 120.698,63"
H0622,Posadas,2025-07,2,114,2,N3,14.1,771,"$ 145.587,33"
H0622,Posadas,2025-08,2,114,2,N3,17.0,473,"$ 81.746,51"
H0622,Posadas,2025-09,2,114,2,N3,19.1,380,"$ 62.204,34"
H0622,Posadas,2025-10,2,114,2,N3,22.3,324,"$ 52.910,83"
H0622,Posadas,2025-11,2,114,2,N3,23.7,424,"$ 76.083,10"
H0622,Posadas,2025-12,2,114,2,N3,26.5,752,"$ 159.969,61"
H0623,Posadas,2025-01,2,134,4,N1,27.4,917,"$ 180.022,50"
H0623,Posadas,2025-02,2,134,4,N1,27.1,1045,"$ 209.516,66"
H0623,Posadas,2025-03,2,134,4,N1,24.3,688,"$ 143.303,15"
H0623,Posadas,2025-04,2,134,4,N1,21.7,226,"$ 52.107,51"
H0623,Posadas,2025-05,2,134,4,N1,17.4,215,"$ 51.097,15"
H0623,Posadas,2025-06,2,134,4,N1,15.3,396,"$ 91.386,10"
H0623,Posadas,2025-07,2,134,4,N1,14.1,343,"$ 81.961,91"
H0623,Posadas,2025-08,2,134,4,N1,17.0,262,"$ 65.668,94"
H0623,Posadas,2025-09,2,134,4,N1,19.1,183,"$ 48.974,31"
H0623,Posadas,2025-10,2,134,4,N1,22.3,309,"$ 80.175,13"
H0623,Posadas,2025-11,2,134,4,N1,23.7,686,"$ 174.113,26"
H0623,Posadas,2025-12,2,134,4,N1,26.5,1170,"$ 299.443,10"
H0624,Posadas,2025-01,3,143,0,N3,27.4,366,"$ 48.387,00"
H0624,Posadas,2025-02,3,143,0,N3,27.1,294,"$ 39.911,65"
H0624,Posadas,2025-03,3,143,0,N3,24.3,333,"$ 45.592,82"
H0624,Posadas,2025-04,3,143,0,N3,21.7,284,"$ 40.701,30"
H0624,Posadas,2025-05,3,143,0,N3,17.4,434,"$ 67.708,99"
H0624,Posadas,2025-06,3,143,0,N3,15.3,742,"$ 135.785,96"
H0624,Posadas,2025-07,3,143,0,N3,14.1,854,"$ 163.923,82"
H0624,Posadas,2025-08,3,143,0,N3,17.0,391,"$ 63.178,05"
H0624,Posadas,2025-09,3,143,0,N3,19.1,383,"$ 62.900,66"
H0624,Posadas,2025-10,3,143,0,N3,22.3,308,"$ 50.626,91"
H0624,Posadas,2025-11,3,143,0,N3,23.7,224,"$ 39.602,23"
H0624,Posadas,2025-12,3,143,0,N3,26.5,287,"$ 50.040,49"
H0625,Posadas,2025-01,2,77,1,N2,27.4,462,"$ 55.562,50"
H0625,Posadas,2025-02,2,77,1,N2,27.1,532,"$ 70.619,94"
H0625,Posadas,2025-03,2,77,1,N2,24.3,242,"$ 26.592,47"
H0625,Posadas,2025-04,2,77,1,N2,21.7,189,"$ 22.545,73"
H0625,Posadas,2025-05,2,77,1,N2,17.4,300,"$ 33.223,66"
H0625,Posadas,2025-06,2,77,1,N2,15.3,462,"$ 62.863,87"
H0625,Posadas,2025-07,2,77,1,N2,14.1,514,"$ 75.923,39"
H0625,Posadas,2025-08,2,77,1,N2,17.0,99999,"$ 33.226,98"
H0625,Posadas,2025-09,2,77,1,N2,19.1,163,"$ 22.893,36"
H0625,Posadas,2025-10,2,77,1,N2,22.3,99999,"$ 22.434,76"
H0625,Posadas,2025-11,2,77,1,N2,23.7,298,"$ 38.317,92"
H0625,Posadas,2025-12,2,77,1,N2,26.5,335,"$ 43.283,44"
H0626,Posadas,2025-01,3,62,1,N2,27.4,605,"$ 82.804,00"
H0626,Posadas,2025-02,3,62,1,N2,27.1,624,"$ 88.584,09"
H0626,Posadas,2025-03,3,62,1,N2,24.3,367,"$ 39.361,67"
H0626,Posadas,2025-04,3,62,1,N2,21.7,262,"$ 29.035,23"
H0626,Posadas,2025-05,3,62,1,N2,17.4,99999,"$ 49.134,58"
H0626,Posadas,2025-06,3,62,1,N2,15.3,823,"$ 140.671,38"
H0626,Posadas,2025-07,3,62,1,N2,14.1,691,"$ 115.026,51"
H0626,Posadas,2025-08,3,62,1,N2,17.0,359,"$ 42.722,55"
H0626,Posadas,2025-09,3,62,1,N2,19.1,251,"$ 31.744,33"
H0626,Posadas,2025-10,3,62,1,N2,22.3,192,"$ 26.455,41"
H0626,Posadas,2025-11,3,62,1,N2,23.7,304,"$ 38.951,95"
H0626,Posadas,2025-12,3,62,1,N2,26.5,669,"$ 124.642,98"
H0627,Posadas,2025-01,3,57,0,N2,27.4,141,"$ 16.973,55"
H0627,Posadas,2025-02,3,57,0,N2,27.1,175,"$ 20.274,76"
H0627,Posadas,2025-03,3,57,0,N2,24.3,165,"$ 19.914,33"
H0627,Posadas,2025-04,3,57,0,N2,21.7,191,"$ 22.723,52"
H0627,Posadas,2025-05,3,57,0,N2,17.4,300,"$ 33.223,66"
H0627,Posadas,2025-06,3,57,0,N2,15.3,461,"$ 62.648,34"
H0627,Posadas,2025-07,3,57,0,N2,14.1,556,"$ 85.202,10"
H0627,Posadas,2025-08,3,57,0,N2,17.0,315,"$ 37.250,14"
H0627,Posadas,2025-09,3,57,0,N2,19.1,240,"$ 30.637,96"
H0627,Posadas,2025-10,3,57,0,N2,22.3,153,"$ 22.434,76"
H0627,Posadas,2025-11,3,57,0,N2,23.7,173,"$ 25.109,05"
H0627,Posadas,2025-12,3,57,0,N2,26.5,167,"$ 25.086,90"
H0628,Posadas,2025-01,5,89,0,N2,27.4,240,"$ 25.146,00"
H0628,Posadas,2025-02,5,89,0,N2,27.1,226,"$ 24.590,06"
H0628,Posadas,2025-03,5,89,0,N2,24.3,206,"$ 23.470,23"
H0628,Posadas,2025-04,5,89,0,N2,21.7,191,"$ 22.723,52"
H0628,Posadas,2025-05,5,89,0,N2,17.4,470,"$ 63.012,81"
H0628,Posadas,2025-06,5,89,0,N2,15.3,726,"$ 119.764,65"
H0628,Posadas,2025-07,5,89,0,N2,14.1,672,"$ 110.829,00"
H0628,Posadas,2025-08,5,89,0,N2,17.0,460,"$ 65.593,46"
H0628,Posadas,2025-09,5,89,0,N2,19.1,297,"$ 36.370,97"
H0628,Posadas,2025-10,5,89,0,N2,22.3,211,"$ 28.414,19"
H0628,Posadas,2025-11,5,89,0,N2,23.7,220,"$ 30.075,59"
H0628,Posadas,2025-12,5,89,0,N2,26.5,209,"$ 29.636,04"
H0629,Posadas,2025-01,5,85,0,N2,27.4,287,"$ 29.025,85"
H0629,Posadas,2025-02,5,85,0,N2,27.1,276,"$ 28.820,74"
H0629,Posadas,2025-03,5,85,0,N2,24.3,313,"$ 32.750,24"
H0629,Posadas,2025-04,5,85,0,N2,21.7,258,"$ 28.679,64"
H0629,Posadas,2025-05,5,85,0,N2,17.4,580,"$ 86.143,21"
H0629,Posadas,2025-06,5,85,0,N2,15.3,99999,"$ 147.783,98"
H0629,Posadas,2025-07,5,85,0,N2,14.1,823,"$ 144.188,16"
H0629,Posadas,2025-08,5,85,0,N2,17.0,574,"$ 91.408,15"
H0629,Posadas,2025-09,5,85,0,N2,19.1,531,"$ 83.712,81"
H0629,Posadas,2025-10,5,85,0,N2,22.3,350,"$ 42.744,21"
H0629,Posadas,2025-11,5,85,0,N2,23.7,324,"$ 41.065,37"
H0629,Posadas,2025-12,5,85,0,N2,26.5,354,"$ 45.907,94"
H0630,Posadas,2025-01,4,111,3,N3,27.4,1029,"$ 174.688,50"
H0630,Posadas,2025-02,4,111,3,N3,27.1,1220,"$ 216.350,85"
H0630,Posadas,2025-03,4,111,3,N3,24.3,594,"$ 96.469,44"
H0630,Posadas,2025-04,4,111,3,N3,21.7,261,"$ 37.870,26"
H0630,Posadas,2025-05,4,111,3,N3,17.4,466,"$ 74.437,83"
H0630,Posadas,2025-06,4,111,3,N3,15.3,608,"$ 106.904,50"
H0630,Posadas,2025-07,4,111,3,N3,14.1,824,"$ 157.296,18"
H0630,Posadas,2025-08,4,111,3,N3,17.0,579,"$ 105.749,65"
H0630,Posadas,2025-09,4,111,3,N3,19.1,291,"$ 47.024,63"
H0630,Posadas,2025-10,4,111,3,N3,22.3,348,"$ 56.336,71"
H0630,Posadas,2025-11,4,111,3,N3,23.7,375,"$ 64.134,16"
H0630,Posadas,2025-12,4,111,3,N3,26.5,863,"$ 187.714,33"
H0631,Posadas,2025-01,4,73,1,N2,27.4,429,"$ 49.276,00"
H0631,Posadas,2025-02,4,73,1,N2,27.1,359,"$ 36.839,53"
H0631,Posadas,2025-03,4,73,1,N2,24.3,348,"$ 35.785,76"
H0631,Posadas,2025-04,4,73,1,N2,21.7,200,"$ 23.523,60"
H0631,Posadas,2025-05,4,73,1,N2,17.4,442,"$ 57.125,08"
H0631,Posadas,2025-06,4,73,1,N2,15.3,546,"$ 80.968,66"
H0631,Posadas,2025-07,4,73,1,N2,14.1,1012,"$ 185.942,34"
H0631,Posadas,2025-08,4,73,1,N2,17.0,429,"$ 58.573,68"
H0631,Posadas,2025-09,4,73,1,N2,19.1,256,"$ 32.247,23"
H0631,Posadas,2025-10,4,73,1,N2,22.3,230,"$ 30.372,97"
H0631,Posadas,2025-11,4,73,1,N2,23.7,267,"$ 35.042,12"
H0631,Posadas,2025-12,4,73,1,N2,26.5,437,"$ 66.654,00"
H0632,Posadas,2025-01,5,154,3,N1,27.4,1674,"$ 324.231,00"
H0632,Posadas,2025-02,5,154,3,N1,27.1,1360,"$ 271.024,35"
H0632,Posadas,2025-03,5,154,3,N1,24.3,724,"$ 150.508,33"
H0632,Posadas,2025-04,5,154,3,N1,21.7,371,"$ 81.853,92"
H0632,Posadas,2025-05,5,154,3,N1,17.4,776,"$ 169.062,19"
H0632,Posadas,2025-06,5,154,3,N1,15.3,1210,"$ 266.830,18"
H0632,Posadas,2025-07,5,154,3,N1,14.1,1229,"$ 277.698,45"
H0632,Posadas,2025-08,5,154,3,N1,17.0,847,"$ 198.139,06"
H0632,Posadas,2025-09,5,154,3,N1,19.1,562,"$ 136.942,39"
H0632,Posadas,2025-10,5,154,3,N1,22.3,647,"$ 160.588,17"
H0632,Posadas,2025-11,5,154,3,N1,23.7,902,"$ 226.786,18"
H0632,Posadas,2025-12,5,154,3,N1,26.5,1309,"$ 334.186,50"
H0633,Posadas,2025-01,2,94,0,N3,27.4,163,"$ 23.964,90"
H0633,Posadas,2025-02,2,94,0,N3,27.1,129,"$ 20.580,67"
H0633,Posadas,2025-03,2,94,0,N3,24.3,112,"$ 19.053,71"
H0633,Posadas,2025-04,2,94,0,N3,21.7,119,"$ 20.391,68"
H0633,Posadas,2025-05,2,94,0,N3,17.4,282,"$ 41.466,50"
H0633,Posadas,2025-06,2,94,0,N3,15.3,330,"$ 48.710,52"
H0633,Posadas,2025-07,2,94,0,N3,14.1,368,"$ 56.555,93"
H0633,Posadas,2025-08,2,94,0,N3,17.0,257,"$ 41.258,21"
H0633,Posadas,2025-09,2,94,0,N3,19.1,169,"$ 30.034,48"
H0633,Posadas,2025-10,2,94,0,N3,22.3,108,"$ 22.077,90"
H0633,Posadas,2025-11,2,94,0,N3,23.7,143,"$ 27.750,82"
H0633,Posadas,2025-12,2,94,0,N3,26.5,126,"$ 25.895,08"
H0634,Posadas,2025-01,2,84,3,N3,27.4,943,"$ 158.305,50"
H0634,Posadas,2025-02,2,84,3,N3,27.1,872,"$ 148.399,50"
H0634,Posadas,2025-03,2,84,3,N3,24.3,590,"$ 95.668,86"
H0634,Posadas,2025-04,2,84,3,N3,21.7,179,"$ 27.776,99"
H0634,Posadas,2025-05,2,84,3,N3,17.4,310,"$ 44.999,14"
H0634,Posadas,2025-06,2,84,3,N3,15.3,564,"$ 97.421,04"
H0634,Posadas,2025-07,2,84,3,N3,14.1,571,"$ 101.403,01"
H0634,Posadas,2025-08,2,84,3,N3,17.0,249,"$ 40.171,28"
H0634,Posadas,2025-09,2,84,3,N3,19.1,209,"$ 35.605,02"
H0634,Posadas,2025-10,2,84,3,N3,22.3,247,"$ 41.919,46"
H0634,Posadas,2025-11,2,84,3,N3,23.7,429,"$ 77.302,39"
H0634,Posadas,2025-12,2,84,3,N3,26.5,854,"$ 185.464,76"
H0635,Posadas,2025-01,4,95,3,N1,27.4,1234,"$ 240.411,00"
H0635,Posadas,2025-02,4,95,3,N1,27.1,1078,"$ 215.960,33"
H0635,Posadas,2025-03,4,95,3,N1,24.3,800,"$ 165.719,28"
H0635,Posadas,2025-04,4,95,3,N1,21.7,268,"$ 60.723,71"
H0635,Posadas,2025-05,4,95,3,N1,17.4,640,"$ 140.464,61"
H0635,Posadas,2025-06,4,95,3,N1,15.3,814,"$ 181.479,01"
H0635,Posadas,2025-07,4,95,3,N1,14.1,716,"$ 164.365,67"
H0635,Posadas,2025-08,4,95,3,N1,17.0,573,"$ 136.093,23"
H0635,Posadas,2025-09,4,95,3,N1,19.1,320,"$ 80.772,80"
H0635,Posadas,2025-10,4,95,3,N1,22.3,336,"$ 86.598,66"
H0635,Posadas,2025-11,4,95,3,N1,23.7,561,"$ 143.631,25"
H0635,Posadas,2025-12,4,95,3,N1,26.5,1097,"$ 281.196,57"
H0636,Posadas,2025-01,3,65,2,N2,27.4,869,"$ 133.096,00"
H0636,Posadas,2025-02,3,65,2,N2,27.1,704,"$ 104.205,09"
H0636,Posadas,2025-03,3,65,2,N2,24.3,476,"$ 61.177,37"
H0636,Posadas,2025-04,3,65,2,N2,21.7,223,"$ 25.568,24"
H0636,Posadas,2025-05,3,65,2,N2,17.4,446,"$ 57.966,18"
H0636,Posadas,2025-06,3,65,2,N2,15.3,691,"$ 112.220,99"
H0636,Posadas,2025-07,3,65,2,N2,14.1,791,"$ 137.118,67"
H0636,Posadas,2025-08,3,65,2,N2,17.0,448,"$ 62.876,13"
H0636,Posadas,2025-09,3,65,2,N2,19.1,294,"$ 36.069,23"
H0636,Posadas,2025-10,3,65,2,N2,22.3,272,"$ 34.702,90"
H0636,Posadas,2025-11,3,65,2,N2,23.7,451,"$ 68.442,28"
H0636,Posadas,2025-12,3,65,2,N2,26.5,948,"$ 194.379,73"
H0637,Posadas,2025-01,1,70,0,N3,27.4,123,"$ 19.392,90"
H0637,Posadas,2025-02,1,70,0,N3,27.1,173,"$ 25.735,60"
H0637,Posadas,2025-03,1,70,0,N3,24.3,140,"$ 22.416,14"
H0637,Posadas,2025-04,1,70,0,N3,21.7,135,"$ 22.361,10"
H0637,Posadas,2025-05,1,70,0,N3,17.4,219,"$ 33.518,05"
H0637,Posadas,2025-06,1,70,0,N3,15.3,363,"$ 54.098,85"
H0637,Posadas,2025-07,1,70,0,N3,14.1,394,"$ 62.299,89"
H0637,Posadas,2025-08,1,70,0,N3,17.0,278,"$ 44.111,42"
H0637,Posadas,2025-09,1,70,0,N3,19.1,188,"$ 32.680,49"
H0637,Posadas,2025-10,1,70,0,N3,22.3,145,"$ 27.359,47"
H0637,Posadas,2025-11,1,70,0,N3,23.7,159,"$ 30.091,84"
H0637,Posadas,2025-12,1,70,0,N3,26.5,125,"$ 25.745,11"
H0638,Posadas,2025-01,3,92,1,N2,27.4,518,"$ 66.230,50"
H0638,Posadas,2025-02,3,92,1,N2,27.1,420,"$ 48.750,54"
H0638,Posadas,2025-03,3,92,1,N2,24.3,292,"$ 30.928,93"
H0638,Posadas,2025-04,3,92,1,N2,21.7,203,"$ 23.790,29"
H0638,Posadas,2025-05,3,92,1,N2,17.4,420,"$ 52.499,00"
H0638,Posadas,2025-06,3,92,1,N2,15.3,s/l,"$ 108.556,92"
H0638,Posadas,2025-07,3,92,1,N2,14.1,470,"$ 66.202,84"
H0638,Posadas,2025-08,3,92,1,N2,17.0,358,"$ 42.496,11"
H0638,Posadas,2025-09,3,92,1,N2,19.1,304,"$ 37.075,03"
H0638,Posadas,2025-10,3,92,1,N2,22.3,230,"$ 30.372,97"
H0638,Posadas,2025-11,3,92,1,N2,23.7,338,"$ 42.544,76"
H0638,Posadas,2025-12,3,92,1,N2,26.5,415,"$ 61.155,05"
H0639,Posadas,2025-01,5,98,1,N2,27.4,690,"$ 98.996,50"
H0639,Posadas,2025-02,5,98,1,N2,27.1,714,"$ 106.157,71"
H0639,Posadas,2025-03,5,98,1,N2,24.3,337,"$ 34.831,74"
H0639,Posadas,2025-04,5,98,1,N2,21.7,248,"$ 27.790,67"
H0639,Posadas,2025-05,5,98,1,N2,17.4,506,"$ 70.582,76"
H0639,Posadas,2025-06,5,98,1,N2,15.3,828,"$ 141.749,04"
H0639,Posadas,2025-07,5,98,1,N2,14.1,922,"$ 166.059,40"
H0639,Posadas,2025-08,5,98,1,N2,17.0,661,"$ 111.108,83"
H0639,Posadas,2025-09,5,98,1,N2,19.1,363,"$ 44.719,04"
H0639,Posadas,2025-10,5,98,1,N2,22.3,318,"$ 39.445,21"
H0639,Posadas,2025-11,5,98,1,N2,23.7,415,"$ 59.663,46"
H0639,Posadas,2025-12,5,98,1,N2,26.5,569,"$ 99.647,73"
H0640,Posadas,2025-01,2,72,1,N3,27.4,401,"$ 55.054,50"
H0640,Posadas,2025-02,2,72,1,N3,27.1,392,"$ 54.673,50"
H0640,Posadas,2025-03,2,72,1,N3,24.3,288,"$ 40.188,93"
H0640,Posadas,2025-04,2,72,1,N3,21.7,138,"$ 22.730,36"
H0640,Posadas,2025-05,2,72,1,N3,17.4,344,"$ 49.288,78"
H0640,Posadas,2025-06,2,72,1,N3,15.3,456,"$ 74.143,44"
H0640,Posadas,2025-07,2,72,1,N3,14.1,429,"$ 70.032,15"
H0640,Posadas,2025-08,2,72,1,N3,17.0,284,"$ 44.926,62"
H0640,Posadas,2025-09,2,72,1,N3,19.1,253,"$ 41.732,61"
H0640,Posadas,2025-10,2,72,1,N3,22.3,152,"$ 28.358,68"
H0640,Posadas,2025-11,2,72,1,N3,23.7,262,"$ 45.162,15"
H0640,Posadas,2025-12,2,72,1,N3,26.5,415,"$ 75.735,61"
H0641,Formosa,2025-01,2,92,2,N1,28.3,986,"$ 193.167,00"
H0641,Formosa,2025-02,2,92,2,N1,27.6,1028,"$ 206.197,20"
H0641,Formosa,2025-03,2,92,2,N1,26.2,546,"$ 114.882,69"
H0641,Formosa,2025-04,2,92,2,N1,23.0,308,"$ 68.929,62"
H0641,Formosa,2025-05,2,92,2,N1,19.4,191,"$ 46.050,52"
H0641,Formosa,2025-06,2,92,2,N1,16.3,443,"$ 101.516,17"
H0641,Formosa,2025-07,2,92,2,N1,15.7,427,"$ 100.519,33"
H0641,Formosa,2025-08,2,92,2,N1,18.5,235,"$ 59.554,94"
H0641,Formosa,2025-09,2,92,2,N1,20.4,159,"$ 43.403,78"
H0641,Formosa,2025-10,2,92,2,N1,23.5,"0,425","$ 107.772,50"
H0641,Formosa,2025-11,2,92,2,N1,26.4,"0,731","$ 185.086,78"
H0641,Formosa,2025-12,2,92,2,N1,27.3,"0,893","$ 230.206,26"
H0642,Formosa,2025-01,4,78,1,N3,28.3,519,"$ 77.533,50"
H0642,Formosa,2025-02,4,78,1,N3,27.6,366,"$ 49.596,68"
H0642,Formosa,2025-03,4,78,1,N3,26.2,335,"$ 45.832,99"
H0642,Formosa,2025-04,4,78,1,N3,23.0,231,"$ 34.177,60"
H0642,Formosa,2025-05,4,78,1,N3,19.4,192,"$ 30.111,57"
H0642,Formosa,2025-06,4,78,1,N3,16.3,368,"$ 55.176,52"
H0642,Formosa,2025-07,4,78,1,N3,15.7,385,"$ 60.311,60"
H0642,Formosa,2025-08,4,78,1,N3,18.5,230,"$ 37.589,81"
H0642,Formosa,2025-09,4,78,1,N3,20.4,160,"$ 28.781,11"
H0642,Formosa,2025-10,4,78,1,N3,23.5,"0,210","$ 36.637,89"
H0642,Formosa,2025-11,4,78,1,N3,26.4,"0,270","$ 46.332,66"
H0642,Formosa,2025-12,4,78,1,N3,27.3,"0,556","$ 110.978,91"
H0643,Formosa,2025-01,6,109,1,N2,28.3,661,"$ 93.472,00"
H0643,Formosa,2025-02,6,109,1,N2,27.6,649,"$ 93.465,65"
H0643,Formosa,2025-03,6,109,1,N2,26.2,660,"$ 98.003,88"
H0643,Formosa,2025-04,6,109,1,N2,23.0,s/l,"$ 39.935,41"
H0643,Formosa,2025-05,6,109,1,N2,19.4,99999,"$ 43.036,56"
H0643,Formosa,2025-06,6,109,1,N2,16.3,1022,"$ 183.562,50"
H0643,Formosa,2025-07,6,109,1,N2,15.7,960,"$ 174.454,42"
H0643,Formosa,2025-08,6,109,1,N2,18.5,642,"$ 106.806,39"
H0643,Formosa,2025-09,6,109,1,N2,20.4,349,"$ 41.601,09"
H0643,Formosa,2025-10,6,109,1,N2,23.5,"0,394","$ 53.212,18"
H0643,Formosa,2025-11,6,109,1,N2,26.4,"0,548","$ 92.096,32"
H0643,Formosa,2025-12,6,109,1,N2,27.3,"0,519","$ 87.150,11"
H0644,Formosa,2025-01,6,110,1,N2,28.3,542,"$ 70.802,50"
H0644,Formosa,2025-02,6,110,1,N2,27.6,669,"$ 97.370,90"
H0644,Formosa,2025-03,6,110,1,N2,26.2,470,"$ 59.976,50"
H0644,Formosa,2025-04,6,110,1,N2,23.0,388,"$ 44.653,81"
H0644,Formosa,2025-05,6,110,1,N2,19.4,375,"$ 43.036,56"
H0644,Formosa,2025-06,6,110,1,N2,16.3,620,"$ 96.918,12"
H0644,Formosa,2025-07,6,110,1,N2,15.7,818,"$ 143.083,55"
H0644,Formosa,2025-08,6,110,1,N2,18.5,431,"$ 59.026,57"
H0644,Formosa,2025-09,6,110,1,N2,20.4,329,"$ 39.589,50"
H0644,Formosa,2025-10,6,110,1,N2,23.5,"0,354","$ 43.695,84"
H0644,Formosa,2025-11,6,110,1,N2,26.4,"0,513","$ 83.561,36"
H0644,Formosa,2025-12,6,110,1,N2,27.3,"0,557","$ 96.648,30"
H0645,Formosa,2025-01,2,52,1,N2,28.3,398,"$ 43.370,50"
H0645,Formosa,2025-02,2,52,1,N2,27.6,342,"$ 34.405,25"
H0645,Formosa,2025-03,2,52,1,N2,26.2,330,"$ 34.224,63"
H0645,Formosa,2025-04,2,52,1,N2,23.0,190,"$ 22.634,63"
H0645,Formosa,2025-05,2,52,1,N2,19.4,150,"$ 19.555,70"
H0645,Formosa,2025-06,2,52,1,N2,16.3,281,"$ 32.279,70"
H0645,Formosa,2025-07,2,52,1,N2,15.7,278,"$ 32.799,49"
H0645,Formosa,2025-08,2,52,1,N2,18.5,153,"$ 21.353,73"
H0645,Formosa,2025-09,2,52,1,N2,20.4,119,"$ 18.467,88"
H0645,Formosa,2025-10,2,52,1,N2,23.5,"0,188","$ 26.043,04"
H0645,Formosa,2025-11,2,52,1,N2,26.4,"0,287","$ 37.155,54"
H0645,Formosa,2025-12,2,52,1,N2,27.3,"0,340","$ 43.825,01"
H0646,Formosa,2025-01,5,114,2,N1,28.3,964,"$ 188.976,00"
H0646,Formosa,2025-02,5,114,2,N1,27.6,977,"$ 196.238,81"
H0646,Formosa,2025-03,5,114,2,N1,26.2,767,"$ 159.114,53"
H0646,Formosa,2025-04,5,114,2,N1,23.0,414,"$ 90.675,27"
H0646,Formosa,2025-05,5,114,2,N1,19.4,285,"$ 65.816,50"
H0646,Formosa,2025-06,5,114,2,N1,16.3,668,"$ 150.011,15"
H0646,Formosa,2025-07,5,114,2,N1,15.7,632,"$ 145.808,25"
H0646,Formosa,2025-08,5,114,2,N1,18.5,443,"$ 106.655,42"
H0646,Formosa,2025-09,5,114,2,N1,20.4,257,"$ 66.150,14"
H0646,Formosa,2025-10,5,114,2,N1,23.5,"0,444","$ 112.292,76"
H0646,Formosa,2025-11,5,114,2,N1,26.4,"0,746","$ 188.744,63"
H0646,Formosa,2025-12,5,114,2,N1,27.3,"0,667","$ 173.716,99"
H0647,Formosa,2025-01,2,86,3,N1,28.3,1519,"$ 294.703,50"
H0647,Formosa,2025-02,2,86,3,N1,27.6,1077,"$ 215.765,06"
H0647,Formosa,2025-03,2,86,3,N1,26.2,906,"$ 186.934,55"
H0647,Formosa,2025-04,2,86,3,N1,23.0,319,"$ 71.186,24"
H0647,Formosa,2025-05,2,86,3,N1,19.4,203,"$ 48.573,84"
H0647,Formosa,2025-06,2,86,3,N1,16.3,395,"$ 91.170,57"
H0647,Formosa,2025-07,2,86,3,N1,15.7,436,"$ 102.507,62"
H0647,Formosa,2025-08,2,86,3,N1,18.5,324,"$ 79.708,51"
H0647,Formosa,2025-09,2,86,3,N1,20.4,198,"$ 52.455,90"
H0647,Formosa,2025-10,2,86,3,N1,23.5,"0,471","$ 118.716,29"
H0647,Formosa,2025-11,2,86,3,N1,26.4,"0,859","$ 216.300,37"
H0647,Formosa,2025-12,2,86,3,N1,27.3,"0,896","$ 230.956,12"
H0648,Formosa,2025-01,3,120,3,N1,28.3,1425,"$ 276.796,50"
H0648,Formosa,2025-02,3,120,3,N1,27.6,1132,"$ 226.504,50"
H0648,Formosa,2025-03,3,120,3,N1,26.2,840,"$ 173.725,05"
H0648,Formosa,2025-04,3,120,3,N1,23.0,487,"$ 105.651,05"
H0648,Formosa,2025-05,3,120,3,N1,19.4,231,"$ 54.461,58"
H0648,Formosa,2025-06,3,120,3,N1,16.3,562,"$ 127.164,63"
H0648,Formosa,2025-07,3,120,3,N1,15.7,611,"$ 141.168,90"
H0648,Formosa,2025-08,3,120,3,N1,18.5,363,"$ 88.539,85"
H0648,Formosa,2025-09,3,120,3,N1,20.4,249,"$ 64.293,29"
H0648,Formosa,2025-10,3,120,3,N1,23.5,"0,506","$ 127.043,08"
H0648,Formosa,2025-11,3,120,3,N1,26.4,"1,067","$ 267.022,44"
H0648,Formosa,2025-12,3,120,3,N1,27.3,"0,965","$ 248.202,84"
H0649,Formosa,2025-01,6,133,4,N1,28.3,1430,"$ 277.749,00"
H0649,Formosa,2025-02,6,133,4,N1,27.6,1064,"$ 213.226,65"
H0649,Formosa,2025-03,6,133,4,N1,26.2,1246,"$ 254.983,54"
H0649,Formosa,2025-04,6,133,4,N1,23.0,503,"$ 108.933,41"
H0649,Formosa,2025-05,6,133,4,N1,19.4,391,"$ 88.105,79"
H0649,Formosa,2025-06,6,133,4,N1,16.3,773,"$ 172.642,14"
H0649,Formosa,2025-07,6,133,4,N1,15.7,1036,"$ 235.060,58"
H0649,Formosa,2025-08,6,133,4,N1,18.5,449,"$ 108.014,09"
H0649,Formosa,2025-09,6,133,4,N1,20.4,304,"$ 77.059,11"
H0649,Formosa,2025-10,6,133,4,N1,23.5,"0,689","$ 170.580,32"
H0649,Formosa,2025-11,6,133,4,N1,26.4,"1,172","$ 292.627,33"
H0649,Formosa,2025-12,6,133,4,N1,27.3,"1,604","$ 407.922,49"
H0650,Formosa,2025-01,1,91,2,N3,28.3,882,"$ 146.685,00"
H0650,Formosa,2025-02,1,91,2,N3,27.6,735,"$ 121.648,54"
H0650,Formosa,2025-03,1,91,2,N3,26.2,651,"$ 107.877,65"
H0650,Formosa,2025-04,1,91,2,N3,23.0,242,"$ 35.531,58"
H0650,Formosa,2025-05,1,91,2,N3,19.4,175,"$ 27.966,76"
H0650,Formosa,2025-06,1,91,2,N3,16.3,352,"$ 51.727,98"
H0650,Formosa,2025-07,1,91,2,N3,15.7,289,"$ 44.493,61"
H0650,Formosa,2025-08,1,91,2,N3,18.5,205,"$ 34.193,14"
H0650,Formosa,2025-09,1,91,2,N3,20.4,170,"$ 30.173,75"
H0650,Formosa,2025-10,1,91,2,N3,23.5,"0,341","$ 55.337,49"
H0650,Formosa,2025-11,1,91,2,N3,26.4,"0,671","$ 136.315,56"
H0650,Formosa,2025-12,1,91,2,N3,27.3,"0,820","$ 176.966,38"
H0651,Formosa,2025-01,3,53,1,N3,28.3,615,"$ 95.821,50"
H0651,Formosa,2025-02,3,53,1,N3,27.6,478,"$ 71.466,07"
H0651,Formosa,2025-03,3,53,1,N3,26.2,537,"$ 85.061,23"
H0651,Formosa,2025-04,3,53,1,N3,23.0,267,"$ 38.608,79"
H0651,Formosa,2025-05,3,53,1,N3,19.4,295,"$ 43.106,65"
H0651,Formosa,2025-06,3,53,1,N3,16.3,403,"$ 62.720,18"
H0651,Formosa,2025-07,3,53,1,N3,15.7,435,"$ 71.357,68"
H0651,Formosa,2025-08,3,53,1,N3,18.5,299,"$ 46.964,62"
H0651,Formosa,2025-09,3,53,1,N3,20.4,178,"$ 31.287,86"
H0651,Formosa,2025-10,3,53,1,N3,23.5,"0,300","$ 49.484,95"
H0651,Formosa,2025-11,3,53,1,N3,26.4,"0,472","$ 87.788,20"
H0651,Formosa,2025-12,3,53,1,N3,27.3,"0,453","$ 85.233,81"
H0652,Formosa,2025-01,2,65,2,N3,28.3,595,"$ 92.011,50"
H0652,Formosa,2025-02,2,65,2,N3,27.6,762,"$ 126.920,62"
H0652,Formosa,2025-03,2,65,2,N3,26.2,99999,"$ 94.067,71"
H0652,Formosa,2025-04,2,65,2,N3,23.0,269,"$ 38.854,97"
H0652,Formosa,2025-05,2,65,2,N3,19.4,131,"$ 22.415,46"
H0652,Formosa,2025-06,2,65,2,N3,16.3,99999,"$ 37.847,64"
H0652,Formosa,2025-07,2,65,2,N3,15.7,345,"$ 51.916,58"
H0652,Formosa,2025-08,2,65,2,N3,18.5,175,"$ 30.117,14"
H0652,Formosa,2025-09,2,65,2,N3,20.4,132,"$ 24.881,74"
H0652,Formosa,2025-10,2,65,2,N3,23.5,"0,248","$ 42.062,20"
H0652,Formosa,2025-11,2,65,2,N3,26.4,"0,604","$ 119.977,20"
H0652,Formosa,2025-12,2,65,2,N3,27.3,"0,553","$ 110.229,06"
H0653,Formosa,2025-01,2,150,2,N1,28.3,985,"$ 192.976,50"
H0653,Formosa,2025-02,2,150,2,N1,27.6,857,"$ 172.807,31"
H0653,Formosa,2025-03,2,150,2,N1,26.2,546,"$ 114.882,69"
H0653,Formosa,2025-04,2,150,2,N1,23.0,452,"$ 98.470,88"
H0653,Formosa,2025-05,2,150,2,N1,19.4,220,"$ 52.148,54"
H0653,Formosa,2025-06,2,150,2,N1,16.3,476,"$ 108.628,77"
H0653,Formosa,2025-07,2,150,2,N1,15.7,493,"$ 115.100,15"
H0653,Formosa,2025-08,2,150,2,N1,18.5,315,"$ 77.670,51"
H0653,Formosa,2025-09,2,150,2,N1,20.4,201,"$ 53.152,22"
H0653,Formosa,2025-10,2,150,2,N1,23.5,"0,387","$ 98.731,98"
H0653,Formosa,2025-11,2,150,2,N1,26.4,"0,840","$ 211.667,10"
H0653,Formosa,2025-12,2,150,2,N1,27.3,"0,848","$ 218.958,40"
H0654,Formosa,2025-01,3,147,4,N1,28.3,1917,"$ 370.522,50"
H0654,Formosa,2025-02,3,147,4,N1,27.6,1405,"$ 279.811,16"
H0654,Formosa,2025-03,3,147,4,N1,26.2,1176,"$ 240.973,45"
H0654,Formosa,2025-04,3,147,4,N1,23.0,590,"$ 126.781,26"
H0654,Formosa,2025-05,3,147,4,N1,19.4,329,"$ 75.068,66"
H0654,Formosa,2025-06,3,147,4,N1,16.3,504,"$ 114.663,70"
H0654,Formosa,2025-07,3,147,4,N1,15.7,460,"$ 107.809,74"
H0654,Formosa,2025-08,3,147,4,N1,18.5,294,"$ 72.915,17"
H0654,Formosa,2025-09,3,147,4,N1,20.4,204,"$ 53.848,53"
H0654,Formosa,2025-10,3,147,4,N1,23.5,"0,677","$ 167.725,42"
H0654,Formosa,2025-11,3,147,4,N1,26.4,"0,986","$ 247.270,09"
H0654,Formosa,2025-12,3,147,4,N1,27.3,"1,375","$ 350.683,37"
H0655,Formosa,2025-01,2,147,4,N1,28.3,1674,"$ 324.231,00"
H0655,Formosa,2025-02,2,147,4,N1,27.6,1390,"$ 276.882,22"
H0655,Formosa,2025-03,2,147,4,N1,26.2,1314,"$ 268.593,33"
H0655,Formosa,2025-04,2,147,4,N1,23.0,474,"$ 102.984,13"
H0655,Formosa,2025-05,2,147,4,N1,19.4,230,"$ 54.251,30"
H0655,Formosa,2025-06,2,147,4,N1,16.3,477,"$ 108.844,30"
H0655,Formosa,2025-07,2,147,4,N1,15.7,508,"$ 118.413,98"
H0655,Formosa,2025-08,2,147,4,N1,18.5,302,"$ 74.726,73"
H0655,Formosa,2025-09,2,147,4,N1,20.4,216,"$ 56.633,80"
H0655,Formosa,2025-10,2,147,4,N1,23.5,"0,555","$ 138.700,59"
H0655,Formosa,2025-11,2,147,4,N1,26.4,"1,087","$ 271.899,56"
H0655,Formosa,2025-12,2,147,4,N1,27.3,"1,565","$ 398.174,35"
H0656,Formosa,2025-01,5,135,1,N2,28.3,663,"$ 93.853,00"
H0656,Formosa,2025-02,5,135,1,N2,27.6,718,"$ 106.938,76"
H0656,Formosa,2025-03,5,135,1,N2,26.2,561,"$ 78.189,61"
H0656,Formosa,2025-04,5,135,1,N2,23.0,412,"$ 49.577,35"
H0656,Formosa,2025-05,5,135,1,N2,19.4,348,"$ 37.597,41"
H0656,Formosa,2025-06,5,135,1,N2,16.3,541,"$ 79.891,00"
H0656,Formosa,2025-07,5,135,1,N2,15.7,764,"$ 131.153,79"
H0656,Formosa,2025-08,5,135,1,N2,18.5,473,"$ 68.537,24"
H0656,Formosa,2025-09,5,135,1,N2,20.4,231,"$ 29.732,75"
H0656,Formosa,2025-10,5,135,1,N2,23.5,"0,363","$ 45.837,02"
H0656,Formosa,2025-11,5,135,1,N2,26.4,"0,623","$ 110.385,53"
H0656,Formosa,2025-12,5,135,1,N2,27.3,"0,693","$ 130.641,84"
H0657,Formosa,2025-01,3,65,2,N2,28.3,1091,"$ 175.387,00"
H0657,Formosa,2025-02,3,65,2,N2,27.6,906,"$ 143.648,11"
H0657,Formosa,2025-03,3,65,2,N2,26.2,727,"$ 111.413,53"
H0657,Formosa,2025-04,3,65,2,N2,23.0,s/l,"$ 36.324,81"
H0657,Formosa,2025-05,3,65,2,N2,19.4,228,"$ 26.663,04"
H0657,Formosa,2025-06,3,65,2,N2,16.3,519,"$ 75.149,26"
H0657,Formosa,2025-07,3,65,2,N2,15.7,589,"$ 92.492,51"
H0657,Formosa,2025-08,3,65,2,N2,18.5,313,"$ 37.053,89"
H0657,Formosa,2025-09,3,65,2,N2,20.4,201,"$ 26.715,37"
H0657,Formosa,2025-10,3,65,2,N2,23.5,"0,410","$ 57.018,71"
H0657,Formosa,2025-11,3,65,2,N2,26.4,"0,717","$ 133.308,00"
H0657,Formosa,2025-12,3,65,2,N2,27.3,"0,909","$ 184.631,59"
H0658,Formosa,2025-01,2,120,0,N1,28.3,209,"$ 45.148,50"
H0658,Formosa,2025-02,2,120,0,N1,27.6,183,"$ 41.200,39"
H0658,Formosa,2025-03,2,120,0,N1,26.2,198,"$ 45.232,56"
H0658,Formosa,2025-04,2,120,0,N1,23.0,201,"$ 46.978,82"
H0658,Formosa,2025-05,2,120,0,N1,19.4,271,"$ 62.872,63"
H0658,Formosa,2025-06,2,120,0,N1,16.3,394,"$ 90.955,04"
H0658,Formosa,2025-07,2,120,0,N1,15.7,539,"$ 125.262,55"
H0658,Formosa,2025-08,2,120,0,N1,18.5,304,"$ 75.179,62"
H0658,Formosa,2025-09,2,120,0,N1,20.4,248,"$ 64.061,19"
H0658,Formosa,2025-10,2,120,0,N1,23.5,"0,241","$ 63.997,36"
H0658,Formosa,2025-11,2,120,0,N1,26.4,"0,222","$ 60.964,03"
H0658,Formosa,2025-12,2,120,0,N1,27.3,"0,217","$ 61.238,36"
H0659,Formosa,2025-01,4,66,1,N2,28.3,368,"$ 37.655,50"
H0659,Formosa,2025-02,4,66,1,N2,27.6,499,"$ 64.176,28"
H0659,Formosa,2025-03,4,66,1,N2,26.2,376,"$ 41.162,96"
H0659,Formosa,2025-04,4,66,1,N2,23.0,178,"$ 21.567,86"
H0659,Formosa,2025-05,4,66,1,N2,19.4,203,"$ 24.385,05"
H0659,Formosa,2025-06,4,66,1,N2,16.3,352,"$ 39.155,21"
H0659,Formosa,2025-07,4,66,1,N2,15.7,511,"$ 75.260,62"
H0659,Formosa,2025-08,4,66,1,N2,18.5,200,"$ 25.965,65"
H0659,Formosa,2025-09,4,66,1,N2,20.4,148,"$ 21.384,68"
H0659,Formosa,2025-10,4,66,1,N2,23.5,"0,208","$ 28.104,91"
H0659,Formosa,2025-11,4,66,1,N2,26.4,"0,359","$ 46.007,52"
H0659,Formosa,2025-12,4,66,1,N2,27.3,"0,330","$ 42.741,88"
H0660,Formosa,2025-01,3,93,2,N3,28.3,844,"$ 139.446,00"
H0660,Formosa,2025-02,3,93,2,N3,27.6,617,"$ 98.607,56"
H0660,Formosa,2025-03,3,93,2,N3,26.2,570,"$ 91.665,98"
H0660,Formosa,2025-04,3,93,2,N3,23.0,338,"$ 47.348,08"
H0660,Formosa,2025-05,3,93,2,N3,19.4,225,"$ 34.275,05"
H0660,Formosa,2025-06,3,93,2,N3,16.3,499,"$ 83.411,37"
H0660,Formosa,2025-07,3,93,2,N3,15.7,488,"$ 83.066,52"
H0660,Formosa,2025-08,3,93,2,N3,18.5,260,"$ 41.665,81"
H0660,Formosa,2025-09,3,93,2,N3,20.4,169,"$ 30.034,48"
H0660,Formosa,2025-10,3,93,2,N3,23.5,"0,395","$ 67.328,08"
H0660,Formosa,2025-11,3,93,2,N3,26.4,"0,631","$ 126.561,32"
H0660,Formosa,2025-12,3,93,2,N3,27.3,"0,607","$ 123.726,49"
H0661,Formosa,2025-01,1,157,2,N1,28.3,801,"$ 157.924,50"
H0661,Formosa,2025-02,1,157,2,N1,27.6,990,"$ 198.777,23"
H0661,Formosa,2025-03,1,157,2,N1,26.2,513,"$ 108.277,94"
H0661,Formosa,2025-04,1,157,2,N1,23.0,278,"$ 62.775,19"
H0661,Formosa,2025-05,1,157,2,N1,19.4,241,"$ 56.564,34"
H0661,Formosa,2025-06,1,157,2,N1,16.3,342,"$ 79.747,31"
H0661,Formosa,2025-07,1,157,2,N1,15.7,368,"$ 87.484,95"
H0661,Formosa,2025-08,1,157,2,N1,18.5,268,"$ 67.027,61"
H0661,Formosa,2025-09,1,157,2,N1,20.4,151,"$ 41.546,93"
H0661,Formosa,2025-10,1,157,2,N1,23.5,"0,452","$ 114.196,03"
H0661,Formosa,2025-11,1,157,2,N1,26.4,"0,602","$ 153.629,35"
H0661,Formosa,2025-12,1,157,2,N1,27.3,"0,713","$ 185.214,81"
H0662,Formosa,2025-01,2,71,1,N3,28.3,561,"$ 85.534,50"
H0662,Formosa,2025-02,2,71,1,N3,27.6,498,"$ 75.371,32"
H0662,Formosa,2025-03,2,71,1,N3,26.2,589,"$ 95.468,72"
H0662,Formosa,2025-04,2,71,1,N3,23.0,323,"$ 45.501,75"
H0662,Formosa,2025-05,2,71,1,N3,19.4,206,"$ 31.877,90"
H0662,Formosa,2025-06,2,71,1,N3,16.3,549,"$ 94.188,04"
H0662,Formosa,2025-07,2,71,1,N3,15.7,705,"$ 131.006,51"
H0662,Formosa,2025-08,2,71,1,N3,18.5,302,"$ 47.372,22"
H0662,Formosa,2025-09,2,71,1,N3,20.4,146,"$ 26.831,42"
H0662,Formosa,2025-10,2,71,1,N3,23.5,"0,303","$ 49.913,18"
H0662,Formosa,2025-11,2,71,1,N3,26.4,"0,428","$ 77.058,53"
H0662,Formosa,2025-12,2,71,1,N3,27.3,"0,464","$ 87.983,28"
H0663,Formosa,2025-01,4,58,1,N2,28.3,408,"$ 45.275,50"
H0663,Formosa,2025-02,4,58,1,N2,27.6,364,"$ 37.815,84"
H0663,Formosa,2025-03,4,58,1,N2,26.2,259,"$ 28.066,87"
H0663,Formosa,2025-04,4,58,1,N2,23.0,183,"$ 22.012,34"
H0663,Formosa,2025-05,4,58,1,N2,19.4,157,"$ 20.193,54"
H0663,Formosa,2025-06,4,58,1,N2,16.3,397,"$ 48.854,21"
H0663,Formosa,2025-07,4,58,1,N2,15.7,403,"$ 51.401,09"
H0663,Formosa,2025-08,4,58,1,N2,18.5,279,"$ 33.717,61"
H0663,Formosa,2025-09,4,58,1,N2,20.4,146,"$ 21.183,52"
H0663,Formosa,2025-10,4,58,1,N2,23.5,"0,232","$ 30.579,16"
H0663,Formosa,2025-11,4,58,1,N2,26.4,"0,300","$ 38.529,26"
H0663,Formosa,2025-12,4,58,1,N2,27.3,"0,395","$ 56.156,00"
H0664,Formosa,2025-01,2,83,2,N3,28.3,1146,"$ 196.977,00"
H0664,Formosa,2025-02,2,83,2,N3,27.6,999,"$ 173.197,84"
H0664,Formosa,2025-03,2,83,2,N3,26.2,815,"$ 140.701,28"
H0664,Formosa,2025-04,2,83,2,N3,23.0,324,"$ 45.624,84"
H0664,Formosa,2025-05,2,83,2,N3,19.4,212,"$ 32.634,89"
H0664,Formosa,2025-06,2,83,2,N3,16.3,477,"$ 78.669,64"
H0664,Formosa,2025-07,2,83,2,N3,15.7,414,"$ 66.718,32"
H0664,Formosa,2025-08,2,83,2,N3,18.5,s/l,"$ 40.035,41"
H0664,Formosa,2025-09,2,83,2,N3,20.4,151,"$ 27.527,74"
H0664,Formosa,2025-10,2,83,2,N3,23.5,"0,459","$ 82.554,21"
H0664,Formosa,2025-11,2,83,2,N3,26.4,"0,978","$ 211.179,39"
H0664,Formosa,2025-12,2,83,2,N3,27.3,"0,769","$ 164.218,80"
H0665,Formosa,2025-01,3,141,4,N1,28.3,1975,"$ 381.571,50"
H0665,Formosa,2025-02,3,141,4,N1,27.6,1968,"$ 389.743,95"
H0665,Formosa,2025-03,3,141,4,N1,26.2,1481,"$ 302.017,39"
H0665,Formosa,2025-04,3,141,4,N1,23.0,626,"$ 134.166,57"
H0665,Formosa,2025-05,3,141,4,N1,19.4,365,"$ 82.638,61"
H0665,Formosa,2025-06,3,141,4,N1,16.3,666,"$ 149.580,09"
H0665,Formosa,2025-07,3,141,4,N1,15.7,683,"$ 157.075,25"
H0665,Formosa,2025-08,3,141,4,N1,18.5,359,"$ 87.634,07"
H0665,Formosa,2025-09,3,141,4,N1,20.4,254,"$ 65.453,82"
H0665,Formosa,2025-10,3,141,4,N1,23.5,"0,639","$ 158.684,90"
H0665,Formosa,2025-11,3,141,4,N1,26.4,"1,461","$ 363.101,74"
H0665,Formosa,2025-12,3,141,4,N1,27.3,"1,685","$ 428.168,65"
H0666,Formosa,2025-01,2,86,2,N3,28.3,870,"$ 144.399,00"
H0666,Formosa,2025-02,2,86,2,N3,27.6,559,"$ 87.282,34"
H0666,Formosa,2025-03,2,86,2,N3,26.2,590,"$ 95.668,86"
H0666,Formosa,2025-04,2,86,2,N3,23.0,333,"$ 46.732,64"
H0666,Formosa,2025-05,2,86,2,N3,19.4,202,"$ 31.373,23"
H0666,Formosa,2025-06,2,86,2,N3,16.3,315,"$ 46.770,72"
H0666,Formosa,2025-07,2,86,2,N3,15.7,350,"$ 52.579,34"
H0666,Formosa,2025-08,2,86,2,N3,18.5,213,"$ 35.280,07"
H0666,Formosa,2025-09,2,86,2,N3,20.4,143,"$ 26.413,63"
H0666,Formosa,2025-10,2,86,2,N3,23.5,"0,309","$ 50.769,65"
H0666,Formosa,2025-11,2,86,2,N3,26.4,"0,621","$ 124.122,76"
H0666,Formosa,2025-12,2,86,2,N3,27.3,"0,638","$ 131.475,02"
H0667,Formosa,2025-01,3,88,3,N3,28.3,1029,"$ 174.688,50"
H0667,Formosa,2025-02,3,88,3,N3,27.6,1203,"$ 213.031,39"
H0667,Formosa,2025-03,3,88,3,N3,26.2,753,"$ 128.292,34"
H0667,Formosa,2025-04,3,88,3,N3,23.0,381,"$ 55.184,72"
H0667,Formosa,2025-05,3,88,3,N3,19.4,227,"$ 34.527,38"
H0667,Formosa,2025-06,3,88,3,N3,16.3,658,"$ 117.681,16"
H0667,Formosa,2025-07,3,88,3,N3,15.7,570,"$ 101.182,09"
H0667,Formosa,2025-08,3,88,3,N3,18.5,303,"$ 47.508,08"
H0667,Formosa,2025-09,3,88,3,N3,20.4,198,"$ 34.073,12"
H0667,Formosa,2025-10,3,88,3,N3,23.5,"0,463","$ 83.505,85"
H0667,Formosa,2025-11,3,88,3,N3,26.4,"0,820","$ 172.650,12"
H0667,Formosa,2025-12,3,88,3,N3,27.3,"1,012","$ 224.957,26"
H0668,Formosa,2025-01,2,92,3,N1,28.3,1336,"$ 259.842,00"
H0668,Formosa,2025-02,2,92,3,N1,27.6,892,"$ 179.641,50"
H0668,Formosa,2025-03,2,92,3,N1,26.2,823,"$ 170.322,60"
H0668,Formosa,2025-04,2,92,3,N1,23.0,355,"$ 78.571,56"
H0668,Formosa,2025-05,2,92,3,N1,19.4,169,"$ 41.424,44"
H0668,Formosa,2025-06,2,92,3,N1,16.3,356,"$ 82.764,77"
H0668,Formosa,2025-07,2,92,3,N1,15.7,432,"$ 101.623,93"
H0668,Formosa,2025-08,2,92,3,N1,18.5,258,"$ 64.763,17"
H0668,Formosa,2025-09,2,92,3,N1,20.4,154,"$ 42.243,25"
H0668,Formosa,2025-10,2,92,3,N1,23.5,"0,411","$ 104.441,79"
H0668,Formosa,2025-11,2,92,3,N1,26.4,"1,011","$ 253.366,49"
H0668,Formosa,2025-12,2,92,3,N1,27.3,"1,093","$ 280.196,76"
H0669,Formosa,2025-01,7,109,2,N2,28.3,1124,"$ 181.673,50"
H0669,Formosa,2025-02,7,109,2,N2,27.6,896,"$ 141.695,49"
H0669,Formosa,2025-03,7,109,2,N2,26.2,829,"$ 131.828,22"
H0669,Formosa,2025-04,7,109,2,N2,23.0,430,"$ 53.270,01"
H0669,Formosa,2025-05,7,109,2,N2,19.4,556,"$ 81.096,58"
H0669,Formosa,2025-06,7,109,2,N2,16.3,827,"$ 141.533,51"
H0669,Formosa,2025-07,7,109,2,N2,15.7,1050,"$ 194.337,36"
H0669,Formosa,2025-08,7,109,2,N2,18.5,462,"$ 66.046,35"
H0669,Formosa,2025-09,7,109,2,N2,20.4,330,"$ 39.690,08"
H0669,Formosa,2025-10,7,109,2,N2,23.5,"0,535","$ 86.757,26"
H0669,Formosa,2025-11,7,109,2,N2,26.4,"0,697","$ 128.430,88"
H0669,Formosa,2025-12,7,109,2,N2,27.3,"0,919","$ 187.131,11"
H0670,Formosa,2025-01,4,113,0,N3,28.3,204,"$ 28.651,20"
H0670,Formosa,2025-02,4,113,0,N3,27.6,202,"$ 29.133,16"
H0670,Formosa,2025-03,4,113,0,N3,26.2,245,"$ 35.025,21"
H0670,Formosa,2025-04,4,113,0,N3,23.0,209,"$ 31.469,65"
H0670,Formosa,2025-05,4,113,0,N3,19.4,314,"$ 45.503,80"
H0670,Formosa,2025-06,4,113,0,N3,16.3,558,"$ 96.127,84"
H0670,Formosa,2025-07,4,113,0,N3,15.7,644,"$ 117.530,29"
H0670,Formosa,2025-08,4,113,0,N3,18.5,318,"$ 49.546,09"
H0670,Formosa,2025-09,4,113,0,N3,20.4,228,"$ 38.251,03"
H0670,Formosa,2025-10,4,113,0,N3,23.5,"0,259","$ 43.632,40"
H0670,Formosa,2025-11,4,113,0,N3,26.4,"0,222","$ 39.309,60"
H0670,Formosa,2025-12,4,113,0,N3,27.3,"0,188","$ 35.193,31"
H0671,Formosa,2025-01,3,109,3,N1,28.3,1588,"$ 307.848,00"
H0671,Formosa,2025-02,3,109,3,N1,27.6,1299,"$ 259.113,34"
H0671,Formosa,2025-03,3,109,3,N1,26.2,1106,"$ 226.963,37"
H0671,Formosa,2025-04,3,109,3,N1,23.0,507,"$ 109.754,00"
H0671,Formosa,2025-05,3,109,3,N1,19.4,294,"$ 67.708,99"
H0671,Formosa,2025-06,3,109,3,N1,16.3,657,"$ 147.640,29"
H0671,Formosa,2025-07,3,109,3,N1,15.7,693,"$ 159.284,47"
H0671,Formosa,2025-08,3,109,3,N1,18.5,448,"$ 107.787,65"
H0671,Formosa,2025-09,3,109,3,N1,20.4,225,"$ 58.722,76"
H0671,Formosa,2025-10,3,109,3,N1,23.5,"0,648","$ 160.826,08"
H0671,Formosa,2025-11,3,109,3,N1,26.4,"1,120","$ 279.946,81"
H0671,Formosa,2025-12,3,109,3,N1,27.3,"1,415","$ 360.681,47"
H0672,Formosa,2025-01,4,84,3,N3,28.3,s/l,"$ 255.079,50"
H0672,Formosa,2025-02,4,84,3,N3,27.6,1392,"$ 249.936,00"
H0672,Formosa,2025-03,4,84,3,N3,26.2,1218,"$ 221.359,33"
H0672,Formosa,2025-04,4,84,3,N3,23.0,444,"$ 68.109,02"
H0672,Formosa,2025-05,4,84,3,N3,19.4,234,"$ 35.410,54"
H0672,Formosa,2025-06,4,84,3,N3,16.3,730,"$ 133.199,56"
H0672,Formosa,2025-07,4,84,3,N3,15.7,99999,"$ 131.669,27"
H0672,Formosa,2025-08,4,84,3,N3,18.5,323,"$ 50.225,42"
H0672,Formosa,2025-09,4,84,3,N3,20.4,224,"$ 37.693,97"
H0672,Formosa,2025-10,4,84,3,N3,23.5,"0,508","$ 94.211,72"
H0672,Formosa,2025-11,4,84,3,N3,26.4,"1,216","$ 269.217,14"
H0672,Formosa,2025-12,4,84,3,N3,27.3,"1,166","$ 263.449,94"
H0673,Formosa,2025-01,5,79,1,N2,28.3,515,"$ 65.659,00"
H0673,Formosa,2025-02,5,79,1,N2,27.6,453,"$ 55.194,20"
H0673,Formosa,2025-03,5,79,1,N2,26.2,339,"$ 35.005,20"
H0673,Formosa,2025-04,5,79,1,N2,23.0,243,"$ 27.346,18"
H0673,Formosa,2025-05,5,79,1,N2,19.4,286,"$ 31.947,99"
H0673,Formosa,2025-06,5,79,1,N2,16.3,584,"$ 89.158,93"
H0673,Formosa,2025-07,5,79,1,N2,15.7,527,"$ 78.795,37"
H0673,Formosa,2025-08,5,79,1,N2,18.5,414,"$ 55.177,01"
H0673,Formosa,2025-09,5,79,1,N2,20.4,187,"$ 25.307,26"
H0673,Formosa,2025-10,5,79,1,N2,23.5,"0,219","$ 29.238,94"
H0673,Formosa,2025-11,5,79,1,N2,26.4,"0,434","$ 64.296,73"
H0673,Formosa,2025-12,5,79,1,N2,27.3,"0,375","$ 51.156,95"
H0674,Formosa,2025-01,4,139,2,N1,28.3,773,"$ 152.590,50"
H0674,Formosa,2025-02,4,139,2,N1,27.6,828,"$ 167.144,70"
H0674,Formosa,2025-03,4,139,2,N1,26.2,647,"$ 135.097,24"
H0674,Formosa,2025-04,4,139,2,N1,23.0,500,"$ 108.317,97"
H0674,Formosa,2025-05,4,139,2,N1,19.4,308,"$ 70.652,86"
H0674,Formosa,2025-06,4,139,2,N1,16.3,547,"$ 123.931,63"
H0674,Formosa,2025-07,4,139,2,N1,15.7,559,"$ 129.680,98"
H0674,Formosa,2025-08,4,139,2,N1,18.5,348,"$ 85.143,18"
H0674,Formosa,2025-09,4,139,2,N1,20.4,312,"$ 78.915,96"
H0674,Formosa,2025-10,4,139,2,N1,23.5,"0,444","$ 112.292,76"
H0674,Formosa,2025-11,4,139,2,N1,26.4,"0,856","$ 215.568,80"
H0674,Formosa,2025-12,4,139,2,N1,27.3,"0,705","$ 183.215,19"
H0675,Formosa,2025-01,3,63,2,N3,28.3,974,"$ 164.211,00"
H0675,Formosa,2025-02,3,63,2,N3,27.6,792,"$ 132.778,50"
H0675,Formosa,2025-03,3,63,2,N3,26.2,665,"$ 110.679,67"
H0675,Formosa,2025-04,3,63,2,N3,23.0,375,"$ 53.953,84"
H0675,Formosa,2025-05,3,63,2,N3,19.4,339,"$ 48.657,95"
H0675,Formosa,2025-06,3,63,2,N3,16.3,556,"$ 95.696,77"
H0675,Formosa,2025-07,3,63,2,N3,15.7,531,"$ 92.566,15"
H0675,Formosa,2025-08,3,63,2,N3,18.5,388,"$ 62.498,72"
H0675,Formosa,2025-09,3,63,2,N3,20.4,214,"$ 36.301,34"
H0675,Formosa,2025-10,3,63,2,N3,23.5,"0,484","$ 88.501,92"
H0675,Formosa,2025-11,3,63,2,N3,26.4,"0,827","$ 174.357,12"
H0675,Formosa,2025-12,3,63,2,N3,27.3,"1,167","$ 263.699,90"
H0676,Formosa,2025-01,2,109,2,N1,28.3,839,"$ 165.163,50"
H0676,Formosa,2025-02,2,109,2,N1,27.6,898,"$ 180.813,08"
H0676,Formosa,2025-03,2,109,2,N1,26.2,772,"$ 160.115,25"
H0676,Formosa,2025-04,2,109,2,N1,23.0,401,"$ 88.008,35"
H0676,Formosa,2025-05,2,109,2,N1,19.4,s/l,"$ 51.727,98"
H0676,Formosa,2025-06,2,109,2,N1,16.3,356,"$ 82.764,77"
H0676,Formosa,2025-07,2,109,2,N1,15.7,556,"$ 129.018,21"
H0676,Formosa,2025-08,2,109,2,N1,18.5,349,"$ 85.369,63"
H0676,Formosa,2025-09,2,109,2,N1,20.4,188,"$ 50.134,84"
H0676,Formosa,2025-10,2,109,2,N1,23.5,"0,436","$ 110.389,50"
H0676,Formosa,2025-11,2,109,2,N1,26.4,"0,635","$ 161.676,60"
H0676,Formosa,2025-12,2,109,2,N1,27.3,"0,820","$ 211.959,73"
H0677,Formosa,2025-01,4,97,3,N3,28.3,1606,"$ 284.607,00"
H0677,Formosa,2025-02,4,97,3,N3,27.6,1559,"$ 282.544,84"
H0677,Formosa,2025-03,4,97,3,N3,26.2,1184,"$ 214.554,43"
H0677,Formosa,2025-04,4,97,3,N3,23.0,633,"$ 106.881,93"
H0677,Formosa,2025-05,4,97,3,N3,19.4,410,"$ 62.662,35"
H0677,Formosa,2025-06,4,97,3,N3,16.3,759,"$ 139.450,02"
H0677,Formosa,2025-07,4,97,3,N3,15.7,877,"$ 169.005,02"
H0677,Formosa,2025-08,4,97,3,N3,18.5,404,"$ 66.121,83"
H0677,Formosa,2025-09,4,97,3,N3,20.4,267,"$ 43.682,30"
H0677,Formosa,2025-10,4,97,3,N3,23.5,"0,793","$ 162.015,62"
H0677,Formosa,2025-11,4,97,3,N3,26.4,"1,168","$ 257.512,05"
H0677,Formosa,2025-12,4,97,3,N3,27.3,"1,421","$ 327.187,83"
H0678,Formosa,2025-01,4,141,4,N1,28.3,1606,"$ 311.277,00"
H0678,Formosa,2025-02,4,141,4,N1,27.6,1505,"$ 299.337,41"
H0678,Formosa,2025-03,4,141,4,N1,26.2,1244,"$ 254.583,25"
H0678,Formosa,2025-04,4,141,4,N1,23.0,497,"$ 107.702,52"
H0678,Formosa,2025-05,4,141,4,N1,19.4,362,"$ 82.007,78"
H0678,Formosa,2025-06,4,141,4,N1,16.3,761,"$ 170.055,75"
H0678,Formosa,2025-07,4,141,4,N1,15.7,710,"$ 163.040,14"
H0678,Formosa,2025-08,4,141,4,N1,18.5,437,"$ 105.296,76"
H0678,Formosa,2025-09,4,141,4,N1,20.4,262,"$ 67.310,67"
H0678,Formosa,2025-10,4,141,4,N1,23.5,"0,732","$ 180.810,38"
H0678,Formosa,2025-11,4,141,4,N1,26.4,"1,261","$ 314.330,52"
H0678,Formosa,2025-12,4,141,4,N1,27.3,"1,919","$ 486.657,53"
H0679,Formosa,2025-01,3,61,2,N2,28.3,1089,"$ 175.006,00"
H0679,Formosa,2025-02,3,61,2,N2,27.6,821,"$ 127.050,80"
H0679,Formosa,2025-03,3,61,2,N2,26.2,616,"$ 89.197,54"
H0679,Formosa,2025-04,3,61,2,N2,23.0,417,"$ 50.603,09"
H0679,Formosa,2025-05,3,61,2,N2,19.4,s/l,"$ 27.483,12"
H0679,Formosa,2025-06,3,61,2,N2,16.3,495,"$ 69.976,47"
H0679,Formosa,2025-07,3,61,2,N2,15.7,760,"$ 130.270,10"
H0679,Formosa,2025-08,3,61,2,N2,18.5,99999,"$ 35.483,87"
H0679,Formosa,2025-09,3,61,2,N2,20.4,174,"$ 23.999,73"
H0679,Formosa,2025-10,3,61,2,N2,23.5,"0,360","$ 45.123,29"
H0679,Formosa,2025-11,3,61,2,N2,26.4,"0,739","$ 138.672,84"
H0679,Formosa,2025-12,3,61,2,N2,27.3,"0,882","$ 177.882,87"
H0680,Formosa,2025-01,1,140,1,N3,28.3,532,"$ 80.010,00"
H0680,Formosa,2025-02,1,140,1,N3,27.6,460,"$ 67.951,35"
H0680,Formosa,2025-03,1,140,1,N3,26.2,444,"$ 66.447,83"
H0680,Formosa,2025-04,1,140,1,N3,23.0,288,"$ 41.193,65"
H0680,Formosa,2025-05,1,140,1,N3,19.4,252,"$ 37.681,52"
H0680,Formosa,2025-06,1,140,1,N3,16.3,407,"$ 63.582,31"
H0680,Formosa,2025-07,1,140,1,N3,15.7,347,"$ 52.181,68"
H0680,Formosa,2025-08,1,140,1,N3,18.5,293,"$ 46.149,42"
H0680,Formosa,2025-09,1,140,1,N3,20.4,193,"$ 33.376,81"
H0680,Formosa,2025-10,1,140,1,N3,23.5,"0,290","$ 48.057,50"
H0680,Formosa,2025-11,1,140,1,N3,26.4,"0,403","$ 70.962,13"
H0680,Formosa,2025-12,1,140,1,N3,27.3,"0,467","$ 88.733,14"
H0681,Formosa,2025-01,2,88,2,N3,28.3,1268,"$ 220.218,00"
H0681,Formosa,2025-02,2,88,2,N3,27.6,1080,"$ 189.014,10"
H0681,Formosa,2025-03,2,88,2,N3,26.2,800,"$ 137.699,11"
H0681,Formosa,2025-04,2,88,2,N3,23.0,355,"$ 49.850,88"
H0681,Formosa,2025-05,2,88,2,N3,19.4,284,"$ 41.718,83"
H0681,Formosa,2025-06,2,88,2,N3,16.3,419,"$ 66.168,71"
H0681,Formosa,2025-07,2,88,2,N3,15.7,587,"$ 104.937,76"
H0681,Formosa,2025-08,2,88,2,N3,18.5,300,"$ 47.100,48"
H0681,Formosa,2025-09,2,88,2,N3,20.4,197,"$ 33.933,86"
H0681,Formosa,2025-10,2,88,2,N3,23.5,"0,523","$ 97.780,35"
H0681,Formosa,2025-11,2,88,2,N3,26.4,"0,850","$ 179.965,81"
H0681,Formosa,2025-12,2,88,2,N3,27.3,"0,935","$ 205.710,91"
H0682,Formosa,2025-01,6,164,1,N3,28.3,665,"$ 105.346,50"
H0682,Formosa,2025-02,6,164,1,N3,27.6,543,"$ 84.158,14"
H0682,Formosa,2025-03,6,164,1,N3,26.2,390,"$ 55.640,05"
H0682,Formosa,2025-04,6,164,1,N3,23.0,391,"$ 57.236,20"
H0682,Formosa,2025-05,6,164,1,N3,19.4,373,"$ 54.882,13"
H0682,Formosa,2025-06,6,164,1,N3,16.3,673,"$ 120.914,16"
H0682,Formosa,2025-07,6,164,1,N3,15.7,731,"$ 136.750,47"
H0682,Formosa,2025-08,6,164,1,N3,18.5,408,"$ 67.027,61"
H0682,Formosa,2025-09,6,164,1,N3,20.4,284,"$ 46.049,78"
H0682,Formosa,2025-10,6,164,1,N3,23.5,"0,395","$ 67.328,08"
H0682,Formosa,2025-11,6,164,1,N3,26.4,"0,613","$ 122.171,91"
H0682,Formosa,2025-12,6,164,1,N3,27.3,"0,625","$ 128.225,64"
H0683,Formosa,2025-01,7,130,2,N2,28.3,1509,"$ 255.016,00"
H0683,Formosa,2025-02,7,130,2,N2,27.6,952,"$ 152.630,19"
H0683,Formosa,2025-03,7,130,2,N2,26.2,955,"$ 157.046,37"
H0683,Formosa,2025-04,7,130,2,N2,23.0,600,"$ 88.145,11"
H0683,Formosa,2025-05,7,130,2,N2,19.4,429,"$ 54.391,48"
H0683,Formosa,2025-06,7,130,2,N2,16.3,1059,"$ 191.537,23"
H0683,Formosa,2025-07,7,130,2,N2,15.7,1231,"$ 234.324,17"
H0683,Formosa,2025-08,7,130,2,N2,18.5,652,"$ 109.070,83"
H0683,Formosa,2025-09,7,130,2,N2,20.4,266,"$ 33.253,02"
H0683,Formosa,2025-10,7,130,2,N2,23.5,"0,595","$ 101.031,77"
H0683,Formosa,2025-11,7,130,2,N2,26.4,"0,738","$ 138.428,98"
H0683,Formosa,2025-12,7,130,2,N2,27.3,"0,951","$ 195.129,59"
H0684,Formosa,2025-01,2,65,2,N3,28.3,1079,"$ 184.213,50"
H0684,Formosa,2025-02,2,65,2,N3,27.6,881,"$ 150.156,86"
H0684,Formosa,2025-03,2,65,2,N3,26.2,881,"$ 153.910,78"
H0684,Formosa,2025-04,2,65,2,N3,23.0,352,"$ 49.235,44"
H0684,Formosa,2025-05,2,65,2,N3,19.4,252,"$ 37.681,52"
H0684,Formosa,2025-06,2,65,2,N3,16.3,462,"$ 75.436,64"
H0684,Formosa,2025-07,2,65,2,N3,15.7,521,"$ 90.356,93"
H0684,Formosa,2025-08,2,65,2,N3,18.5,275,"$ 43.703,81"
H0684,Formosa,2025-09,2,65,2,N3,20.4,211,"$ 35.883,55"
H0684,Formosa,2025-10,2,65,2,N3,23.5,"0,447","$ 79.699,31"
H0684,Formosa,2025-11,2,65,2,N3,26.4,"1,010","$ 218.982,78"
H0684,Formosa,2025-12,2,65,2,N3,27.3,"1,077","$ 241.204,17"
H0685,Formosa,2025-01,2,93,1,N3,28.3,627,"$ 98.107,50"
H0685,Formosa,2025-02,2,93,1,N3,27.6,646,"$ 104.270,18"
H0685,Formosa,2025-03,2,93,1,N3,26.2,395,"$ 56.640,77"
H0685,Formosa,2025-04,2,93,1,N3,23.0,261,"$ 37.870,26"
H0685,Formosa,2025-05,2,93,1,N3,19.4,207,"$ 32.004,06"
H0685,Formosa,2025-06,2,93,1,N3,16.3,501,"$ 83.842,44"
H0685,Formosa,2025-07,2,93,1,N3,15.7,533,"$ 93.007,99"
H0685,Formosa,2025-08,2,93,1,N3,18.5,265,"$ 42.345,15"
H0685,Formosa,2025-09,2,93,1,N3,20.4,198,"$ 34.073,12"
H0685,Formosa,2025-10,2,93,1,N3,23.5,"0,316","$ 51.768,87"
H0685,Formosa,2025-11,2,93,1,N3,26.4,"0,520","$ 99.493,29"
H0685,Formosa,2025-12,2,93,1,N3,27.3,"0,462","$ 87.483,38"
H0686,Formosa,2025-01,4,99,3,N3,28.3,1059,"$ 180.403,50"
H0686,Formosa,2025-02,4,99,3,N3,27.6,1064,"$ 185.889,90"
H0686,Formosa,2025-03,4,99,3,N3,26.2,989,"$ 175.526,34"
H0686,Formosa,2025-04,4,99,3,N3,23.0,493,"$ 78.161,26"
H0686,Formosa,2025-05,4,99,3,N3,19.4,281,"$ 41.340,33"
H0686,Formosa,2025-06,4,99,3,N3,16.3,452,"$ 73.281,31"
H0686,Formosa,2025-07,4,99,3,N3,15.7,517,"$ 89.473,25"
H0686,Formosa,2025-08,4,99,3,N3,18.5,384,"$ 61.592,94"
H0686,Formosa,2025-09,4,99,3,N3,20.4,219,"$ 36.997,66"
H0686,Formosa,2025-10,4,99,3,N3,23.5,"0,435","$ 76.844,41"
H0686,Formosa,2025-11,4,99,3,N3,26.4,"0,941","$ 202.156,71"
H0686,Formosa,2025-12,4,99,3,N3,27.3,"1,142","$ 257.451,08"
H0687,Formosa,2025-01,3,177,4,N1,28.3,1374,"$ 267.081,00"
H0687,Formosa,2025-02,3,177,4,N1,27.6,1648,"$ 327.259,95"
H0687,Formosa,2025-03,3,177,4,N1,26.2,1208,"$ 247.378,06"
H0687,Formosa,2025-04,3,177,4,N1,23.0,463,"$ 100.727,50"
H0687,Formosa,2025-05,3,177,4,N1,19.4,283,"$ 65.395,95"
H0687,Formosa,2025-06,3,177,4,N1,16.3,526,"$ 119.405,43"
H0687,Formosa,2025-07,3,177,4,N1,15.7,672,"$ 154.645,12"
H0687,Formosa,2025-08,3,177,4,N1,18.5,520,"$ 124.091,66"
H0687,Formosa,2025-09,3,177,4,N1,20.4,235,"$ 61.043,81"
H0687,Formosa,2025-10,3,177,4,N1,23.5,"0,713","$ 176.290,12"
H0687,Formosa,2025-11,3,177,4,N1,26.4,"0,941","$ 236.296,57"
H0687,Formosa,2025-12,3,177,4,N1,27.3,"1,231","$ 314.690,21"
H0688,Formosa,2025-01,1,61,0,N2,28.3,136,"$ 16.560,80"
H0688,Formosa,2025-02,1,61,0,N2,27.6,140,"$ 17.313,28"
H0688,Formosa,2025-03,1,61,0,N2,26.2,133,"$ 17.139,00"
H0688,Formosa,2025-04,1,61,0,N2,23.0,130,"$ 17.300,79"
H0688,Formosa,2025-05,1,61,0,N2,19.4,154,"$ 19.920,18"
H0688,Formosa,2025-06,1,61,0,N2,16.3,99999,"$ 36.109,01"
H0688,Formosa,2025-07,1,61,0,N2,15.7,444,"$ 60.458,88"
H0688,Formosa,2025-08,1,61,0,N2,18.5,218,"$ 27.731,92"
H0688,Formosa,2025-09,1,61,0,N2,20.4,141,"$ 20.680,62"
H0688,Formosa,2025-10,1,61,0,N2,23.5,"0,138","$ 20.888,36"
H0688,Formosa,2025-11,1,61,0,N2,26.4,"0,108","$ 18.240,44"
H0688,Formosa,2025-12,1,61,0,N2,27.3,"0,124","$ 20.429,45"
H0689,Formosa,2025-01,4,78,0,N2,28.3,254,"$ 26.301,70"
H0689,Formosa,2025-02,4,78,0,N2,27.6,157,"$ 18.751,71"
H0689,Formosa,2025-03,4,78,0,N2,26.2,229,"$ 25.465,00"
H0689,Formosa,2025-04,4,78,0,N2,23.0,195,"$ 23.079,11"
H0689,Formosa,2025-05,4,78,0,N2,19.4,232,"$ 27.027,52"
H0689,Formosa,2025-06,4,78,0,N2,16.3,575,"$ 87.219,13"
H0689,Formosa,2025-07,4,78,0,N2,15.7,471,"$ 66.423,76"
H0689,Formosa,2025-08,4,78,0,N2,18.5,279,"$ 33.717,61"
H0689,Formosa,2025-09,4,78,0,N2,20.4,208,"$ 27.419,43"
H0689,Formosa,2025-10,4,78,0,N2,23.5,"0,219","$ 29.238,94"
H0689,Formosa,2025-11,4,78,0,N2,26.4,"0,219","$ 29.969,92"
H0689,Formosa,2025-12,4,78,0,N2,27.3,"0,215","$ 30.285,91"
H0690,Formosa,2025-01,1,91,1,N3,28.3,430,"$ 60.579,00"
H0690,Formosa,2025-02,1,91,1,N3,27.6,417,"$ 59.555,06"
H0690,Formosa,2025-03,1,91,1,N3,26.2,343,"$ 46.793,68"
H0690,Formosa,2025-04,1,91,1,N3,23.0,201,"$ 30.484,94"
H0690,Formosa,2025-05,1,91,1,N3,19.4,147,"$ 24.434,11"
H0690,Formosa,2025-06,1,91,1,N3,16.3,258,"$ 39.399,48"
H0690,Formosa,2025-07,1,91,1,N3,15.7,333,"$ 50.325,94"
H0690,Formosa,2025-08,1,91,1,N3,18.5,210,"$ 34.872,47"
H0690,Formosa,2025-09,1,91,1,N3,20.4,138,"$ 25.717,32"
H0690,Formosa,2025-10,1,91,1,N3,23.5,"0,236","$ 40.349,26"
H0690,Formosa,2025-11,1,91,1,N3,26.4,"0,430","$ 77.546,24"
H0690,Formosa,2025-12,1,91,1,N3,27.3,"0,418","$ 76.485,47"
H0691,Formosa,2025-01,3,65,1,N2,28.3,538,"$ 70.040,50"
H0691,Formosa,2025-02,3,65,1,N2,27.6,461,"$ 56.756,30"
H0691,Formosa,2025-03,3,65,1,N2,26.2,413,"$ 48.568,29"
H0691,Formosa,2025-04,3,65,1,N2,23.0,236,"$ 26.723,90"
H0691,Formosa,2025-05,3,65,1,N2,19.4,144,"$ 19.008,98"
H0691,Formosa,2025-06,3,65,1,N2,16.3,413,"$ 52.302,74"
H0691,Formosa,2025-07,3,65,1,N2,15.7,505,"$ 73.935,09"
H0691,Formosa,2025-08,3,65,1,N2,18.5,240,"$ 29.890,69"
H0691,Formosa,2025-09,3,65,1,N2,20.4,157,"$ 22.289,89"
H0691,Formosa,2025-10,3,65,1,N2,23.5,"0,257","$ 33.156,50"
H0691,Formosa,2025-11,3,65,1,N2,26.4,"0,512","$ 83.317,50"
H0691,Formosa,2025-12,3,65,1,N2,27.3,"0,448","$ 69.403,48"
H0692,Formosa,2025-01,3,84,3,N2,28.3,1583,"$ 269.113,00"
H0692,Formosa,2025-02,3,84,3,N2,27.6,1382,"$ 236.593,06"
H0692,Formosa,2025-03,3,84,3,N2,26.2,1129,"$ 191.871,44"
H0692,Formosa,2025-04,3,84,3,N2,23.0,538,"$ 75.425,96"
H0692,Formosa,2025-05,3,84,3,N2,19.4,355,"$ 38.831,03"
H0692,Formosa,2025-06,3,84,3,N2,16.3,606,"$ 93.900,66"
H0692,Formosa,2025-07,3,84,3,N2,15.7,536,"$ 80.783,66"
H0692,Formosa,2025-08,3,84,3,N2,18.5,403,"$ 52.686,12"
H0692,Formosa,2025-09,3,84,3,N2,20.4,249,"$ 31.543,17"
H0692,Formosa,2025-10,3,84,3,N2,23.5,"0,658","$ 116.019,99"
H0692,Formosa,2025-11,3,84,3,N2,26.4,"1,578","$ 343.268,11"
H0692,Formosa,2025-12,3,84,3,N2,27.3,"1,232","$ 265.366,25"
H0693,Formosa,2025-01,3,112,3,N3,28.3,1325,"$ 231.076,50"
H0693,Formosa,2025-02,3,112,3,N3,27.6,1238,"$ 219.865,58"
H0693,Formosa,2025-03,3,112,3,N3,26.2,887,"$ 155.111,65"
H0693,Formosa,2025-04,3,112,3,N3,23.0,99999,"$ 65.442,10"
H0693,Formosa,2025-05,3,112,3,N3,19.4,246,"$ 36.924,53"
H0693,Formosa,2025-06,3,112,3,N3,16.3,561,"$ 96.774,44"
H0693,Formosa,2025-07,3,112,3,N3,15.7,506,"$ 87.043,11"
H0693,Formosa,2025-08,3,112,3,N3,18.5,373,"$ 59.102,05"
H0693,Formosa,2025-09,3,112,3,N3,20.4,207,"$ 35.326,50"
H0693,Formosa,2025-10,3,112,3,N3,23.5,"0,531","$ 99.683,62"
H0693,Formosa,2025-11,3,112,3,N3,26.4,"0,797","$ 167.041,43"
H0693,Formosa,2025-12,3,112,3,N3,27.3,"1,209","$ 274.197,90"
H0694,Formosa,2025-01,2,81,0,N3,28.3,143,"$ 21.678,90"
H0694,Formosa,2025-02,2,81,0,N3,27.6,132,"$ 20.932,14"
H0694,Formosa,2025-03,2,81,0,N3,26.2,177,"$ 26.859,33"
H0694,Formosa,2025-04,2,81,0,N3,23.0,135,"$ 22.361,10"
H0694,Formosa,2025-05,2,81,0,N3,19.4,173,"$ 27.714,42"
H0694,Formosa,2025-06,2,81,0,N3,16.3,303,"$ 45.218,88"
H0694,Formosa,2025-07,2,81,0,N3,15.7,348,"$ 52.314,23"
H0694,Formosa,2025-08,2,81,0,N3,18.5,231,"$ 37.725,68"
H0694,Formosa,2025-09,2,81,0,N3,20.4,108,"$ 21.539,41"
H0694,Formosa,2025-10,2,81,0,N3,23.5,"0,118","$ 23.505,35"
H0694,Formosa,2025-11,2,81,0,N3,26.4,"0,152","$ 29.067,65"
H0694,Formosa,2025-12,2,81,0,N3,27.3,"0,144","$ 28.594,57"
H0695,Formosa,2025-01,4,117,2,N3,28.3,1142,"$ 196.215,00"
H0695,Formosa,2025-02,4,117,2,N3,27.6,825,"$ 139.222,16"
H0695,Formosa,2025-03,4,117,2,N3,26.2,851,"$ 147.906,46"
H0695,Formosa,2025-04,4,117,2,N3,23.0,508,"$ 81.238,47"
H0695,Formosa,2025-05,4,117,2,N3,19.4,315,"$ 45.629,97"
H0695,Formosa,2025-06,4,117,2,N3,16.3,637,"$ 113.154,96"
H0695,Formosa,2025-07,4,117,2,N3,15.7,600,"$ 107.809,74"
H0695,Formosa,2025-08,4,117,2,N3,18.5,341,"$ 52.671,02"
H0695,Formosa,2025-09,4,117,2,N3,20.4,235,"$ 39.225,87"
H0695,Formosa,2025-10,4,117,2,N3,23.5,"0,573","$ 109.675,77"
H0695,Formosa,2025-11,4,117,2,N3,26.4,"0,945","$ 203.132,14"
H0695,Formosa,2025-12,4,117,2,N3,27.3,"0,999","$ 221.707,87"
H0696,Formosa,2025-01,2,52,1,N3,28.3,573,"$ 87.820,50"
H0696,Formosa,2025-02,2,52,1,N3,27.6,539,"$ 83.377,09"
H0696,Formosa,2025-03,2,52,1,N3,26.2,427,"$ 63.045,38"
H0696,Formosa,2025-04,2,52,1,N3,23.0,230,"$ 34.054,51"
H0696,Formosa,2025-05,2,52,1,N3,19.4,216,"$ 33.139,55"
H0696,Formosa,2025-06,2,52,1,N3,16.3,415,"$ 65.306,58"
H0696,Formosa,2025-07,2,52,1,N3,15.7,442,"$ 72.904,13"
H0696,Formosa,2025-08,2,52,1,N3,18.5,233,"$ 37.997,41"
H0696,Formosa,2025-09,2,52,1,N3,20.4,144,"$ 26.552,90"
H0696,Formosa,2025-10,2,52,1,N3,23.5,"0,240","$ 40.920,24"
H0696,Formosa,2025-11,2,52,1,N3,26.4,"0,408","$ 72.181,41"
H0696,Formosa,2025-12,2,52,1,N3,27.3,"0,421","$ 77.235,33"
H0697,Formosa,2025-01,2,101,3,N3,28.3,1744,"$ 310.896,00"
H0697,Formosa,2025-02,2,101,3,N3,27.6,1164,"$ 205.416,15"
H0697,Formosa,2025-03,2,101,3,N3,26.2,731,"$ 123.889,17"
H0697,Formosa,2025-04,2,101,3,N3,23.0,450,"$ 69.339,91"
H0697,Formosa,2025-05,2,101,3,N3,19.4,190,"$ 29.859,24"
H0697,Formosa,2025-06,2,101,3,N3,16.3,356,"$ 52.590,12"
H0697,Formosa,2025-07,2,101,3,N3,15.7,388,"$ 60.974,36"
H0697,Formosa,2025-08,2,101,3,N3,18.5,306,"$ 47.915,68"
H0697,Formosa,2025-09,2,101,3,N3,20.4,123,"$ 23.628,37"
H0697,Formosa,2025-10,2,101,3,N3,23.5,"0,462","$ 83.267,94"
H0697,Formosa,2025-11,2,101,3,N3,26.4,"0,681","$ 138.754,12"
H0697,Formosa,2025-12,2,101,3,N3,27.3,"1,053","$ 235.205,31"
H0698,Formosa,2025-01,1,67,1,N3,28.3,478,"$ 69.723,00"
H0698,Formosa,2025-02,1,67,1,N3,27.6,355,"$ 47.448,79"
H0698,Formosa,2025-03,1,67,1,N3,26.2,284,"$ 39.708,58"
H0698,Formosa,2025-04,1,67,1,N3,23.0,150,"$ 24.207,42"
H0698,Formosa,2025-05,1,67,1,N3,19.4,117,"$ 20.649,14"
H0698,Formosa,2025-06,1,67,1,N3,16.3,236,"$ 36.554,44"
H0698,Formosa,2025-07,1,67,1,N3,15.7,237,"$ 37.600,86"
H0698,Formosa,2025-08,1,67,1,N3,18.5,183,"$ 31.204,07"
H0698,Formosa,2025-09,1,67,1,N3,20.4,82,"$ 17.918,56"
H0698,Formosa,2025-10,1,67,1,N3,23.5,"0,175","$ 31.641,82"
H0698,Formosa,2025-11,1,67,1,N3,26.4,"0,253","$ 43.845,33"
H0698,Formosa,2025-12,1,67,1,N3,27.3,"0,344","$ 58.588,87"
H0699,Formosa,2025-01,3,47,0,N2,28.3,229,"$ 24.237,95"
H0699,Formosa,2025-02,3,47,0,N2,27.6,196,"$ 22.051,65"
H0699,Formosa,2025-03,3,47,0,N2,26.2,166,"$ 20.001,06"
H0699,Formosa,2025-04,3,47,0,N2,23.0,208,"$ 24.234,78"
H0699,Formosa,2025-05,3,47,0,N2,19.4,265,"$ 30.034,47"
H0699,Formosa,2025-06,3,47,0,N2,16.3,504,"$ 71.916,27"
H0699,Formosa,2025-07,3,47,0,N2,15.7,561,"$ 86.306,70"
H0699,Formosa,2025-08,3,47,0,N2,18.5,371,"$ 45.439,89"
H0699,Formosa,2025-09,3,47,0,N2,20.4,99999,"$ 23.999,73"
H0699,Formosa,2025-10,3,47,0,N2,23.5,"0,195","$ 26.764,69"
H0699,Formosa,2025-11,3,47,0,N2,26.4,"0,250","$ 33.245,72"
H0699,Formosa,2025-12,3,47,0,N2,27.3,"0,229","$ 31.802,29"
H0700,Formosa,2025-01,3,74,2,N2,28.3,1008,"$ 159.575,50"
H0700,Formosa,2025-02,3,74,2,N2,27.6,711,"$ 105.571,93"
H0700,Formosa,2025-03,3,74,2,N2,26.2,872,"$ 140.434,42"
H0700,Formosa,2025-04,3,74,2,N2,23.0,385,"$ 44.038,37"
H0700,Formosa,2025-05,3,74,2,N2,19.4,216,"$ 25.569,60"
H0700,Formosa,2025-06,3,74,2,N2,16.3,456,"$ 61.570,67"
H0700,Formosa,2025-07,3,74,2,N2,15.7,527,"$ 78.795,37"
H0700,Formosa,2025-08,3,74,2,N2,18.5,303,"$ 36.072,63"
H0700,Formosa,2025-09,3,74,2,N2,20.4,191,"$ 25.709,58"
H0700,Formosa,2025-10,3,74,2,N2,23.5,"0,468","$ 70.817,40"
H0700,Formosa,2025-11,3,74,2,N2,26.4,"0,683","$ 125.016,90"
H0700,Formosa,2025-12,3,74,2,N2,27.3,"0,756","$ 146.388,85"
H0701,Formosa,2025-01,2,78,2,N3,28.3,989,"$ 167.068,50"
H0701,Formosa,2025-02,2,78,2,N3,27.6,910,"$ 155.819,48"
H0701,Formosa,2025-03,2,78,2,N3,26.2,719,"$ 121.487,45"
H0701,Formosa,2025-04,2,78,2,N3,23.0,447,"$ 68.724,47"
H0701,Formosa,2025-05,2,78,2,N3,19.4,180,"$ 28.597,58"
H0701,Formosa,2025-06,2,78,2,N3,16.3,496,"$ 82.764,77"
H0701,Formosa,2025-07,2,78,2,N3,15.7,462,"$ 77.322,56"
H0701,Formosa,2025-08,2,78,2,N3,18.5,292,"$ 46.013,55"
H0701,Formosa,2025-09,2,78,2,N3,20.4,184,"$ 32.123,44"
H0701,Formosa,2025-10,2,78,2,N3,23.5,"0,498","$ 91.832,64"
H0701,Formosa,2025-11,2,78,2,N3,26.4,"0,725","$ 149.483,79"
H0701,Formosa,2025-12,2,78,2,N3,27.3,"0,774","$ 165.468,56"
H0702,Formosa,2025-01,4,163,4,N1,28.3,1752,"$ 339.090,00"
H0702,Formosa,2025-02,4,163,4,N1,27.6,1406,"$ 280.006,42"
H0702,Formosa,2025-03,4,163,4,N1,26.2,1419,"$ 289.608,46"
H0702,Formosa,2025-04,4,163,4,N1,23.0,548,"$ 118.165,05"
H0702,Formosa,2025-05,4,163,4,N1,19.4,279,"$ 64.554,84"
H0702,Formosa,2025-06,4,163,4,N1,16.3,449,"$ 102.809,37"
H0702,Formosa,2025-07,4,163,4,N1,15.7,531,"$ 123.495,17"
H0702,Formosa,2025-08,4,163,4,N1,18.5,419,"$ 101.220,75"
H0702,Formosa,2025-09,4,163,4,N1,20.4,232,"$ 60.347,50"
H0702,Formosa,2025-10,4,163,4,N1,23.5,"0,581","$ 144.886,21"
H0702,Formosa,2025-11,4,163,4,N1,26.4,"1,068","$ 267.266,29"
H0702,Formosa,2025-12,4,163,4,N1,27.3,"1,426","$ 363.430,95"
H0703,Formosa,2025-01,3,56,1,N2,28.3,381,"$ 40.132,00"
H0703,Formosa,2025-02,3,56,1,N2,27.6,341,"$ 34.320,64"
H0703,Formosa,2025-03,3,56,1,N2,26.2,369,"$ 39.761,95"
H0703,Formosa,2025-04,3,56,1,N2,23.0,228,"$ 26.012,72"
H0703,Formosa,2025-05,3,56,1,N2,19.4,165,"$ 20.922,50"
H0703,Formosa,2025-06,3,56,1,N2,16.3,361,"$ 41.095,01"
H0703,Formosa,2025-07,3,56,1,N2,15.7,442,"$ 60.017,03"
H0703,Formosa,2025-08,3,56,1,N2,18.5,226,"$ 28.516,93"
H0703,Formosa,2025-09,3,56,1,N2,20.4,135,"$ 20.077,15"
H0703,Formosa,2025-10,3,56,1,N2,23.5,"0,209","$ 28.208,01"
H0703,Formosa,2025-11,3,56,1,N2,26.4,"0,355","$ 45.032,09"
H0703,Formosa,2025-12,3,56,1,N2,27.3,"0,391","$ 55.156,19"
H0704,Formosa,2025-01,2,104,2,N1,28.3,695,"$ 137.731,50"
H0704,Formosa,2025-02,2,104,2,N1,27.6,786,"$ 158.943,67"
H0704,Formosa,2025-03,2,104,2,N1,26.2,713,"$ 148.306,75"
H0704,Formosa,2025-04,2,104,2,N1,23.0,238,"$ 54.569,28"
H0704,Formosa,2025-05,2,104,2,N1,19.4,169,"$ 41.424,44"
H0704,Formosa,2025-06,2,104,2,N1,16.3,336,"$ 78.454,11"
H0704,Formosa,2025-07,2,104,2,N1,15.7,328,"$ 78.648,09"
H0704,Formosa,2025-08,2,104,2,N1,18.5,214,"$ 54.799,60"
H0704,Formosa,2025-09,2,104,2,N1,20.4,166,"$ 45.028,52"
H0704,Formosa,2025-10,2,104,2,N1,23.5,"0,266","$ 69.945,07"
H0704,Formosa,2025-11,2,104,2,N1,26.4,"0,577","$ 147.532,94"
H0704,Formosa,2025-12,2,104,2,N1,27.3,"0,697","$ 181.215,57"
H0705,Formosa,2025-01,2,108,3,N3,28.3,1469,"$ 258.508,50"
H0705,Formosa,2025-02,2,108,3,N3,27.6,1026,"$ 178.469,92"
H0705,Formosa,2025-03,2,108,3,N3,26.2,1020,"$ 181.730,81"
H0705,Formosa,2025-04,2,108,3,N3,23.0,482,"$ 75.904,64"
H0705,Formosa,2025-05,2,108,3,N3,19.4,261,"$ 38.817,02"
H0705,Formosa,2025-06,2,108,3,N3,16.3,323,"$ 47.805,28"
H0705,Formosa,2025-07,2,108,3,N3,15.7,388,"$ 60.974,36"
H0705,Formosa,2025-08,2,108,3,N3,18.5,385,"$ 61.819,39"
H0705,Formosa,2025-09,2,108,3,N3,20.4,260,"$ 42.707,46"
H0705,Formosa,2025-10,2,108,3,N3,23.5,"0,525","$ 98.256,17"
H0705,Formosa,2025-11,2,108,3,N3,26.4,"1,267","$ 281.653,80"
H0705,Formosa,2025-12,2,108,3,N3,27.3,"1,198","$ 271.448,42"
H0706,Formosa,2025-01,3,72,2,N3,28.3,1032,"$ 175.260,00"
H0706,Formosa,2025-02,3,72,2,N3,27.6,734,"$ 121.453,28"
H0706,Formosa,2025-03,3,72,2,N3,26.2,642,"$ 106.076,35"
H0706,Formosa,2025-04,3,72,2,N3,23.0,368,"$ 52.517,80"
H0706,Formosa,2025-05,3,72,2,N3,19.4,194,"$ 30.363,91"
H0706,Formosa,2025-06,3,72,2,N3,16.3,339,"$ 49.874,40"
H0706,Formosa,2025-07,3,72,2,N3,15.7,387,"$ 60.753,44"
H0706,Formosa,2025-08,3,72,2,N3,18.5,247,"$ 39.899,54"
H0706,Formosa,2025-09,3,72,2,N3,20.4,164,"$ 29.338,17"
H0706,Formosa,2025-10,3,72,2,N3,23.5,"0,399","$ 68.279,71"
H0706,Formosa,2025-11,3,72,2,N3,26.4,"0,716","$ 147.289,09"
H0706,Formosa,2025-12,3,72,2,N3,27.3,"0,739","$ 156.720,22"
H0707,Formosa,2025-01,4,143,4,N1,28.3,1639,"$ 317.563,50"
H0707,Formosa,2025-02,4,143,4,N1,27.6,1177,"$ 235.291,31"
H0707,Formosa,2025-03,4,143,4,N1,26.2,1285,"$ 262.789,15"
H0707,Formosa,2025-04,4,143,4,N1,23.0,602,"$ 129.243,03"
H0707,Formosa,2025-05,4,143,4,N1,19.4,287,"$ 66.237,05"
H0707,Formosa,2025-06,4,143,4,N1,16.3,540,"$ 122.422,89"
H0707,Formosa,2025-07,4,143,4,N1,15.7,465,"$ 108.914,35"
H0707,Formosa,2025-08,4,143,4,N1,18.5,99999,"$ 85.822,52"
H0707,Formosa,2025-09,4,143,4,N1,20.4,236,"$ 61.275,92"
H0707,Formosa,2025-10,4,143,4,N1,23.5,"0,659","$ 163.443,07"
H0707,Formosa,2025-11,4,143,4,N1,26.4,"1,487","$ 369.442,00"
H0707,Formosa,2025-12,4,143,4,N1,27.3,"1,132","$ 289.944,91"
H0708,Formosa,2025-01,4,108,0,N1,28.3,245,"$ 52.006,50"
H0708,Formosa,2025-02,4,108,0,N1,27.6,261,"$ 56.430,86"
H0708,Formosa,2025-03,4,108,0,N1,26.2,241,"$ 53.838,75"
H0708,Formosa,2025-04,4,108,0,N1,23.0,290,"$ 65.236,96"
H0708,Formosa,2025-05,4,108,0,N1,19.4,298,"$ 68.550,09"
H0708,Formosa,2025-06,4,108,0,N1,16.3,633,"$ 142.467,49"
H0708,Formosa,2025-07,4,108,0,N1,15.7,551,"$ 127.913,60"
H0708,Formosa,2025-08,4,108,0,N1,18.5,364,"$ 88.766,30"
H0708,Formosa,2025-09,4,108,0,N1,20.4,322,"$ 81.237,01"
H0708,Formosa,2025-10,4,108,0,N1,23.5,"0,319","$ 82.554,21"
H0708,Formosa,2025-11,4,108,0,N1,26.4,"0,284","$ 76.083,10"
H0708,Formosa,2025-12,4,108,0,N1,27.3,"0,274","$ 75.485,66"
H0709,Formosa,2025-01,6,106,2,N2,28.3,804,"$ 120.713,50"
H0709,Formosa,2025-02,6,106,2,N2,27.6,802,"$ 123.340,81"
H0709,Formosa,2025-03,6,106,2,N2,26.2,631,"$ 92.199,70"
H0709,Formosa,2025-04,6,106,2,N2,23.0,356,"$ 38.089,08"
H0709,Formosa,2025-05,6,106,2,N2,19.4,312,"$ 34.317,10"
H0709,Formosa,2025-06,6,106,2,N2,16.3,626,"$ 98.211,32"
H0709,Formosa,2025-07,6,106,2,N2,15.7,807,"$ 140.653,42"
H0709,Formosa,2025-08,6,106,2,N2,18.5,371,"$ 45.439,89"
H0709,Formosa,2025-09,6,106,2,N2,20.4,211,"$ 27.721,16"
H0709,Formosa,2025-10,6,106,2,N2,23.5,"0,427","$ 61.063,15"
H0709,Formosa,2025-11,6,106,2,N2,26.4,"0,612","$ 107.703,11"
H0709,Formosa,2025-12,6,106,2,N2,27.3,"0,803","$ 158.136,62"
H0710,Formosa,2025-01,1,88,3,N3,28.3,1016,"$ 172.212,00"
H0710,Formosa,2025-02,1,88,3,N3,27.6,1013,"$ 175.931,51"
H0710,Formosa,2025-03,1,88,3,N3,26.2,s/l,"$ 131.294,51"
H0710,Formosa,2025-04,1,88,3,N3,23.0,308,"$ 43.655,42"
H0710,Formosa,2025-05,1,88,3,N3,19.4,163,"$ 26.452,77"
H0710,Formosa,2025-06,1,88,3,N3,16.3,99999,"$ 36.425,12"
H0710,Formosa,2025-07,1,88,3,N3,15.7,320,"$ 48.602,75"
H0710,Formosa,2025-08,1,88,3,N3,18.5,184,"$ 31.339,94"
H0710,Formosa,2025-09,1,88,3,N3,20.4,135,"$ 25.299,53"
H0710,Formosa,2025-10,1,88,3,N3,23.5,"0,386","$ 65.186,90"
H0710,Formosa,2025-11,1,88,3,N3,26.4,"0,934","$ 200.449,72"
H0710,Formosa,2025-12,1,88,3,N3,27.3,"0,957","$ 211.209,87"
H0711,Formosa,2025-01,4,93,3,N3,28.3,1195,"$ 206.311,50"
H0711,Formosa,2025-02,4,93,3,N3,27.6,1290,"$ 230.019,23"
H0711,Formosa,2025-03,4,93,3,N3,26.2,941,"$ 165.919,43"
H0711,Formosa,2025-04,4,93,3,N3,23.0,557,"$ 91.290,71"
H0711,Formosa,2025-05,4,93,3,N3,19.4,294,"$ 42.980,49"
H0711,Formosa,2025-06,4,93,3,N3,16.3,552,"$ 94.834,64"
H0711,Formosa,2025-07,4,93,3,N3,15.7,799,"$ 151.773,14"
H0711,Formosa,2025-08,4,93,3,N3,18.5,406,"$ 66.574,72"
H0711,Formosa,2025-09,4,93,3,N3,20.4,250,"$ 41.314,82"
H0711,Formosa,2025-10,4,93,3,N3,23.5,"0,492","$ 90.405,19"
H0711,Formosa,2025-11,4,93,3,N3,26.4,"1,343","$ 300.186,87"
H0711,Formosa,2025-12,4,93,3,N3,27.3,"1,242","$ 282.446,33"
H0712,Formosa,2025-01,3,205,4,N1,28.3,1845,"$ 356.806,50"
H0712,Formosa,2025-02,3,205,4,N1,27.6,1275,"$ 254.427,04"
H0712,Formosa,2025-03,3,205,4,N1,26.2,1046,"$ 214.954,72"
H0712,Formosa,2025-04,3,205,4,N1,23.0,453,"$ 98.676,03"
H0712,Formosa,2025-05,3,205,4,N1,19.4,369,"$ 83.479,71"
H0712,Formosa,2025-06,3,205,4,N1,16.3,620,"$ 139.665,56"
H0712,Formosa,2025-07,3,205,4,N1,15.7,659,"$ 151.773,14"
H0712,Formosa,2025-08,3,205,4,N1,18.5,325,"$ 79.934,96"
H0712,Formosa,2025-09,3,205,4,N1,20.4,333,"$ 83.790,18"
H0712,Formosa,2025-10,3,205,4,N1,23.5,"0,658","$ 163.205,16"
H0712,Formosa,2025-11,3,205,4,N1,26.4,"0,989","$ 248.001,66"
H0712,Formosa,2025-12,3,205,4,N1,27.3,"1,332","$ 339.935,41"
H0713,Formosa,2025-01,4,84,3,N1,28.3,1048,"$ 204.978,00"
H0713,Formosa,2025-02,4,84,3,N1,27.6,1155,"$ 230.995,54"
H0713,Formosa,2025-03,4,84,3,N1,26.2,,"$ 179.329,08"
H0713,Formosa,2025-04,4,84,3,N1,23.0,531,"$ 114.677,54"
H0713,Formosa,2025-05,4,84,3,N1,19.4,219,"$ 51.938,26"
H0713,Formosa,2025-06,4,84,3,N1,16.3,587,"$ 132.552,96"
H0713,Formosa,2025-07,4,84,3,N1,15.7,646,"$ 148.901,16"
H0713,Formosa,2025-08,4,84,3,N1,18.5,368,"$ 89.672,08"
H0713,Formosa,2025-09,4,84,3,N1,20.4,207,"$ 54.544,85"
H0713,Formosa,2025-10,4,84,3,N1,23.5,"0,477","$ 120.143,74"
H0713,Formosa,2025-11,4,84,3,N1,26.4,"0,989","$ 248.001,66"
H0713,Formosa,2025-12,4,84,3,N1,27.3,"1,167","$ 298.693,25"
H0714,Formosa,2025-01,5,86,2,N2,28.3,792,"$ 118.427,50"
H0714,Formosa,2025-02,5,86,2,N2,27.6,939,"$ 150.091,77"
H0714,Formosa,2025-03,5,86,2,N2,26.2,649,"$ 95.802,29"
H0714,Formosa,2025-04,5,86,2,N2,23.0,297,"$ 32.146,64"
H0714,Formosa,2025-05,5,86,2,N2,19.4,270,"$ 30.490,07"
H0714,Formosa,2025-06,5,86,2,N2,16.3,503,"$ 71.700,73"
H0714,Formosa,2025-07,5,86,2,N2,15.7,708,"$ 118.782,18"
H0714,Formosa,2025-08,5,86,2,N2,18.5,336,"$ 39.310,79"
H0714,Formosa,2025-09,5,86,2,N2,20.4,234,"$ 30.034,48"
H0714,Formosa,2025-10,5,86,2,N2,23.5,"0,406","$ 56.067,08"
H0714,Formosa,2025-11,5,86,2,N2,26.4,"0,653","$ 117.701,21"
H0714,Formosa,2025-12,5,86,2,N2,27.3,"0,799","$ 157.136,81"
H0715,Formosa,2025-01,5,88,0,N3,28.3,346,"$ 44.881,80"
H0715,Formosa,2025-02,5,88,0,N3,27.6,261,"$ 36.045,46"
H0715,Formosa,2025-03,5,88,0,N3,26.2,287,"$ 40.068,84"
H0715,Formosa,2025-04,5,88,0,N3,23.0,99999,"$ 40.085,85"
H0715,Formosa,2025-05,5,88,0,N3,19.4,291,"$ 42.601,99"
H0715,Formosa,2025-06,5,88,0,N3,16.3,607,"$ 106.688,97"
H0715,Formosa,2025-07,5,88,0,N3,15.7,536,"$ 93.670,76"
H0715,Formosa,2025-08,5,88,0,N3,18.5,515,"$ 91.257,19"
H0715,Formosa,2025-09,5,88,0,N3,20.4,230,"$ 38.529,55"
H0715,Formosa,2025-10,5,88,0,N3,23.5,"0,303","$ 49.913,18"
H0715,Formosa,2025-11,5,88,0,N3,26.4,"0,312","$ 52.477,83"
H0715,Formosa,2025-12,5,88,0,N3,27.3,"0,262","$ 46.291,20"
H0716,Formosa,2025-01,2,103,3,N1,28.3,1574,"$ 305.181,00"
H0716,Formosa,2025-02,2,103,3,N1,27.6,,"$ 277.858,54"
H0716,Formosa,2025-03,2,103,3,N1,26.2,1183,"$ 242.374,46"
H0716,Formosa,2025-04,2,103,3,N1,23.0,385,"$ 84.725,99"
H0716,Formosa,2025-05,2,103,3,N1,19.4,226,"$ 53.410,19"
H0716,Formosa,2025-06,2,103,3,N1,16.3,431,"$ 98.929,77"
H0716,Formosa,2025-07,2,103,3,N1,15.7,527,"$ 122.611,49"
H0716,Formosa,2025-08,2,103,3,N1,18.5,323,"$ 79.482,07"
H0716,Formosa,2025-09,2,103,3,N1,20.4,185,"$ 49.438,53"
H0716,Formosa,2025-10,2,103,3,N1,23.5,"0,592","$ 147.503,21"
H0716,Formosa,2025-11,2,103,3,N1,26.4,"1,015","$ 254.341,92"
H0716,Formosa,2025-12,2,103,3,N1,27.3,"1,100","$ 281.946,43"
H0717,Formosa,2025-01,3,145,4,N1,28.3,1832,"$ 354.330,00"
H0717,Formosa,2025-02,3,145,4,N1,27.6,1310,"$ 261.261,23"
H0717,Formosa,2025-03,3,145,4,N1,26.2,1357,"$ 277.199,53"
H0717,Formosa,2025-04,3,145,4,N1,23.0,529,"$ 114.267,25"
H0717,Formosa,2025-05,3,145,4,N1,19.4,231,"$ 54.461,58"
H0717,Formosa,2025-06,3,145,4,N1,16.3,477,"$ 108.844,30"
H0717,Formosa,2025-07,3,145,4,N1,15.7,420,"$ 98.972,88"
H0717,Formosa,2025-08,3,145,4,N1,18.5,350,"$ 85.596,07"
H0717,Formosa,2025-09,3,145,4,N1,20.4,291,"$ 74.041,73"
H0717,Formosa,2025-10,3,145,4,N1,23.5,"0,624","$ 155.116,27"
H0717,Formosa,2025-11,3,145,4,N1,26.4,"1,250","$ 311.648,10"
H0717,Formosa,2025-12,3,145,4,N1,27.3,"1,264","$ 322.938,64"
H0718,Formosa,2025-01,6,84,2,N2,28.3,1564,"$ 265.493,50"
H0718,Formosa,2025-02,6,84,2,N2,27.6,1139,"$ 189.144,27"
H0718,Formosa,2025-03,6,84,2,N2,26.2,1003,"$ 166.653,29"
H0718,Formosa,2025-04,6,84,2,N2,23.0,484,"$ 64.347,98"
H0718,Formosa,2025-05,6,84,2,N2,19.4,453,"$ 59.438,12"
H0718,Formosa,2025-06,6,84,2,N2,16.3,840,"$ 144.335,44"
H0718,Formosa,2025-07,6,84,2,N2,15.7,914,"$ 164.292,03"
H0718,Formosa,2025-08,6,84,2,N2,18.5,509,"$ 76.689,25"
H0718,Formosa,2025-09,6,84,2,N2,20.4,365,"$ 45.183,25"
H0718,Formosa,2025-10,6,84,2,N2,23.5,"0,648","$ 113.640,91"
H0718,Formosa,2025-11,6,84,2,N2,26.4,"0,847","$ 165.009,30"
H0718,Formosa,2025-12,6,84,2,N2,27.3,"1,005","$ 208.627,03"
H0719,Formosa,2025-01,4,63,2,N2,28.3,958,"$ 150.050,50"
H0719,Formosa,2025-02,4,63,2,N2,27.6,875,"$ 137.594,98"
H0719,Formosa,2025-03,4,63,2,N2,26.2,556,"$ 77.188,89"
H0719,Formosa,2025-04,4,63,2,N2,23.0,361,"$ 39.114,82"
H0719,Formosa,2025-05,4,63,2,N2,19.4,198,"$ 23.929,45"
H0719,Formosa,2025-06,4,63,2,N2,16.3,649,"$ 103.168,59"
H0719,Formosa,2025-07,4,63,2,N2,15.7,502,"$ 73.272,33"
H0719,Formosa,2025-08,4,63,2,N2,18.5,311,"$ 36.857,64"
H0719,Formosa,2025-09,4,63,2,N2,20.4,225,"$ 29.129,27"
H0719,Formosa,2025-10,4,63,2,N2,23.5,"0,334","$ 41.094,71"
H0719,Formosa,2025-11,4,63,2,N2,26.4,"0,640","$ 114.531,08"
H0719,Formosa,2025-12,4,63,2,N2,27.3,"0,723","$ 138.140,42"
H0720,Formosa,2025-01,3,59,1,N2,28.3,497,"$ 62.230,00"
H0720,Formosa,2025-02,3,59,1,N2,27.6,371,"$ 39.182,68"
H0720,Formosa,2025-03,3,59,1,N2,26.2,380,"$ 41.963,54"
H0720,Formosa,2025-04,3,59,1,N2,23.0,240,"$ 27.079,49"
H0720,Formosa,2025-05,3,59,1,N2,19.4,180,"$ 22.289,29"
H0720,Formosa,2025-06,3,59,1,N2,16.3,512,"$ 73.640,53"
H0720,Formosa,2025-07,3,59,1,N2,15.7,483,"$ 69.074,82"
H0720,Formosa,2025-08,3,59,1,N2,18.5,256,"$ 31.460,71"
H0720,Formosa,2025-09,3,59,1,N2,20.4,156,"$ 22.189,31"
H0720,Formosa,2025-10,3,59,1,N2,23.5,"0,227","$ 30.063,69"
H0720,Formosa,2025-11,3,59,1,N2,26.4,"0,291","$ 37.578,23"
H0720,Formosa,2025-12,3,59,1,N2,27.3,"0,486","$ 78.901,68"
H0721,Formosa,2025-01,3,59,1,N2,28.3,534,"$ 69.278,50"
H0721,Formosa,2025-02,3,59,1,N2,27.6,497,"$ 63.785,75"
H0721,Formosa,2025-03,3,59,1,N2,26.2,414,"$ 48.768,44"
H0721,Formosa,2025-04,3,59,1,N2,23.0,237,"$ 26.812,80"
H0721,Formosa,2025-05,3,59,1,N2,19.4,235,"$ 27.300,88"
H0721,Formosa,2025-06,3,59,1,N2,16.3,474,"$ 65.450,27"
H0721,Formosa,2025-07,3,59,1,N2,15.7,416,"$ 54.273,07"
H0721,Formosa,2025-08,3,59,1,N2,18.5,292,"$ 34.993,24"
H0721,Formosa,2025-09,3,59,1,N2,20.4,188,"$ 25.407,84"
H0721,Formosa,2025-10,3,59,1,N2,23.5,"0,256","$ 33.053,41"
H0721,Formosa,2025-11,3,59,1,N2,26.4,"0,496","$ 79.415,81"
H0721,Formosa,2025-12,3,59,1,N2,27.3,"0,449","$ 69.653,43"
H0722,Formosa,2025-01,3,141,4,N1,28.3,1777,"$ 343.852,50"
H0722,Formosa,2025-02,3,141,4,N1,27.6,1353,"$ 269.657,51"
H0722,Formosa,2025-03,3,141,4,N1,26.2,1067,"$ 219.157,75"
H0722,Formosa,2025-04,3,141,4,N1,23.0,476,"$ 103.394,42"
H0722,Formosa,2025-05,3,141,4,N1,19.4,250,"$ 58.456,83"
H0722,Formosa,2025-06,3,141,4,N1,16.3,452,"$ 103.455,97"
H0722,Formosa,2025-07,3,141,4,N1,15.7,437,"$ 102.728,54"
H0722,Formosa,2025-08,3,141,4,N1,18.5,406,"$ 98.276,97"
H0722,Formosa,2025-09,3,141,4,N1,20.4,215,"$ 56.401,70"
H0722,Formosa,2025-10,3,141,4,N1,23.5,"0,581","$ 144.886,21"
H0722,Formosa,2025-11,3,141,4,N1,26.4,"0,965","$ 242.149,11"
H0722,Formosa,2025-12,3,141,4,N1,27.3,"1,115","$ 285.695,72"
H0723,Formosa,2025-01,3,91,0,N2,28.3,213,"$ 22.917,15"
H0723,Formosa,2025-02,3,91,0,N2,27.6,263,"$ 27.720,77"
H0723,Formosa,2025-03,3,91,0,N2,26.2,212,"$ 23.990,60"
H0723,Formosa,2025-04,3,91,0,N2,23.0,253,"$ 28.235,16"
H0723,Formosa,2025-05,3,91,0,N2,19.4,270,"$ 30.490,07"
H0723,Formosa,2025-06,3,91,0,N2,16.3,614,"$ 95.624,93"
H0723,Formosa,2025-07,3,91,0,N2,15.7,575,"$ 89.399,61"
H0723,Formosa,2025-08,3,91,0,N2,18.5,313,"$ 37.053,89"
H0723,Formosa,2025-09,3,91,0,N2,20.4,232,"$ 29.833,33"
H0723,Formosa,2025-10,3,91,0,N2,23.5,"0,185","$ 25.733,76"
H0723,Formosa,2025-11,3,91,0,N2,26.4,"0,258","$ 34.091,08"
H0723,Formosa,2025-12,3,91,0,N2,27.3,"0,225","$ 31.369,04"
H0724,Formosa,2025-01,1,102,1,N2,28.3,334,"$ 32.905,70"
H0724,Formosa,2025-02,1,102,1,N2,27.6,364,"$ 37.815,84"
H0724,Formosa,2025-03,1,102,1,N2,26.2,257,"$ 27.893,41"
H0724,Formosa,2025-04,1,102,1,N2,23.0,171,"$ 20.945,58"
H0724,Formosa,2025-05,1,102,1,N2,19.4,145,"$ 19.100,10"
H0724,Formosa,2025-06,1,102,1,N2,16.3,274,"$ 31.625,91"
H0724,Formosa,2025-07,1,102,1,N2,15.7,264,"$ 31.459,24"
H0724,Formosa,2025-08,1,102,1,N2,18.5,186,"$ 24.591,89"
H0724,Formosa,2025-09,1,102,1,N2,20.4,126,"$ 19.171,94"
H0724,Formosa,2025-10,1,102,1,N2,23.5,"0,199","$ 27.177,07"
H0724,Formosa,2025-11,1,102,1,N2,26.4,"0,385","$ 52.347,78"
H0724,Formosa,2025-12,1,102,1,N2,27.3,"0,387","$ 54.156,38"
H0725,Formosa,2025-01,2,93,3,N3,28.3,1152,"$ 198.120,00"
H0725,Formosa,2025-02,2,93,3,N3,27.6,1120,"$ 196.824,60"
H0725,Formosa,2025-03,2,93,3,N3,26.2,1138,"$ 205.347,81"
H0725,Formosa,2025-04,2,93,3,N3,23.0,425,"$ 64.211,22"
H0725,Formosa,2025-05,2,93,3,N3,19.4,175,"$ 27.966,76"
H0725,Formosa,2025-06,2,93,3,N3,16.3,269,"$ 40.822,00"
H0725,Formosa,2025-07,2,93,3,N3,15.7,411,"$ 66.055,56"
H0725,Formosa,2025-08,2,93,3,N3,18.5,215,"$ 35.551,81"
H0725,Formosa,2025-09,2,93,3,N3,20.4,171,"$ 30.313,01"
H0725,Formosa,2025-10,2,93,3,N3,23.5,"0,335","$ 54.481,02"
H0725,Formosa,2025-11,2,93,3,N3,26.4,"0,834","$ 176.064,11"
H0725,Formosa,2025-12,2,93,3,N3,27.3,"0,882","$ 192.463,43"
H0726,Formosa,2025-01,5,115,1,N2,28.3,541,"$ 70.612,00"
H0726,Formosa,2025-02,5,115,1,N2,27.6,716,"$ 106.548,24"
H0726,Formosa,2025-03,5,115,1,N2,26.2,470,"$ 59.976,50"
H0726,Formosa,2025-04,5,115,1,N2,23.0,368,"$ 40.550,85"
H0726,Formosa,2025-05,5,115,1,N2,19.4,319,"$ 34.954,94"
H0726,Formosa,2025-06,5,115,1,N2,16.3,562,"$ 84.417,20"
H0726,Formosa,2025-07,5,115,1,N2,15.7,598,"$ 94.480,80"
H0726,Formosa,2025-08,5,115,1,N2,18.5,356,"$ 42.043,22"
H0726,Formosa,2025-09,5,115,1,N2,20.4,224,"$ 29.028,69"
H0726,Formosa,2025-10,5,115,1,N2,23.5,"0,322","$ 39.857,59"
H0726,Formosa,2025-11,5,115,1,N2,26.4,"0,567","$ 96.729,59"
H0726,Formosa,2025-12,5,115,1,N2,27.3,"0,654","$ 120.893,70"
H0727,Formosa,2025-01,3,110,3,N3,28.3,1363,"$ 238.315,50"
H0727,Formosa,2025-02,3,110,3,N3,27.6,1222,"$ 216.741,38"
H0727,Formosa,2025-03,3,110,3,N3,26.2,1013,"$ 180.329,80"
H0727,Formosa,2025-04,3,110,3,N3,23.0,482,"$ 75.904,64"
H0727,Formosa,2025-05,3,110,3,N3,19.4,266,"$ 39.447,84"
H0727,Formosa,2025-06,3,110,3,N3,16.3,490,"$ 81.471,57"
H0727,Formosa,2025-07,3,110,3,N3,15.7,575,"$ 102.286,70"
H0727,Formosa,2025-08,3,110,3,N3,18.5,418,"$ 69.292,06"
H0727,Formosa,2025-09,3,110,3,N3,20.4,201,"$ 34.490,91"
H0727,Formosa,2025-10,3,110,3,N3,23.5,"0,613","$ 119.192,11"
H0727,Formosa,2025-11,3,110,3,N3,26.4,"1,314","$ 293.115,04"
H0727,Formosa,2025-12,3,110,3,N3,27.3,"1,191","$ 269.698,76"
H0728,Formosa,2025-01,5,75,2,N2,28.3,740,"$ 108.521,50"
H0728,Formosa,2025-02,5,75,2,N2,27.6,803,"$ 123.536,07"
H0728,Formosa,2025-03,5,75,2,N2,26.2,624,"$ 90.798,69"
H0728,Formosa,2025-04,5,75,2,N2,23.0,378,"$ 42.602,33"
H0728,Formosa,2025-05,5,75,2,N2,19.4,267,"$ 30.216,71"
H0728,Formosa,2025-06,5,75,2,N2,16.3,613,"$ 95.409,39"
H0728,Formosa,2025-07,5,75,2,N2,15.7,727,"$ 122.979,69"
H0728,Formosa,2025-08,5,75,2,N2,18.5,376,"$ 46.572,11"
H0728,Formosa,2025-09,5,75,2,N2,20.4,211,"$ 27.721,16"
H0728,Formosa,2025-10,5,75,2,N2,23.5,"0,506","$ 79.857,92"
H0728,Formosa,2025-11,5,75,2,N2,26.4,"0,673","$ 122.578,34"
H0728,Formosa,2025-12,5,75,2,N2,27.3,"0,774","$ 150.888,00"
H0729,Formosa,2025-01,3,72,0,N2,28.3,180,"$ 20.193,00"
H0729,Formosa,2025-02,3,72,0,N2,27.6,181,"$ 20.782,44"
H0729,Formosa,2025-03,3,72,0,N2,26.2,200,"$ 22.949,85"
H0729,Formosa,2025-04,3,72,0,N2,23.0,206,"$ 24.056,98"
H0729,Formosa,2025-05,3,72,0,N2,19.4,275,"$ 30.945,67"
H0729,Formosa,2025-06,3,72,0,N2,16.3,622,"$ 97.349,19"
H0729,Formosa,2025-07,3,72,0,N2,15.7,694,"$ 115.689,28"
H0729,Formosa,2025-08,3,72,0,N2,18.5,387,"$ 49.063,00"
H0729,Formosa,2025-09,3,72,0,N2,20.4,212,"$ 27.821,74"
H0729,Formosa,2025-10,3,72,0,N2,23.5,"0,243","$ 31.713,19"
H0729,Formosa,2025-11,3,72,0,N2,26.4,"0,209","$ 28.913,21"
H0729,Formosa,2025-12,3,72,0,N2,27.3,"0,202","$ 28.877,85"
H0730,Formosa,2025-01,4,190,3,N1,28.3,1788,"$ 345.948,00"
H0730,Formosa,2025-02,4,190,3,N1,27.6,1307,"$ 260.675,44"
H0730,Formosa,2025-03,4,190,3,N1,26.2,1054,"$ 216.555,88"
H0730,Formosa,2025-04,4,190,3,N1,23.0,555,"$ 119.601,09"
H0730,Formosa,2025-05,4,190,3,N1,19.4,465,"$ 103.666,24"
H0730,Formosa,2025-06,4,190,3,N1,16.3,649,"$ 145.916,02"
H0730,Formosa,2025-07,4,190,3,N1,15.7,1005,"$ 228.212,01"
H0730,Formosa,2025-08,4,190,3,N1,18.5,556,"$ 132.243,67"
H0730,Formosa,2025-09,4,190,3,N1,20.4,247,"$ 63.829,08"
H0730,Formosa,2025-10,4,190,3,N1,23.5,"0,778","$ 191.754,17"
H0730,Formosa,2025-11,4,190,3,N1,26.4,"1,223","$ 305.063,99"
H0730,Formosa,2025-12,4,190,3,N1,27.3,"1,176","$ 300.942,82"
H0731,Formosa,2025-01,2,44,1,N2,28.3,410,"$ 45.656,50"
H0731,Formosa,2025-02,2,44,1,N2,27.6,375,"$ 39.963,72"
H0731,Formosa,2025-03,2,44,1,N2,26.2,331,"$ 34.311,36"
H0731,Formosa,2025-04,2,44,1,N2,23.0,190,"$ 22.634,63"
H0731,Formosa,2025-05,2,44,1,N2,19.4,170,"$ 21.378,10"
H0731,Formosa,2025-06,2,44,1,N2,16.3,361,"$ 41.095,01"
H0731,Formosa,2025-07,2,44,1,N2,15.7,333,"$ 38.064,79"
H0731,Formosa,2025-08,2,44,1,N2,18.5,213,"$ 27.241,29"
H0731,Formosa,2025-09,2,44,1,N2,20.4,105,"$ 17.059,77"
H0731,Formosa,2025-10,2,44,1,N2,23.5,"0,204","$ 27.692,54"
H0731,Formosa,2025-11,2,44,1,N2,26.4,"0,331","$ 41.805,07"
H0731,Formosa,2025-12,2,44,1,N2,27.3,"0,412","$ 60.405,19"
H0732,Formosa,2025-01,2,85,2,N2,28.3,884,"$ 135.953,50"
H0732,Formosa,2025-02,2,85,2,N2,27.6,772,"$ 117.482,94"
H0732,Formosa,2025-03,2,85,2,N2,26.2,736,"$ 113.214,82"
H0732,Formosa,2025-04,2,85,2,N2,23.0,310,"$ 33.302,30"
H0732,Formosa,2025-05,2,85,2,N2,19.4,155,"$ 20.011,30"
H0732,Formosa,2025-06,2,85,2,N2,16.3,361,"$ 41.095,01"
H0732,Formosa,2025-07,2,85,2,N2,15.7,435,"$ 58.470,58"
H0732,Formosa,2025-08,2,85,2,N2,18.5,263,"$ 32.147,59"
H0732,Formosa,2025-09,2,85,2,N2,20.4,199,"$ 26.514,21"
H0732,Formosa,2025-10,2,85,2,N2,23.5,"0,472","$ 71.769,03"
H0732,Formosa,2025-11,2,85,2,N2,26.4,"0,774","$ 147.207,80"
H0732,Formosa,2025-12,2,85,2,N2,27.3,"0,748","$ 144.389,23"
H0733,Formosa,2025-01,3,120,1,N1,28.3,581,"$ 116.014,50"
H0733,Formosa,2025-02,3,120,1,N1,27.6,588,"$ 120.281,70"
H0733,Formosa,2025-03,3,120,1,N1,26.2,468,"$ 99.271,46"
H0733,Formosa,2025-04,3,120,1,N1,23.0,285,"$ 64.211,22"
H0733,Formosa,2025-05,3,120,1,N1,19.4,297,"$ 68.339,82"
H0733,Formosa,2025-06,3,120,1,N1,16.3,500,"$ 113.801,56"
H0733,Formosa,2025-07,3,120,1,N1,15.7,477,"$ 111.565,41"
H0733,Formosa,2025-08,3,120,1,N1,18.5,300,"$ 74.273,84"
H0733,Formosa,2025-09,3,120,1,N1,20.4,228,"$ 59.419,07"
H0733,Formosa,2025-10,3,120,1,N1,23.5,"0,430","$ 108.962,05"
H0733,Formosa,2025-11,3,120,1,N1,26.4,"0,486","$ 125.342,04"
H0733,Formosa,2025-12,3,120,1,N1,27.3,"0,559","$ 146.722,12"
H0734,Formosa,2025-01,3,213,4,N1,28.3,2088,"$ 403.098,00"
H0734,Formosa,2025-02,3,213,4,N1,27.6,1609,"$ 319.644,71"
H0734,Formosa,2025-03,3,213,4,N1,26.2,1462,"$ 298.214,65"
H0734,Formosa,2025-04,3,213,4,N1,23.0,677,"$ 144.629,10"
H0734,Formosa,2025-05,3,213,4,N1,19.4,362,"$ 82.007,78"
H0734,Formosa,2025-06,3,213,4,N1,16.3,776,"$ 173.288,74"
H0734,Formosa,2025-07,3,213,4,N1,15.7,856,"$ 195.294,69"
H0734,Formosa,2025-08,3,213,4,N1,18.5,524,"$ 124.997,44"
H0734,Formosa,2025-09,3,213,4,N1,20.4,307,"$ 77.755,43"
H0734,Formosa,2025-10,3,213,4,N1,23.5,"0,756","$ 186.520,18"
H0734,Formosa,2025-11,3,213,4,N1,26.4,"1,617","$ 401.143,29"
H0734,Formosa,2025-12,3,213,4,N1,27.3,"1,836","$ 465.911,48"
H0735,Formosa,2025-01,3,76,0,N3,28.3,189,"$ 26.936,70"
H0735,Formosa,2025-02,3,76,0,N3,27.6,191,"$ 27.844,43"
H0735,Formosa,2025-03,3,76,0,N3,26.2,173,"$ 26.378,99"
H0735,Formosa,2025-04,3,76,0,N3,23.0,169,"$ 26.546,11"
H0735,Formosa,2025-05,3,76,0,N3,19.4,224,"$ 34.148,88"
H0735,Formosa,2025-06,3,76,0,N3,16.3,409,"$ 64.013,38"
H0735,Formosa,2025-07,3,76,0,N3,15.7,455,"$ 75.776,11"
H0735,Formosa,2025-08,3,76,0,N3,18.5,363,"$ 56.837,60"
H0735,Formosa,2025-09,3,76,0,N3,20.4,169,"$ 30.034,48"
H0735,Formosa,2025-10,3,76,0,N3,23.5,"0,180","$ 32.355,54"
H0735,Formosa,2025-11,3,76,0,N3,26.4,"0,171","$ 31.847,61"
H0735,Formosa,2025-12,3,76,0,N3,27.3,"0,211","$ 38.642,66"
H0736,Formosa,2025-01,3,88,1,N1,28.3,487,"$ 98.107,50"
H0736,Formosa,2025-02,3,88,1,N1,27.6,500,"$ 103.098,60"
H0736,Formosa,2025-03,3,88,1,N1,26.2,402,"$ 86.061,95"
H0736,Formosa,2025-04,3,88,1,N1,23.0,237,"$ 54.364,13"
H0736,Formosa,2025-05,3,88,1,N1,19.4,240,"$ 56.354,06"
H0736,Formosa,2025-06,3,88,1,N1,16.3,404,"$ 93.110,37"
H0736,Formosa,2025-07,3,88,1,N1,15.7,365,"$ 86.822,19"
H0736,Formosa,2025-08,3,88,1,N1,18.5,265,"$ 66.348,28"
H0736,Formosa,2025-09,3,88,1,N1,20.4,204,"$ 53.848,53"
H0736,Formosa,2025-10,3,88,1,N1,23.5,"0,225","$ 60.190,82"
H0736,Formosa,2025-11,3,88,1,N1,26.4,"0,460","$ 119.001,78"
H0736,Formosa,2025-12,3,88,1,N1,27.3,"0,470","$ 124.476,35"
H0737,Formosa,2025-01,3,67,2,N2,28.3,842,"$ 127.952,50"
H0737,Formosa,2025-02,3,67,2,N2,27.6,749,"$ 112.991,90"
H0737,Formosa,2025-03,3,67,2,N2,26.2,661,"$ 98.204,02"
H0737,Formosa,2025-04,3,67,2,N2,23.0,351,"$ 37.063,34"
H0737,Formosa,2025-05,3,67,2,N2,19.4,206,"$ 24.658,41"
H0737,Formosa,2025-06,3,67,2,N2,16.3,486,"$ 68.036,67"
H0737,Formosa,2025-07,3,67,2,N2,15.7,520,"$ 77.248,92"
H0737,Formosa,2025-08,3,67,2,N2,18.5,279,"$ 33.717,61"
H0737,Formosa,2025-09,3,67,2,N2,20.4,188,"$ 25.407,84"
H0737,Formosa,2025-10,3,67,2,N2,23.5,"0,372","$ 47.978,19"
H0737,Formosa,2025-11,3,67,2,N2,26.4,"0,698","$ 128.674,74"
H0737,Formosa,2025-12,3,67,2,N2,27.3,"0,962","$ 197.879,07"
H0738,Formosa,2025-01,3,139,2,N1,28.3,945,"$ 185.356,50"
H0738,Formosa,2025-02,3,139,2,N1,27.6,669,"$ 136.097,96"
H0738,Formosa,2025-03,3,139,2,N1,26.2,651,"$ 135.897,82"
H0738,Formosa,2025-04,3,139,2,N1,23.0,328,"$ 73.032,57"
H0738,Formosa,2025-05,3,139,2,N1,19.4,246,"$ 57.615,72"
H0738,Formosa,2025-06,3,139,2,N1,16.3,497,"$ 113.154,96"
H0738,Formosa,2025-07,3,139,2,N1,15.7,455,"$ 106.705,13"
H0738,Formosa,2025-08,3,139,2,N1,18.5,308,"$ 76.085,40"
H0738,Formosa,2025-09,3,139,2,N1,20.4,189,"$ 50.366,95"
H0738,Formosa,2025-10,3,139,2,N1,23.5,"0,339","$ 87.312,38"
H0738,Formosa,2025-11,3,139,2,N1,26.4,"0,558","$ 142.899,68"
H0738,Formosa,2025-12,3,139,2,N1,27.3,"0,679","$ 176.716,42"
H0739,Formosa,2025-01,2,105,2,N3,28.3,784,"$ 128.016,00"
H0739,Formosa,2025-02,2,105,2,N3,27.6,857,"$ 145.470,56"
H0739,Formosa,2025-03,2,105,2,N3,26.2,585,"$ 94.668,14"
H0739,Formosa,2025-04,2,105,2,N3,23.0,337,"$ 47.224,99"
H0739,Formosa,2025-05,2,105,2,N3,19.4,185,"$ 29.228,41"
H0739,Formosa,2025-06,2,105,2,N3,16.3,414,"$ 65.091,05"
H0739,Formosa,2025-07,2,105,2,N3,15.7,510,"$ 87.926,80"
H0739,Formosa,2025-08,2,105,2,N3,18.5,275,"$ 43.703,81"
H0739,Formosa,2025-09,2,105,2,N3,20.4,163,"$ 29.198,90"
H0739,Formosa,2025-10,2,105,2,N3,23.5,"0,359","$ 58.763,37"
H0739,Formosa,2025-11,2,105,2,N3,26.4,"0,659","$ 133.389,29"
H0739,Formosa,2025-12,2,105,2,N3,27.3,"0,735","$ 155.720,41"
H0740,Formosa,2025-01,3,70,2,N2,28.3,1185,"$ 193.294,00"
H0740,Formosa,2025-02,3,70,2,N2,27.6,1165,"$ 194.221,10"
H0740,Formosa,2025-03,3,70,2,N2,26.2,853,"$ 136.631,68"
H0740,Formosa,2025-04,3,70,2,N2,23.0,435,"$ 54.295,75"
H0740,Formosa,2025-05,3,70,2,N2,19.4,314,"$ 34.499,34"
H0740,Formosa,2025-06,3,70,2,N2,16.3,488,"$ 68.467,73"
H0740,Formosa,2025-07,3,70,2,N2,15.7,595,"$ 93.818,04"
H0740,Formosa,2025-08,3,70,2,N2,18.5,337,"$ 39.408,91"
H0740,Formosa,2025-09,3,70,2,N2,20.4,160,"$ 22.591,63"
H0740,Formosa,2025-10,3,70,2,N2,23.5,"0,463","$ 69.627,86"
H0740,Formosa,2025-11,3,70,2,N2,26.4,"0,949","$ 189.882,62"
H0740,Formosa,2025-12,3,70,2,N2,27.3,"0,861","$ 172.633,87"
H0741,Formosa,2025-01,1,96,3,N1,28.3,1087,"$ 212.407,50"
H0741,Formosa,2025-02,1,96,3,N1,27.6,1074,"$ 215.179,27"
H0741,Formosa,2025-03,1,96,3,N1,26.2,1112,"$ 228.164,23"
H0741,Formosa,2025-04,1,96,3,N1,23.0,416,"$ 91.085,56"
H0741,Formosa,2025-05,1,96,3,N1,19.4,215,"$ 51.097,15"
H0741,Formosa,2025-06,1,96,3,N1,16.3,380,"$ 87.937,57"
H0741,Formosa,2025-07,1,96,3,N1,15.7,408,"$ 96.321,82"
H0741,Formosa,2025-08,1,96,3,N1,18.5,238,"$ 60.234,27"
H0741,Formosa,2025-09,1,96,3,N1,20.4,137,"$ 38.297,45"
H0741,Formosa,2025-10,1,96,3,N1,23.5,"0,531","$ 132.990,79"
H0741,Formosa,2025-11,1,96,3,N1,26.4,"0,937","$ 235.321,14"
H0741,Formosa,2025-12,1,96,3,N1,27.3,"1,222","$ 312.440,64"
H0742,Formosa,2025-01,4,72,2,N2,28.3,1122,"$ 181.292,50"
H0742,Formosa,2025-02,4,72,2,N2,27.6,1021,"$ 166.103,30"
H0742,Formosa,2025-03,4,72,2,N2,26.2,960,"$ 158.047,09"
H0742,Formosa,2025-04,4,72,2,N2,23.0,505,"$ 68.656,08"
H0742,Formosa,2025-05,4,72,2,N2,19.4,327,"$ 35.683,90"
H0742,Formosa,2025-06,4,72,2,N2,16.3,622,"$ 97.349,19"
H0742,Formosa,2025-07,4,72,2,N2,15.7,852,"$ 150.594,89"
H0742,Formosa,2025-08,4,72,2,N2,18.5,422,"$ 56.988,57"
H0742,Formosa,2025-09,4,72,2,N2,20.4,99999,"$ 35.164,02"
H0742,Formosa,2025-10,4,72,2,N2,23.5,"0,472","$ 71.769,03"
H0742,Formosa,2025-11,4,72,2,N2,26.4,"0,815","$ 157.205,90"
H0742,Formosa,2025-12,4,72,2,N2,27.3,"0,934","$ 190.880,40"
H0743,Formosa,2025-01,3,97,3,N2,28.3,1385,"$ 231.394,00"
H0743,Formosa,2025-02,3,97,3,N2,27.6,1127,"$ 186.801,12"
H0743,Formosa,2025-03,3,97,3,N2,26.2,809,"$ 127.825,34"
H0743,Formosa,2025-04,3,97,3,N2,23.0,389,"$ 44.858,96"
H0743,Formosa,2025-05,3,97,3,N2,19.4,257,"$ 29.305,51"
H0743,Formosa,2025-06,3,97,3,N2,16.3,485,"$ 67.821,13"
H0743,Formosa,2025-07,3,97,3,N2,15.7,559,"$ 85.864,86"
H0743,Formosa,2025-08,3,97,3,N2,18.5,426,"$ 57.894,35"
H0743,Formosa,2025-09,3,97,3,N2,20.4,229,"$ 29.531,59"
H0743,Formosa,2025-10,3,97,3,N2,23.5,"0,594","$ 100.793,86"
H0743,Formosa,2025-11,3,97,3,N2,26.4,"0,902","$ 178.421,38"
H0743,Formosa,2025-12,3,97,3,N2,27.3,"1,285","$ 278.613,73"
H0744,Formosa,2025-01,6,97,1,N3,28.3,672,"$ 106.680,00"
H0744,Formosa,2025-02,6,97,1,N3,27.6,828,"$ 139.807,95"
H0744,Formosa,2025-03,6,97,1,N3,26.2,687,"$ 115.082,84"
H0744,Formosa,2025-04,6,97,1,N3,23.0,467,"$ 72.827,42"
H0744,Formosa,2025-05,6,97,1,N3,19.4,463,"$ 73.807,00"
H0744,Formosa,2025-06,6,97,1,N3,16.3,1027,"$ 197.212,94"
H0744,Formosa,2025-07,6,97,1,N3,15.7,1210,"$ 242.571,91"
H0744,Formosa,2025-08,6,97,1,N3,18.5,760,"$ 146.736,12"
H0744,Formosa,2025-09,6,97,1,N3,20.4,345,"$ 54.544,85"
H0744,Formosa,2025-10,6,97,1,N3,23.5,"0,596","$ 115.147,66"
H0744,Formosa,2025-11,6,97,1,N3,26.4,"0,666","$ 135.096,28"
H0744,Formosa,2025-12,6,97,1,N3,27.3,"0,714","$ 150.471,41"
H0745,Formosa,2025-01,2,58,0,N2,28.3,136,"$ 16.560,80"
H0745,Formosa,2025-02,2,58,0,N2,27.6,150,"$ 18.159,41"
H0745,Formosa,2025-03,2,58,0,N2,26.2,115,"$ 15.577,88"
H0745,Formosa,2025-04,2,58,0,N2,23.0,143,"$ 18.456,45"
H0745,Formosa,2025-05,2,58,0,N2,19.4,193,"$ 23.473,85"
H0745,Formosa,2025-06,2,58,0,N2,16.3,371,"$ 43.250,34"
H0745,Formosa,2025-07,2,58,0,N2,15.7,423,"$ 55.819,52"
H0745,Formosa,2025-08,2,58,0,N2,18.5,262,"$ 32.049,46"
H0745,Formosa,2025-09,2,58,0,N2,20.4,127,"$ 19.272,51"
H0745,Formosa,2025-10,2,58,0,N2,23.5,"0,139","$ 20.991,45"
H0745,Formosa,2025-11,2,58,0,N2,26.4,"0,128","$ 20.353,86"
H0745,Formosa,2025-12,2,58,0,N2,27.3,"0,142","$ 22.379,08"
H0746,Formosa,2025-01,4,125,4,N3,28.3,1908,"$ 342.138,00"
H0746,Formosa,2025-02,4,125,4,N3,27.6,1912,"$ 351.472,50"
H0746,Formosa,2025-03,4,125,4,N3,26.2,1366,"$ 250.980,65"
H0746,Formosa,2025-04,4,125,4,N3,23.0,626,"$ 105.445,90"
H0746,Formosa,2025-05,4,125,4,N3,19.4,325,"$ 46.891,63"
H0746,Formosa,2025-06,4,125,4,N3,16.3,623,"$ 110.137,50"
H0746,Formosa,2025-07,4,125,4,N3,15.7,613,"$ 110.681,72"
H0746,Formosa,2025-08,4,125,4,N3,18.5,404,"$ 66.121,83"
H0746,Formosa,2025-09,4,125,4,N3,20.4,257,"$ 42.289,67"
H0746,Formosa,2025-10,4,125,4,N3,23.5,"0,709","$ 142.031,31"
H0746,Formosa,2025-11,4,125,4,N3,26.4,"1,527","$ 345.056,39"
H0746,Formosa,2025-12,4,125,4,N3,27.3,"1,576","$ 365.930,47"
H0747,Formosa,2025-01,2,73,1,N3,28.3,421,"$ 58.864,50"
H0747,Formosa,2025-02,2,73,1,N3,27.6,397,"$ 55.649,81"
H0747,Formosa,2025-03,2,73,1,N3,26.2,399,"$ 57.441,35"
H0747,Formosa,2025-04,2,73,1,N3,23.0,204,"$ 30.854,21"
H0747,Formosa,2025-05,2,73,1,N3,19.4,142,"$ 23.803,28"
H0747,Formosa,2025-06,2,73,1,N3,16.3,319,"$ 47.288,00"
H0747,Formosa,2025-07,2,73,1,N3,15.7,412,"$ 66.276,48"
H0747,Formosa,2025-08,2,73,1,N3,18.5,270,"$ 43.024,48"
H0747,Formosa,2025-09,2,73,1,N3,20.4,135,"$ 25.299,53"
H0747,Formosa,2025-10,2,73,1,N3,23.5,"0,239","$ 40.777,50"
H0747,Formosa,2025-11,2,73,1,N3,26.4,"0,381","$ 65.597,29"
H0747,Formosa,2025-12,2,73,1,N3,27.3,"0,502","$ 97.481,48"
H0748,Formosa,2025-01,3,94,0,N3,28.3,180,"$ 25.908,00"
H0748,Formosa,2025-02,3,94,0,N3,27.6,200,"$ 28.898,85"
H0748,Formosa,2025-03,3,94,0,N3,26.2,178,"$ 26.979,42"
H0748,Formosa,2025-04,3,94,0,N3,23.0,175,"$ 27.284,64"
H0748,Formosa,2025-05,3,94,0,N3,19.4,205,"$ 31.751,73"
H0748,Formosa,2025-06,3,94,0,N3,16.3,432,"$ 68.970,64"
H0748,Formosa,2025-07,3,94,0,N3,15.7,s/l,"$ 98.089,19"
H0748,Formosa,2025-08,3,94,0,N3,18.5,323,"$ 50.225,42"
H0748,Formosa,2025-09,3,94,0,N3,20.4,161,"$ 28.920,38"
H0748,Formosa,2025-10,3,94,0,N3,23.5,"0,215","$ 37.351,62"
H0748,Formosa,2025-11,3,94,0,N3,26.4,"0,208","$ 37.261,21"
H0748,Formosa,2025-12,3,94,0,N3,27.3,"0,229","$ 41.342,14"
H0749,Formosa,2025-01,5,72,2,N2,28.3,756,"$ 111.569,50"
H0749,Formosa,2025-02,5,72,2,N2,27.6,632,"$ 90.146,19"
H0749,Formosa,2025-03,5,72,2,N2,26.2,603,"$ 86.595,66"
H0749,Formosa,2025-04,5,72,2,N2,23.0,304,"$ 32.768,92"
H0749,Formosa,2025-05,5,72,2,N2,19.4,234,"$ 27.209,76"
H0749,Formosa,2025-06,5,72,2,N2,16.3,580,"$ 88.296,79"
H0749,Formosa,2025-07,5,72,2,N2,15.7,700,"$ 117.014,81"
H0749,Formosa,2025-08,5,72,2,N2,18.5,331,"$ 38.820,16"
H0749,Formosa,2025-09,5,72,2,N2,20.4,162,"$ 22.792,78"
H0749,Formosa,2025-10,5,72,2,N2,23.5,"0,371","$ 47.740,28"
H0749,Formosa,2025-11,5,72,2,N2,26.4,"0,665","$ 120.627,49"
H0749,Formosa,2025-12,5,72,2,N2,27.3,"0,811","$ 160.136,24"
H0750,Formosa,2025-01,7,106,2,N2,28.3,999,"$ 157.861,00"
H0750,Formosa,2025-02,7,106,2,N2,27.6,1048,"$ 171.375,39"
H0750,Formosa,2025-03,7,106,2,N2,26.2,721,"$ 110.212,66"
H0750,Formosa,2025-04,7,106,2,N2,23.0,611,"$ 90.401,74"
H0750,Formosa,2025-05,7,106,2,N2,19.4,351,"$ 37.989,93"
H0750,Formosa,2025-06,7,106,2,N2,16.3,779,"$ 131.187,91"
H0750,Formosa,2025-07,7,106,2,N2,15.7,s/l,"$ 170.477,83"
H0750,Formosa,2025-08,7,106,2,N2,18.5,639,"$ 106.127,05"
H0750,Formosa,2025-09,7,106,2,N2,20.4,285,"$ 35.164,02"
H0750,Formosa,2025-10,7,106,2,N2,23.5,"0,502","$ 78.906,28"
H0750,Formosa,2025-11,7,106,2,N2,26.4,"0,909","$ 180.128,38"
H0750,Formosa,2025-12,7,106,2,N2,27.3,"0,950","$ 194.879,64"
H0751,Formosa,2025-01,3,149,1,N1,28.3,501,"$ 100.774,50"
H0751,Formosa,2025-02,3,149,1,N1,27.6,678,"$ 137.855,33"
H0751,Formosa,2025-03,3,149,1,N1,26.2,641,"$ 133.896,38"
H0751,Formosa,2025-04,3,149,1,N1,23.0,416,"$ 91.085,56"
H0751,Formosa,2025-05,3,149,1,N1,19.4,318,"$ 72.755,62"
H0751,Formosa,2025-06,3,149,1,N1,16.3,636,"$ 143.114,09"
H0751,Formosa,2025-07,3,149,1,N1,15.7,534,"$ 124.157,94"
H0751,Formosa,2025-08,3,149,1,N1,18.5,339,"$ 83.105,18"
H0751,Formosa,2025-09,3,149,1,N1,20.4,323,"$ 81.469,12"
H0751,Formosa,2025-10,3,149,1,N1,23.5,"0,405","$ 103.014,34"
H0751,Formosa,2025-11,3,149,1,N1,26.4,"0,592","$ 151.190,79"
H0751,Formosa,2025-12,3,149,1,N1,27.3,"0,708","$ 183.965,05"
H0752,Formosa,2025-01,1,100,3,N1,28.3,1499,"$ 290.893,50"
H0752,Formosa,2025-02,1,100,3,N1,27.6,1356,"$ 270.243,30"
H0752,Formosa,2025-03,1,100,3,N1,26.2,1260,"$ 257.785,55"
H0752,Formosa,2025-04,1,100,3,N1,23.0,520,"$ 112.420,92"
H0752,Formosa,2025-05,1,100,3,N1,19.4,234,"$ 55.092,41"
H0752,Formosa,2025-06,1,100,3,N1,16.3,447,"$ 102.378,30"
H0752,Formosa,2025-07,1,100,3,N1,15.7,406,"$ 95.879,97"
H0752,Formosa,2025-08,1,100,3,N1,18.5,293,"$ 72.688,73"
H0752,Formosa,2025-09,1,100,3,N1,20.4,177,"$ 47.581,68"
H0752,Formosa,2025-10,1,100,3,N1,23.5,"0,617","$ 153.450,92"
H0752,Formosa,2025-11,1,100,3,N1,26.4,"1,154","$ 288.237,92"
H0752,Formosa,2025-12,1,100,3,N1,27.3,"1,212","$ 309.941,11"
H0753,Formosa,2025-01,2,154,2,N1,28.3,903,"$ 177.355,50"
H0753,Formosa,2025-02,2,154,2,N1,27.6,896,"$ 180.422,55"
H0753,Formosa,2025-03,2,154,2,N1,26.2,672,"$ 140.100,84"
H0753,Formosa,2025-04,2,154,2,N1,23.0,394,"$ 86.572,31"
H0753,Formosa,2025-05,2,154,2,N1,19.4,198,"$ 47.522,46"
H0753,Formosa,2025-06,2,154,2,N1,16.3,544,"$ 123.285,03"
H0753,Formosa,2025-07,2,154,2,N1,15.7,595,"$ 137.634,15"
H0753,Formosa,2025-08,2,154,2,N1,18.5,320,"$ 78.802,73"
H0753,Formosa,2025-09,2,154,2,N1,20.4,175,"$ 47.117,47"
H0753,Formosa,2025-10,2,154,2,N1,23.5,"0,458","$ 115.623,48"
H0753,Formosa,2025-11,2,154,2,N1,26.4,"0,641","$ 163.139,73"
H0753,Formosa,2025-12,2,154,2,N1,27.3,"0,962","$ 247.452,98"
H0754,Formosa,2025-01,2,54,1,N2,28.3,597,"$ 81.280,00"
H0754,Formosa,2025-02,2,54,1,N2,27.6,411,"$ 46.993,18"
H0754,Formosa,2025-03,2,54,1,N2,26.2,357,"$ 37.360,22"
H0754,Formosa,2025-04,2,54,1,N2,23.0,193,"$ 22.901,32"
H0754,Formosa,2025-05,2,54,1,N2,19.4,136,"$ 18.280,02"
H0754,Formosa,2025-06,2,54,1,N2,16.3,325,"$ 36.389,20"
H0754,Formosa,2025-07,2,54,1,N2,15.7,299,"$ 34.809,88"
H0754,Formosa,2025-08,2,54,1,N2,18.5,163,"$ 22.334,99"
H0754,Formosa,2025-09,2,54,1,N2,20.4,137,"$ 20.278,31"
H0754,Formosa,2025-10,2,54,1,N2,23.5,"0,238","$ 31.197,72"
H0754,Formosa,2025-11,2,54,1,N2,26.4,"0,298","$ 38.317,92"
H0754,Formosa,2025-12,2,54,1,N2,27.3,"0,363","$ 48.157,52"
H0755,Formosa,2025-01,3,113,3,N1,28.3,1305,"$ 253.936,50"
H0755,Formosa,2025-02,3,113,3,N1,27.6,1048,"$ 210.102,45"
H0755,Formosa,2025-03,3,113,3,N1,26.2,1081,"$ 221.959,77"
H0755,Formosa,2025-04,3,113,3,N1,23.0,352,"$ 77.956,11"
H0755,Formosa,2025-05,3,113,3,N1,19.4,235,"$ 55.302,68"
H0755,Formosa,2025-06,3,113,3,N1,16.3,557,"$ 126.086,96"
H0755,Formosa,2025-07,3,113,3,N1,15.7,523,"$ 121.727,80"
H0755,Formosa,2025-08,3,113,3,N1,18.5,s/l,"$ 94.200,97"
H0755,Formosa,2025-09,3,113,3,N1,20.4,203,"$ 53.616,43"
H0755,Formosa,2025-10,3,113,3,N1,23.5,"0,525","$ 131.563,34"
H0755,Formosa,2025-11,3,113,3,N1,26.4,"1,252","$ 312.135,82"
H0755,Formosa,2025-12,3,113,3,N1,27.3,"1,139","$ 291.694,58"
H0756,Formosa,2025-01,5,108,2,N3,28.3,766,"$ 124.587,00"
H0756,Formosa,2025-02,5,108,2,N3,27.6,525,"$ 80.643,41"
H0756,Formosa,2025-03,5,108,2,N3,26.2,670,"$ 111.680,39"
H0756,Formosa,2025-04,5,108,2,N3,23.0,s/l,"$ 52.312,65"
H0756,Formosa,2025-05,5,108,2,N3,19.4,,"$ 40.583,34"
H0756,Formosa,2025-06,5,108,2,N3,16.3,482,"$ 79.747,31"
H0756,Formosa,2025-07,5,108,2,N3,15.7,716,"$ 133.436,64"
H0756,Formosa,2025-08,5,108,2,N3,18.5,340,"$ 52.535,16"
H0756,Formosa,2025-09,5,108,2,N3,20.4,192,"$ 33.237,54"
H0756,Formosa,2025-10,5,108,2,N3,23.5,"0,388","$ 65.662,72"
H0756,Formosa,2025-11,5,108,2,N3,26.4,"0,666","$ 135.096,28"
H0756,Formosa,2025-12,5,108,2,N3,27.3,"0,551","$ 109.729,15"
H0757,Formosa,2025-01,4,96,3,N3,28.3,1263,"$ 219.265,50"
H0757,Formosa,2025-02,4,96,3,N3,27.6,791,"$ 132.583,24"
H0757,Formosa,2025-03,4,96,3,N3,26.2,987,"$ 175.126,05"
H0757,Formosa,2025-04,4,96,3,N3,23.0,397,"$ 58.467,08"
H0757,Formosa,2025-05,4,96,3,N3,19.4,317,"$ 45.882,30"
H0757,Formosa,2025-06,4,96,3,N3,16.3,538,"$ 91.817,17"
H0757,Formosa,2025-07,4,96,3,N3,15.7,763,"$ 143.819,96"
H0757,Formosa,2025-08,4,96,3,N3,18.5,400,"$ 65.216,06"
H0757,Formosa,2025-09,4,96,3,N3,20.4,207,"$ 35.326,50"
H0757,Formosa,2025-10,4,96,3,N3,23.5,"0,617","$ 120.143,74"
H0757,Formosa,2025-11,4,96,3,N3,26.4,"0,840","$ 177.527,24"
H0757,Formosa,2025-12,4,96,3,N3,27.3,"0,987","$ 218.708,44"
H0758,Formosa,2025-01,5,60,2,N2,28.3,907,"$ 140.335,00"
H0758,Formosa,2025-02,5,60,2,N2,27.6,934,"$ 149.115,46"
H0758,Formosa,2025-03,5,60,2,N2,26.2,598,"$ 85.594,94"
H0758,Formosa,2025-04,5,60,2,N2,23.0,402,"$ 47.525,88"
H0758,Formosa,2025-05,5,60,2,N2,19.4,270,"$ 30.490,07"
H0758,Formosa,2025-06,5,60,2,N2,16.3,617,"$ 96.271,52"
H0758,Formosa,2025-07,5,60,2,N2,15.7,721,"$ 121.654,16"
H0758,Formosa,2025-08,5,60,2,N2,18.5,376,"$ 46.572,11"
H0758,Formosa,2025-09,5,60,2,N2,20.4,223,"$ 28.928,11"
H0758,Formosa,2025-10,5,60,2,N2,23.5,"0,416","$ 58.446,16"
H0758,Formosa,2025-11,5,60,2,N2,26.4,"0,633","$ 112.824,09"
H0758,Formosa,2025-12,5,60,2,N2,27.3,"0,795","$ 156.137,00"
H0759,Formosa,2025-01,5,84,0,N3,28.3,287,"$ 38.138,10"
H0759,Formosa,2025-02,5,84,0,N3,27.6,251,"$ 34.873,88"
H0759,Formosa,2025-03,5,84,0,N3,26.2,292,"$ 40.669,27"
H0759,Formosa,2025-04,5,84,0,N3,23.0,246,"$ 36.023,93"
H0759,Formosa,2025-05,5,84,0,N3,19.4,282,"$ 41.466,50"
H0759,Formosa,2025-06,5,84,0,N3,16.3,574,"$ 99.576,37"
H0759,Formosa,2025-07,5,84,0,N3,15.7,642,"$ 117.088,45"
H0759,Formosa,2025-08,5,84,0,N3,18.5,416,"$ 68.839,17"
H0759,Formosa,2025-09,5,84,0,N3,20.4,277,"$ 45.074,94"
H0759,Formosa,2025-10,5,84,0,N3,23.5,"0,298","$ 49.199,46"
H0759,Formosa,2025-11,5,84,0,N3,26.4,"0,317","$ 53.209,40"
H0759,Formosa,2025-12,5,84,0,N3,27.3,"0,340","$ 57.988,98"
H0760,Formosa,2025-01,2,71,2,N3,28.3,732,"$ 118.110,00"
H0760,Formosa,2025-02,2,71,2,N3,27.6,902,"$ 154.257,38"
H0760,Formosa,2025-03,2,71,2,N3,26.2,792,"$ 136.097,96"
H0760,Formosa,2025-04,2,71,2,N3,23.0,327,"$ 45.994,11"
H0760,Formosa,2025-05,2,71,2,N3,19.4,196,"$ 30.616,24"
H0760,Formosa,2025-06,2,71,2,N3,16.3,306,"$ 45.606,84"
H0760,Formosa,2025-07,2,71,2,N3,15.7,389,"$ 61.195,28"
H0760,Formosa,2025-08,2,71,2,N3,18.5,180,"$ 30.796,47"
H0760,Formosa,2025-09,2,71,2,N3,20.4,173,"$ 30.591,54"
H0760,Formosa,2025-10,2,71,2,N3,23.5,"0,368","$ 60.904,55"
H0760,Formosa,2025-11,2,71,2,N3,26.4,"0,718","$ 147.776,80"
H0760,Formosa,2025-12,2,71,2,N3,27.3,"0,816","$ 175.966,57"
H0761,Formosa,2025-01,1,46,1,N2,28.3,542,"$ 70.802,50"
H0761,Formosa,2025-02,1,46,1,N2,27.6,,"$ 65.347,85"
H0761,Formosa,2025-03,1,46,1,N2,26.2,330,"$ 34.224,63"
H0761,Formosa,2025-04,1,46,1,N2,23.0,162,"$ 20.145,50"
H0761,Formosa,2025-05,1,46,1,N2,19.4,175,"$ 21.833,69"
H0761,Formosa,2025-06,1,46,1,N2,16.3,346,"$ 38.350,55"
H0761,Formosa,2025-07,1,46,1,N2,15.7,378,"$ 45.878,05"
H0761,Formosa,2025-08,1,46,1,N2,18.5,211,"$ 27.045,04"
H0761,Formosa,2025-09,1,46,1,N2,20.4,121,"$ 18.669,04"
H0761,Formosa,2025-10,1,46,1,N2,23.5,"0,219","$ 29.238,94"
H0761,Formosa,2025-11,1,46,1,N2,26.4,"0,366","$ 47.714,51"
H0761,Formosa,2025-12,1,46,1,N2,27.3,"0,395","$ 56.156,00"
H0762,Formosa,2025-01,2,88,3,N1,28.3,1655,"$ 320.611,50"
H0762,Formosa,2025-02,2,88,3,N1,27.6,1332,"$ 265.557,00"
H0762,Formosa,2025-03,2,88,3,N1,26.2,1017,"$ 209.150,55"
H0762,Formosa,2025-04,2,88,3,N1,23.0,575,"$ 123.704,04"
H0762,Formosa,2025-05,2,88,3,N1,19.4,264,"$ 61.400,70"
H0762,Formosa,2025-06,2,88,3,N1,16.3,461,"$ 105.395,77"
H0762,Formosa,2025-07,2,88,3,N1,15.7,416,"$ 98.089,19"
H0762,Formosa,2025-08,2,88,3,N1,18.5,255,"$ 64.083,83"
H0762,Formosa,2025-09,2,88,3,N1,20.4,208,"$ 54.776,96"
H0762,Formosa,2025-10,2,88,3,N1,23.5,"0,613","$ 152.499,28"
H0762,Formosa,2025-11,2,88,3,N1,26.4,"0,963","$ 241.661,40"
H0762,Formosa,2025-12,2,88,3,N1,27.3,"1,106","$ 283.446,14"
H0763,Formosa,2025-01,3,107,1,N2,28.3,557,"$ 73.660,00"
H0763,Formosa,2025-02,3,107,1,N2,27.6,400,"$ 44.845,29"
H0763,Formosa,2025-03,3,107,1,N2,26.2,412,"$ 48.368,15"
H0763,Formosa,2025-04,3,107,1,N2,23.0,285,"$ 31.079,87"
H0763,Formosa,2025-05,3,107,1,N2,19.4,269,"$ 30.398,95"
H0763,Formosa,2025-06,3,107,1,N2,16.3,441,"$ 58.337,67"
H0763,Formosa,2025-07,3,107,1,N2,15.7,461,"$ 64.214,54"
H0763,Formosa,2025-08,3,107,1,N2,18.5,303,"$ 36.072,63"
H0763,Formosa,2025-09,3,107,1,N2,20.4,232,"$ 29.833,33"
H0763,Formosa,2025-10,3,107,1,N2,23.5,"0,354","$ 43.695,84"
H0763,Formosa,2025-11,3,107,1,N2,26.4,"0,414","$ 59.419,60"
H0763,Formosa,2025-12,3,107,1,N2,27.3,"0,450","$ 69.903,38"
H0764,Formosa,2025-01,2,85,1,N2,28.3,712,"$ 103.187,50"
H0764,Formosa,2025-02,2,85,1,N2,27.6,609,"$ 85.655,15"
H0764,Formosa,2025-03,2,85,1,N2,26.2,567,"$ 79.390,48"
H0764,Formosa,2025-04,2,85,1,N2,23.0,240,"$ 27.079,49"
H0764,Formosa,2025-05,2,85,1,N2,19.4,253,"$ 28.941,04"
H0764,Formosa,2025-06,2,85,1,N2,16.3,495,"$ 69.976,47"
H0764,Formosa,2025-07,2,85,1,N2,15.7,482,"$ 68.853,90"
H0764,Formosa,2025-08,2,85,1,N2,18.5,336,"$ 39.310,79"
H0764,Formosa,2025-09,2,85,1,N2,20.4,s/l,"$ 22.088,73"
H0764,Formosa,2025-10,2,85,1,N2,23.5,"0,320","$ 39.651,40"
H0764,Formosa,2025-11,2,85,1,N2,26.4,"0,418","$ 60.395,03"
H0764,Formosa,2025-12,2,85,1,N2,27.3,"0,521","$ 87.650,01"
H0765,Formosa,2025-01,1,79,2,N3,28.3,716,"$ 115.062,00"
H0765,Formosa,2025-02,1,79,2,N3,27.6,537,"$ 82.986,56"
H0765,Formosa,2025-03,1,79,2,N3,26.2,511,"$ 79.857,48"
H0765,Formosa,2025-04,1,79,2,N3,23.0,237,"$ 34.916,13"
H0765,Formosa,2025-05,1,79,2,N3,19.4,126,"$ 21.784,63"
H0765,Formosa,2025-06,1,79,2,N3,16.3,288,"$ 43.279,08"
H0765,Formosa,2025-07,1,79,2,N3,15.7,317,"$ 48.205,09"
H0765,Formosa,2025-08,1,79,2,N3,18.5,152,"$ 26.992,20"
H0765,Formosa,2025-09,1,79,2,N3,20.4,94,"$ 19.589,73"
H0765,Formosa,2025-10,1,79,2,N3,23.5,"0,373","$ 62.094,09"
H0765,Formosa,2025-11,1,79,2,N3,26.4,"0,646","$ 130.219,16"
H0765,Formosa,2025-12,1,79,2,N3,27.3,"0,688","$ 143.972,64"
H0766,Formosa,2025-01,5,92,1,N1,28.3,592,"$ 118.110,00"
H0766,Formosa,2025-02,5,92,1,N1,27.6,472,"$ 97.631,25"
H0766,Formosa,2025-03,5,92,1,N1,26.2,460,"$ 97.670,30"
H0766,Formosa,2025-04,5,92,1,N1,23.0,264,"$ 59.903,12"
H0766,Formosa,2025-05,5,92,1,N1,19.4,296,"$ 68.129,54"
H0766,Formosa,2025-06,5,92,1,N1,16.3,549,"$ 124.362,69"
H0766,Formosa,2025-07,5,92,1,N1,15.7,552,"$ 128.134,53"
H0766,Formosa,2025-08,5,92,1,N1,18.5,419,"$ 101.220,75"
H0766,Formosa,2025-09,5,92,1,N1,20.4,246,"$ 63.596,98"
H0766,Formosa,2025-10,5,92,1,N1,23.5,"0,368","$ 94.211,72"
H0766,Formosa,2025-11,5,92,1,N1,26.4,"0,517","$ 132.901,58"
H0766,Formosa,2025-12,5,92,1,N1,27.3,"0,503","$ 132.724,78"
H0767,Formosa,2025-01,4,162,4,N3,28.3,1329,"$ 231.838,50"
H0767,Formosa,2025-02,4,162,4,N3,27.6,1025,"$ 178.274,66"
H0767,Formosa,2025-03,4,162,4,N3,26.2,994,"$ 176.527,06"
H0767,Formosa,2025-04,4,162,4,N3,23.0,443,"$ 67.903,88"
H0767,Formosa,2025-05,4,162,4,N3,19.4,303,"$ 44.115,98"
H0767,Formosa,2025-06,4,162,4,N3,16.3,491,"$ 81.687,11"
H0767,Formosa,2025-07,4,162,4,N3,15.7,541,"$ 94.775,36"
H0767,Formosa,2025-08,4,162,4,N3,18.5,297,"$ 46.692,88"
H0767,Formosa,2025-09,4,162,4,N3,20.4,s/l,"$ 43.264,51"
H0767,Formosa,2025-10,4,162,4,N3,23.5,"0,555","$ 105.393,42"
H0767,Formosa,2025-11,4,162,4,N3,26.4,"0,999","$ 216.300,37"
H0767,Formosa,2025-12,4,162,4,N3,27.3,"1,269","$ 289.195,05"
H0768,Formosa,2025-01,3,124,3,N1,28.3,1093,"$ 213.550,50"
H0768,Formosa,2025-02,3,124,3,N1,27.6,1116,"$ 223.380,30"
H0768,Formosa,2025-03,3,124,3,N1,26.2,849,"$ 175.526,34"
H0768,Formosa,2025-04,3,124,3,N1,23.0,349,"$ 77.340,67"
H0768,Formosa,2025-05,3,124,3,N1,19.4,229,"$ 54.041,02"
H0768,Formosa,2025-06,3,124,3,N1,16.3,380,"$ 87.937,57"
H0768,Formosa,2025-07,3,124,3,N1,15.7,445,"$ 104.495,91"
H0768,Formosa,2025-08,3,124,3,N1,18.5,383,"$ 93.068,75"
H0768,Formosa,2025-09,3,124,3,N1,20.4,186,"$ 49.670,63"
H0768,Formosa,2025-10,3,124,3,N1,23.5,"0,439","$ 111.103,22"
H0768,Formosa,2025-11,3,124,3,N1,26.4,"0,947","$ 237.759,70"
H0768,Formosa,2025-12,3,124,3,N1,27.3,"1,071","$ 274.697,81"
H0769,Formosa,2025-01,4,90,1,N2,28.3,516,"$ 65.849,50"
H0769,Formosa,2025-02,4,90,1,N2,27.6,469,"$ 58.318,40"
H0769,Formosa,2025-03,4,90,1,N2,26.2,399,"$ 45.766,28"
H0769,Formosa,2025-04,4,90,1,N2,23.0,215,"$ 24.857,06"
H0769,Formosa,2025-05,4,90,1,N2,19.4,209,"$ 24.931,77"
H0769,Formosa,2025-06,4,90,1,N2,16.3,407,"$ 51.009,54"
H0769,Formosa,2025-07,4,90,1,N2,15.7,530,"$ 79.458,13"
H0769,Formosa,2025-08,4,90,1,N2,18.5,224,"$ 28.320,68"
H0769,Formosa,2025-09,4,90,1,N2,20.4,186,"$ 25.206,68"
H0769,Formosa,2025-10,4,90,1,N2,23.5,"0,260","$ 33.465,78"
H0769,Formosa,2025-11,4,90,1,N2,26.4,"0,426","$ 62.345,88"
H0769,Formosa,2025-12,4,90,1,N2,27.3,"0,402","$ 57.905,66"
H0770,Formosa,2025-01,1,48,1,N2,28.3,502,"$ 63.182,50"
H0770,Formosa,2025-02,1,48,1,N2,27.6,460,"$ 56.561,04"
H0770,Formosa,2025-03,1,48,1,N2,26.2,358,"$ 37.560,37"
H0770,Formosa,2025-04,1,48,1,N2,23.0,149,"$ 18.989,84"
H0770,Formosa,2025-05,1,48,1,N2,19.4,121,"$ 16.913,23"
H0770,Formosa,2025-06,1,48,1,N2,16.3,262,"$ 30.505,14"
H0770,Formosa,2025-07,1,48,1,N2,15.7,380,"$ 46.319,89"
H0770,Formosa,2025-08,1,48,1,N2,18.5,152,"$ 21.255,60"
H0770,Formosa,2025-09,1,48,1,N2,20.4,100,"$ 16.556,88"
H0770,Formosa,2025-10,1,48,1,N2,23.5,"0,172","$ 24.393,54"
H0770,Formosa,2025-11,1,48,1,N2,26.4,"0,297","$ 38.212,25"
H0770,Formosa,2025-12,1,48,1,N2,27.3,"0,403","$ 58.155,62"
H0771,Formosa,2025-01,1,59,0,N2,28.3,182,"$ 20.358,10"
H0771,Formosa,2025-02,1,59,0,N2,27.6,184,"$ 21.036,28"
H0771,Formosa,2025-03,1,59,0,N2,26.2,152,"$ 18.786,86"
H0771,Formosa,2025-04,1,59,0,N2,23.0,145,"$ 18.634,25"
H0771,Formosa,2025-05,1,59,0,N2,19.4,223,"$ 26.207,44"
H0771,Formosa,2025-06,1,59,0,N2,16.3,483,"$ 67.390,07"
H0771,Formosa,2025-07,1,59,0,N2,15.7,476,"$ 67.528,37"
H0771,Formosa,2025-08,1,59,0,N2,18.5,359,"$ 42.722,55"
H0771,Formosa,2025-09,1,59,0,N2,20.4,165,"$ 23.094,52"
H0771,Formosa,2025-10,1,59,0,N2,23.5,"0,153","$ 22.434,76"
H0771,Formosa,2025-11,1,59,0,N2,26.4,"0,138","$ 21.410,57"
H0771,Formosa,2025-12,1,59,0,N2,27.3,"0,168","$ 25.195,21"
H0772,Formosa,2025-01,4,100,2,N2,28.3,1060,"$ 169.481,50"
H0772,Formosa,2025-02,4,100,2,N2,27.6,1116,"$ 184.653,24"
H0772,Formosa,2025-03,4,100,2,N2,26.2,790,"$ 124.022,60"
H0772,Formosa,2025-04,4,100,2,N2,23.0,371,"$ 41.166,30"
H0772,Formosa,2025-05,4,100,2,N2,19.4,282,"$ 31.583,51"
H0772,Formosa,2025-06,4,100,2,N2,16.3,99999,"$ 89.589,99"
H0772,Formosa,2025-07,4,100,2,N2,15.7,717,"$ 120.770,47"
H0772,Formosa,2025-08,4,100,2,N2,18.5,369,"$ 44.987,00"
H0772,Formosa,2025-09,4,100,2,N2,20.4,311,"$ 37.779,08"
H0772,Formosa,2025-10,4,100,2,N2,23.5,"0,646","$ 113.165,09"
H0772,Formosa,2025-11,4,100,2,N2,26.4,"0,799","$ 153.304,21"
H0772,Formosa,2025-12,4,100,2,N2,27.3,"0,963","$ 198.129,02"
H0773,Formosa,2025-01,4,110,3,N2,28.3,1049,"$ 167.386,00"
H0773,Formosa,2025-02,4,110,3,N2,27.6,1095,"$ 180.552,73"
H0773,Formosa,2025-03,4,110,3,N2,26.2,733,"$ 112.614,39"
H0773,Formosa,2025-04,4,110,3,N2,23.0,338,"$ 35.791,43"
H0773,Formosa,2025-05,4,110,3,N2,19.4,243,"$ 28.029,84"
H0773,Formosa,2025-06,4,110,3,N2,16.3,407,"$ 51.009,54"
H0773,Formosa,2025-07,4,110,3,N2,15.7,601,"$ 95.143,57"
H0773,Formosa,2025-08,4,110,3,N2,18.5,382,"$ 47.930,78"
H0773,Formosa,2025-09,4,110,3,N2,20.4,208,"$ 27.419,43"
H0773,Formosa,2025-10,4,110,3,N2,23.5,"0,331","$ 40.785,43"
H0773,Formosa,2025-11,4,110,3,N2,26.4,"0,676","$ 123.309,90"
H0773,Formosa,2025-12,4,110,3,N2,27.3,"1,056","$ 221.374,60"
H0774,Formosa,2025-01,3,52,1,N2,28.3,479,"$ 58.801,00"
H0774,Formosa,2025-02,3,52,1,N2,27.6,s/l,"$ 72.963,09"
H0774,Formosa,2025-03,3,52,1,N2,26.2,379,"$ 41.763,39"
H0774,Formosa,2025-04,3,52,1,N2,23.0,215,"$ 24.857,06"
H0774,Formosa,2025-05,3,52,1,N2,19.4,210,"$ 25.022,89"
H0774,Formosa,2025-06,3,52,1,N2,16.3,469,"$ 64.372,60"
H0774,Formosa,2025-07,3,52,1,N2,15.7,387,"$ 47.866,35"
H0774,Formosa,2025-08,3,52,1,N2,18.5,248,"$ 30.675,70"
H0774,Formosa,2025-09,3,52,1,N2,20.4,162,"$ 22.792,78"
H0774,Formosa,2025-10,3,52,1,N2,23.5,"0,223","$ 29.651,32"
H0774,Formosa,2025-11,3,52,1,N2,26.4,"0,340","$ 42.756,10"
H0774,Formosa,2025-12,3,52,1,N2,27.3,"0,449","$ 69.653,43"
H0775,Formosa,2025-01,3,103,3,N3,28.3,1142,"$ 196.215,00"
H0775,Formosa,2025-02,3,103,3,N3,27.6,1430,"$ 257.355,98"
H0775,Formosa,2025-03,3,103,3,N3,26.2,929,"$ 163.517,70"
H0775,Formosa,2025-04,3,103,3,N3,23.0,397,"$ 58.467,08"
H0775,Formosa,2025-05,3,103,3,N3,19.4,250,"$ 37.429,19"
H0775,Formosa,2025-06,3,103,3,N3,16.3,539,"$ 92.032,70"
H0775,Formosa,2025-07,3,103,3,N3,15.7,633,"$ 115.100,15"
H0775,Formosa,2025-08,3,103,3,N3,18.5,339,"$ 52.399,29"
H0775,Formosa,2025-09,3,103,3,N3,20.4,191,"$ 33.098,28"
H0775,Formosa,2025-10,3,103,3,N3,23.5,"0,402","$ 68.993,43"
H0775,Formosa,2025-11,3,103,3,N3,26.4,"1,087","$ 237.759,70"
H0775,Formosa,2025-12,3,103,3,N3,27.3,"1,120","$ 251.952,13"
H0776,Formosa,2025-01,1,54,0,N2,28.3,84,"$ 12.268,20"
H0776,Formosa,2025-02,1,54,0,N2,27.6,99,"$ 13.844,11"
H0776,Formosa,2025-03,1,54,0,N2,26.2,88,"$ 13.236,19"
H0776,Formosa,2025-04,1,54,0,N2,23.0,82,"$ 13.033,71"
H0776,Formosa,2025-05,1,54,0,N2,19.4,111,"$ 16.002,03"
H0776,Formosa,2025-06,1,54,0,N2,16.3,231,"$ 27.609,81"
H0776,Formosa,2025-07,1,54,0,N2,15.7,250,"$ 30.118,98"
H0776,Formosa,2025-08,1,54,0,N2,18.5,136,"$ 19.685,59"
H0776,Formosa,2025-09,1,54,0,N2,20.4,105,"$ 17.059,77"
H0776,Formosa,2025-10,1,54,0,N2,23.5,"0,089","$ 15.836,77"
H0776,Formosa,2025-11,1,54,0,N2,26.4,"0,088","$ 16.127,02"
H0776,Formosa,2025-12,1,54,0,N2,27.3,"0,091","$ 16.855,13"
H0777,Formosa,2025-01,1,148,3,N1,28.3,1296,"$ 252.222,00"
H0777,Formosa,2025-02,1,148,3,N1,27.6,857,"$ 172.807,31"
H0777,Formosa,2025-03,1,148,3,N1,26.2,1126,"$ 230.966,25"
H0777,Formosa,2025-04,1,148,3,N1,23.0,383,"$ 84.315,69"
H0777,Formosa,2025-05,1,148,3,N1,19.4,213,"$ 50.676,60"
H0777,Formosa,2025-06,1,148,3,N1,16.3,371,"$ 85.997,77"
H0777,Formosa,2025-07,1,148,3,N1,15.7,475,"$ 111.123,56"
H0777,Formosa,2025-08,1,148,3,N1,18.5,277,"$ 69.065,61"
H0777,Formosa,2025-09,1,148,3,N1,20.4,190,"$ 50.599,05"
H0777,Formosa,2025-10,1,148,3,N1,23.5,"0,544","$ 136.083,60"
H0777,Formosa,2025-11,1,148,3,N1,26.4,"0,974","$ 244.343,82"
H0777,Formosa,2025-12,1,148,3,N1,27.3,"1,091","$ 279.696,86"
H0778,Formosa,2025-01,5,108,3,N3,28.3,1755,"$ 312.991,50"
H0778,Formosa,2025-02,5,108,3,N3,27.6,1496,"$ 270.243,30"
H0778,Formosa,2025-03,5,108,3,N3,26.2,1310,"$ 239.772,59"
H0778,Formosa,2025-04,5,108,3,N3,23.0,649,"$ 110.164,30"
H0778,Formosa,2025-05,5,108,3,N3,19.4,426,"$ 66.026,78"
H0778,Formosa,2025-06,5,108,3,N3,16.3,842,"$ 157.339,28"
H0778,Formosa,2025-07,5,108,3,N3,15.7,878,"$ 169.225,94"
H0778,Formosa,2025-08,5,108,3,N3,18.5,578,"$ 105.523,20"
H0778,Formosa,2025-09,5,108,3,N3,20.4,319,"$ 50.924,00"
H0778,Formosa,2025-10,5,108,3,N3,23.5,"0,845","$ 174.386,85"
H0778,Formosa,2025-11,5,108,3,N3,26.4,"1,643","$ 373.343,70"
H0778,Formosa,2025-12,5,108,3,N3,27.3,"1,449","$ 334.186,50"
H0779,Formosa,2025-01,3,112,0,N3,28.3,205,"$ 28.765,50"
H0779,Formosa,2025-02,3,112,0,N3,27.6,200,"$ 28.898,85"
H0779,Formosa,2025-03,3,112,0,N3,26.2,171,"$ 26.138,81"
H0779,Formosa,2025-04,3,112,0,N3,23.0,144,"$ 23.468,89"
H0779,Formosa,2025-05,3,112,0,N3,19.4,296,"$ 43.232,82"
H0779,Formosa,2025-06,3,112,0,N3,16.3,506,"$ 84.920,11"
H0779,Formosa,2025-07,3,112,0,N3,15.7,575,"$ 102.286,70"
H0779,Formosa,2025-08,3,112,0,N3,18.5,288,"$ 45.470,08"
H0779,Formosa,2025-09,3,112,0,N3,20.4,215,"$ 36.440,60"
H0779,Formosa,2025-10,3,112,0,N3,23.5,"0,221","$ 38.208,09"
H0779,Formosa,2025-11,3,112,0,N3,26.4,"0,186","$ 34.042,31"
H0779,Formosa,2025-12,3,112,0,N3,27.3,"0,173","$ 32.943,74"
H0780,Formosa,2025-01,5,122,3,N3,28.3,1009,"$ 170.878,50"
H0780,Formosa,2025-02,5,122,3,N3,27.6,853,"$ 144.689,51"
H0780,Formosa,2025-03,5,122,3,N3,26.2,622,"$ 102.073,47"
H0780,Formosa,2025-04,5,122,3,N3,23.0,389,"$ 56.825,90"
H0780,Formosa,2025-05,5,122,3,N3,19.4,232,"$ 35.158,21"
H0780,Formosa,2025-06,5,122,3,N3,16.3,412,"$ 64.659,98"
H0780,Formosa,2025-07,5,122,3,N3,15.7,572,"$ 101.623,93"
H0780,Formosa,2025-08,5,122,3,N3,18.5,305,"$ 47.779,82"
H0780,Formosa,2025-09,5,122,3,N3,20.4,179,"$ 31.427,12"
H0780,Formosa,2025-10,5,122,3,N3,23.5,"0,526","$ 98.494,08"
H0780,Formosa,2025-11,5,122,3,N3,26.4,"0,624","$ 124.854,33"
H0780,Formosa,2025-12,5,122,3,N3,27.3,"0,794","$ 170.467,61"
H0781,Formosa,2025-01,3,82,0,N2,28.3,164,"$ 18.872,20"
H0781,Formosa,2025-02,3,82,0,N2,27.6,165,"$ 19.428,62"
H0781,Formosa,2025-03,3,82,0,N2,26.2,135,"$ 17.312,46"
H0781,Formosa,2025-04,3,82,0,N2,23.0,166,"$ 20.501,09"
H0781,Formosa,2025-05,3,82,0,N2,19.4,225,"$ 26.389,68"
H0781,Formosa,2025-06,3,82,0,N2,16.3,482,"$ 67.174,53"
H0781,Formosa,2025-07,3,82,0,N2,15.7,448,"$ 61.342,56"
H0781,Formosa,2025-08,3,82,0,N2,18.5,274,"$ 33.226,98"
H0781,Formosa,2025-09,3,82,0,N2,20.4,219,"$ 28.525,80"
H0781,Formosa,2025-10,3,82,0,N2,23.5,"0,185","$ 25.733,76"
H0781,Formosa,2025-11,3,82,0,N2,26.4,"0,202","$ 28.173,51"
H0781,Formosa,2025-12,3,82,0,N2,27.3,"0,192","$ 27.794,72"
H0782,Formosa,2025-01,5,95,3,N1,28.3,1540,"$ 298.704,00"
H0782,Formosa,2025-02,5,95,3,N1,27.6,1468,"$ 292.112,70"
H0782,Formosa,2025-03,5,95,3,N1,26.2,1028,"$ 211.352,13"
H0782,Formosa,2025-04,5,95,3,N1,23.0,534,"$ 115.292,99"
H0782,Formosa,2025-05,5,95,3,N1,19.4,279,"$ 64.554,84"
H0782,Formosa,2025-06,5,95,3,N1,16.3,815,"$ 181.694,54"
H0782,Formosa,2025-07,5,95,3,N1,15.7,790,"$ 180.713,87"
H0782,Formosa,2025-08,5,95,3,N1,18.5,507,"$ 121.147,88"
H0782,Formosa,2025-09,5,95,3,N1,20.4,322,"$ 81.237,01"
H0782,Formosa,2025-10,5,95,3,N1,23.5,"0,599","$ 149.168,56"
H0782,Formosa,2025-11,5,95,3,N1,26.4,"1,397","$ 347.494,95"
H0782,Formosa,2025-12,5,95,3,N1,27.3,"1,389","$ 354.182,70"
H0783,Formosa,2025-01,3,88,3,N2,28.3,1631,"$ 278.257,00"
H0783,Formosa,2025-02,3,88,3,N2,27.6,1307,"$ 221.948,38"
H0783,Formosa,2025-03,3,88,3,N2,26.2,1126,"$ 191.271,01"
H0783,Formosa,2025-04,3,88,3,N2,23.0,487,"$ 64.963,43"
H0783,Formosa,2025-05,3,88,3,N2,19.4,301,"$ 33.314,78"
H0783,Formosa,2025-06,3,88,3,N2,16.3,604,"$ 93.469,59"
H0783,Formosa,2025-07,3,88,3,N2,15.7,737,"$ 125.188,90"
H0783,Formosa,2025-08,3,88,3,N2,18.5,358,"$ 42.496,11"
H0783,Formosa,2025-09,3,88,3,N2,20.4,246,"$ 31.241,43"
H0783,Formosa,2025-10,3,88,3,N2,23.5,"0,717","$ 130.056,59"
H0783,Formosa,2025-11,3,88,3,N2,26.4,"1,142","$ 236.946,85"
H0783,Formosa,2025-12,3,88,3,N2,27.3,"1,039","$ 217.125,41"
H0784,Formosa,2025-01,2,88,1,N3,28.3,531,"$ 79.819,50"
H0784,Formosa,2025-02,2,88,1,N3,27.6,514,"$ 78.495,52"
H0784,Formosa,2025-03,2,88,1,N3,26.2,433,"$ 64.246,24"
H0784,Formosa,2025-04,2,88,1,N3,23.0,277,"$ 39.839,68"
H0784,Formosa,2025-05,2,88,1,N3,19.4,202,"$ 31.373,23"
H0784,Formosa,2025-06,2,88,1,N3,16.3,381,"$ 57.978,45"
H0784,Formosa,2025-07,2,88,1,N3,15.7,375,"$ 58.102,38"
H0784,Formosa,2025-08,2,88,1,N3,18.5,220,"$ 36.231,14"
H0784,Formosa,2025-09,2,88,1,N3,20.4,153,"$ 27.806,27"
H0784,Formosa,2025-10,2,88,1,N3,23.5,"0,240","$ 40.920,24"
H0784,Formosa,2025-11,2,88,1,N3,26.4,"0,520","$ 99.493,29"
H0784,Formosa,2025-12,2,88,1,N3,27.3,"0,460","$ 86.983,47"
H0785,Formosa,2025-01,2,127,3,N3,28.3,1112,"$ 190.500,00"
H0785,Formosa,2025-02,2,127,3,N3,27.6,1725,"$ 314.958,41"
H0785,Formosa,2025-03,2,127,3,N3,26.2,1152,"$ 208.149,83"
H0785,Formosa,2025-04,2,127,3,N3,23.0,390,"$ 57.031,05"
H0785,Formosa,2025-05,2,127,3,N3,19.4,222,"$ 33.896,55"
H0785,Formosa,2025-06,2,127,3,N3,16.3,517,"$ 87.290,97"
H0785,Formosa,2025-07,2,127,3,N3,15.7,549,"$ 96.542,74"
H0785,Formosa,2025-08,2,127,3,N3,18.5,342,"$ 52.806,89"
H0785,Formosa,2025-09,2,127,3,N3,20.4,210,"$ 35.744,29"
H0785,Formosa,2025-10,2,127,3,N3,23.5,"0,630","$ 123.236,55"
H0785,Formosa,2025-11,2,127,3,N3,26.4,"1,318","$ 294.090,46"
H0785,Formosa,2025-12,2,127,3,N3,27.3,"1,149","$ 259.200,75"
H0786,Formosa,2025-01,2,87,3,N2,28.3,1741,"$ 299.212,00"
H0786,Formosa,2025-02,2,87,3,N2,27.6,1087,"$ 178.990,62"
H0786,Formosa,2025-03,2,87,3,N2,26.2,814,"$ 128.826,06"
H0786,Formosa,2025-04,2,87,3,N2,23.0,409,"$ 48.961,91"
H0786,Formosa,2025-05,2,87,3,N2,19.4,218,"$ 25.751,84"
H0786,Formosa,2025-06,2,87,3,N2,16.3,425,"$ 54.889,14"
H0786,Formosa,2025-07,2,87,3,N2,15.7,394,"$ 49.412,80"
H0786,Formosa,2025-08,2,87,3,N2,18.5,268,"$ 32.638,22"
H0786,Formosa,2025-09,2,87,3,N2,20.4,236,"$ 30.235,64"
H0786,Formosa,2025-10,2,87,3,N2,23.5,"0,509","$ 80.571,64"
H0786,Formosa,2025-11,2,87,3,N2,26.4,"1,010","$ 204.757,84"
H0786,Formosa,2025-12,2,87,3,N2,27.3,"1,071","$ 225.123,89"
H0787,Formosa,2025-01,3,50,1,N2,28.3,469,"$ 56.896,00"
H0787,Formosa,2025-02,3,50,1,N2,27.6,557,"$ 75.501,50"
H0787,Formosa,2025-03,3,50,1,N2,26.2,403,"$ 46.566,85"
H0787,Formosa,2025-04,3,50,1,N2,23.0,216,"$ 24.945,96"
H0787,Formosa,2025-05,3,50,1,N2,19.4,154,"$ 19.920,18"
H0787,Formosa,2025-06,3,50,1,N2,16.3,317,"$ 35.642,02"
H0787,Formosa,2025-07,3,50,1,N2,15.7,415,"$ 54.052,15"
H0787,Formosa,2025-08,3,50,1,N2,18.5,191,"$ 25.082,52"
H0787,Formosa,2025-09,3,50,1,N2,20.4,183,"$ 24.904,95"
H0787,Formosa,2025-10,3,50,1,N2,23.5,"0,280","$ 35.527,65"
H0787,Formosa,2025-11,3,50,1,N2,26.4,"0,472","$ 73.563,26"
H0787,Formosa,2025-12,3,50,1,N2,27.3,"0,499","$ 82.151,06"
H0788,Formosa,2025-01,2,104,2,N1,28.3,1124,"$ 219.456,00"
H0788,Formosa,2025-02,2,104,2,N1,27.6,852,"$ 171.831,00"
H0788,Formosa,2025-03,2,104,2,N1,26.2,603,"$ 126.290,90"
H0788,Formosa,2025-04,2,104,2,N1,23.0,378,"$ 83.289,95"
H0788,Formosa,2025-05,2,104,2,N1,19.4,184,"$ 44.578,59"
H0788,Formosa,2025-06,2,104,2,N1,16.3,438,"$ 100.438,50"
H0788,Formosa,2025-07,2,104,2,N1,15.7,443,"$ 104.054,07"
H0788,Formosa,2025-08,2,104,2,N1,18.5,270,"$ 67.480,50"
H0788,Formosa,2025-09,2,104,2,N1,20.4,214,"$ 56.169,59"
H0788,Formosa,2025-10,2,104,2,N1,23.5,"0,383","$ 97.780,35"
H0788,Formosa,2025-11,2,104,2,N1,26.4,"0,709","$ 179.721,95"
H0788,Formosa,2025-12,2,104,2,N1,27.3,"0,821","$ 212.209,68"
H0789,Formosa,2025-01,4,81,0,N2,28.3,155,"$ 18.129,25"
H0789,Formosa,2025-02,4,81,0,N2,27.6,238,"$ 25.605,42"
H0789,Formosa,2025-03,4,81,0,N2,26.2,216,"$ 24.337,52"
H0789,Formosa,2025-04,4,81,0,N2,23.0,154,"$ 19.434,32"
H0789,Formosa,2025-05,4,81,0,N2,19.4,221,"$ 26.025,20"
H0789,Formosa,2025-06,4,81,0,N2,16.3,611,"$ 94.978,33"
H0789,Formosa,2025-07,4,81,0,N2,15.7,655,"$ 107.073,33"
H0789,Formosa,2025-08,4,81,0,N2,18.5,361,"$ 43.175,44"
H0789,Formosa,2025-09,4,81,0,N2,20.4,231,"$ 29.732,75"
H0789,Formosa,2025-10,4,81,0,N2,23.5,"0,193","$ 26.558,51"
H0789,Formosa,2025-11,4,81,0,N2,26.4,"0,193","$ 27.222,47"
H0789,Formosa,2025-12,4,81,0,N2,27.3,"0,188","$ 27.361,47"
H0790,Formosa,2025-01,1,42,1,N2,28.3,469,"$ 56.896,00"
H0790,Formosa,2025-02,1,42,1,N2,27.6,428,"$ 50.312,64"
H0790,Formosa,2025-03,1,42,1,N2,26.2,433,"$ 52.571,17"
H0790,Formosa,2025-04,1,42,1,N2,23.0,168,"$ 20.678,88"
H0790,Formosa,2025-05,1,42,1,N2,19.4,136,"$ 18.280,02"
H0790,Formosa,2025-06,1,42,1,N2,16.3,375,"$ 44.112,47"
H0790,Formosa,2025-07,1,42,1,N2,15.7,399,"$ 50.517,40"
H0790,Formosa,2025-08,1,42,1,N2,18.5,251,"$ 30.970,08"
H0790,Formosa,2025-09,1,42,1,N2,20.4,104,"$ 16.959,19"
H0790,Formosa,2025-10,1,42,1,N2,23.5,"0,192","$ 26.455,41"
H0790,Formosa,2025-11,1,42,1,N2,26.4,"0,364","$ 47.226,80"
H0790,Formosa,2025-12,1,42,1,N2,27.3,"0,461","$ 72.652,86"
H0791,Formosa,2025-01,3,73,2,N3,28.3,936,"$ 156.972,00"
H0791,Formosa,2025-02,3,73,2,N3,27.6,766,"$ 127.701,68"
H0791,Formosa,2025-03,3,73,2,N3,26.2,574,"$ 92.466,56"
H0791,Formosa,2025-04,3,73,2,N3,23.0,404,"$ 59.903,12"
H0791,Formosa,2025-05,3,73,2,N3,19.4,312,"$ 45.251,47"
H0791,Formosa,2025-06,3,73,2,N3,16.3,464,"$ 75.867,71"
H0791,Formosa,2025-07,3,73,2,N3,15.7,652,"$ 119.297,66"
H0791,Formosa,2025-08,3,73,2,N3,18.5,325,"$ 50.497,15"
H0791,Formosa,2025-09,3,73,2,N3,20.4,175,"$ 30.870,07"
H0791,Formosa,2025-10,3,73,2,N3,23.5,"0,372","$ 61.856,18"
H0791,Formosa,2025-11,3,73,2,N3,26.4,"0,605","$ 120.221,06"
H0791,Formosa,2025-12,3,73,2,N3,27.3,"0,804","$ 172.967,14"
H0792,Formosa,2025-01,3,78,2,N2,28.3,1024,"$ 162.623,50"
H0792,Formosa,2025-02,3,78,2,N2,27.6,s/l,"$ 139.352,34"
H0792,Formosa,2025-03,3,78,2,N2,26.2,809,"$ 127.825,34"
H0792,Formosa,2025-04,3,78,2,N2,23.0,435,"$ 54.295,75"
H0792,Formosa,2025-05,3,78,2,N2,19.4,262,"$ 29.761,11"
H0792,Formosa,2025-06,3,78,2,N2,16.3,578,"$ 87.865,73"
H0792,Formosa,2025-07,3,78,2,N2,15.7,663,"$ 108.840,71"
H0792,Formosa,2025-08,3,78,2,N2,18.5,307,"$ 36.465,13"
H0792,Formosa,2025-09,3,78,2,N2,20.4,187,"$ 25.307,26"
H0792,Formosa,2025-10,3,78,2,N2,23.5,"0,431","$ 62.014,79"
H0792,Formosa,2025-11,3,78,2,N2,26.4,"0,758","$ 143.306,10"
H0792,Formosa,2025-12,3,78,2,N2,27.3,"0,827","$ 164.135,48"
H0793,Formosa,2025-01,2,69,1,N3,28.3,447,"$ 63.817,50"
H0793,Formosa,2025-02,2,69,1,N3,27.6,404,"$ 57.016,65"
H0793,Formosa,2025-03,2,69,1,N3,26.2,314,"$ 43.311,18"
H0793,Formosa,2025-04,2,69,1,N3,23.0,s/l,"$ 33.562,16"
H0793,Formosa,2025-05,2,69,1,N3,19.4,198,"$ 30.868,57"
H0793,Formosa,2025-06,2,69,1,N3,16.3,502,"$ 84.057,97"
H0793,Formosa,2025-07,2,69,1,N3,15.7,543,"$ 95.217,21"
H0793,Formosa,2025-08,2,69,1,N3,18.5,254,"$ 40.850,61"
H0793,Formosa,2025-09,2,69,1,N3,20.4,161,"$ 28.920,38"
H0793,Formosa,2025-10,2,69,1,N3,23.5,"0,277","$ 46.201,81"
H0793,Formosa,2025-11,2,69,1,N3,26.4,"0,414","$ 73.644,54"
H0793,Formosa,2025-12,2,69,1,N3,27.3,"0,451","$ 84.733,90"
H0794,Formosa,2025-01,1,62,1,N3,28.3,613,"$ 95.440,50"
H0794,Formosa,2025-02,1,62,1,N3,27.6,522,"$ 80.057,62"
H0794,Formosa,2025-03,1,62,1,N3,26.2,332,"$ 45.472,73"
H0794,Formosa,2025-04,1,62,1,N3,23.0,257,"$ 37.377,90"
H0794,Formosa,2025-05,1,62,1,N3,19.4,130,"$ 22.289,29"
H0794,Formosa,2025-06,1,62,1,N3,16.3,311,"$ 46.253,44"
H0794,Formosa,2025-07,1,62,1,N3,15.7,301,"$ 46.084,24"
H0794,Formosa,2025-08,1,62,1,N3,18.5,186,"$ 31.611,67"
H0794,Formosa,2025-09,1,62,1,N3,20.4,138,"$ 25.717,32"
H0794,Formosa,2025-10,1,62,1,N3,23.5,"0,225","$ 38.779,07"
H0794,Formosa,2025-11,1,62,1,N3,26.4,"0,480","$ 89.739,05"
H0794,Formosa,2025-12,1,62,1,N3,27.3,"0,452","$ 84.983,85"
H0795,Formosa,2025-01,5,134,3,N3,28.3,1389,"$ 243.268,50"
H0795,Formosa,2025-02,5,134,3,N3,27.6,1177,"$ 207.954,56"
H0795,Formosa,2025-03,5,134,3,N3,26.2,1239,"$ 225.562,36"
H0795,Formosa,2025-04,5,134,3,N3,23.0,668,"$ 114.062,10"
H0795,Formosa,2025-05,5,134,3,N3,19.4,413,"$ 63.293,18"
H0795,Formosa,2025-06,5,134,3,N3,16.3,839,"$ 156.692,68"
H0795,Formosa,2025-07,5,134,3,N3,15.7,788,"$ 149.343,00"
H0795,Formosa,2025-08,5,134,3,N3,18.5,473,"$ 81.746,51"
H0795,Formosa,2025-09,5,134,3,N3,20.4,227,"$ 38.111,76"
H0795,Formosa,2025-10,5,134,3,N3,23.5,"0,651","$ 128.232,63"
H0795,Formosa,2025-11,5,134,3,N3,26.4,"1,145","$ 251.903,36"
H0795,Formosa,2025-12,5,134,3,N3,27.3,"1,176","$ 265.949,47"
H0796,Isla del Cerrito,2025-01,3,52,0,N2,28.7,180,"$ 20.193,00"
H0796,Isla del Cerrito,2025-02,3,52,0,N2,28.3,99999,"$ 17.144,05"
H0796,Isla del Cerrito,2025-03,3,52,0,N2,25.8,129,"$ 16.792,09"
H0796,Isla del Cerrito,2025-04,3,52,0,N2,22.1,150,"$ 19.078,73"
H0796,Isla del Cerrito,2025-05,3,52,0,N2,18.2,235,"$ 27.300,88"
H0796,Isla del Cerrito,2025-06,3,52,0,N2,16.2,322,"$ 36.109,01"
H0796,Isla del Cerrito,2025-07,3,52,0,N2,15.0,369,"$ 43.889,76"
H0796,Isla del Cerrito,2025-08,3,52,0,N2,17.1,233,"$ 29.203,81"
H0796,Isla del Cerrito,2025-09,3,52,0,N2,19.3,224,"$ 29.028,69"
H0796,Isla del Cerrito,2025-10,3,52,0,N2,22.5,106,"$ 17.589,36"
H0796,Isla del Cerrito,2025-11,3,52,0,N2,25.2,99999,"$ 21.727,58"
H0796,Isla del Cerrito,2025-12,3,52,0,N2,26.6,117,"$ 19.671,26"
H0797,Isla del Cerrito,2025-01,2,44,1,N2,28.7,99999,"$ 58.039,00"
H0797,Isla del Cerrito,2025-02,2,44,1,N2,28.3,493,"$ 63.004,70"
H0797,Isla del Cerrito,2025-03,2,44,1,N2,25.8,293,"$ 31.015,66"
H0797,Isla del Cerrito,2025-04,2,44,1,N2,22.1,99999,"$ 18.011,96"
H0797,Isla del Cerrito,2025-05,2,44,1,N2,18.2,185,"$ 22.744,89"
H0797,Isla del Cerrito,2025-06,2,44,1,N2,16.2,250,"$ 29.384,37"
H0797,Isla del Cerrito,2025-07,2,44,1,N2,15.0,330,"$ 37.777,59"
H0797,Isla del Cerrito,2025-08,2,44,1,N2,17.1,231,"$ 29.007,56"
H0797,Isla del Cerrito,2025-09,2,44,1,N2,19.3,99999,"$ 20.278,31"
H0797,Isla del Cerrito,2025-10,2,44,1,N2,22.5,143,"$ 21.403,83"
H0797,Isla del Cerrito,2025-11,2,44,1,N2,25.2,332,"$ 41.910,74"
H0797,Isla del Cerrito,2025-12,2,44,1,N2,26.6,369,"$ 49.657,23"
H0798,Isla del Cerrito,2025-01,4,60,0,N2,28.7,99999,"$ 20.770,85"
H0798,Isla del Cerrito,2025-02,4,60,0,N2,28.3,174,"$ 20.190,14"
H0798,Isla del Cerrito,2025-03,4,60,0,N2,25.8,169,"$ 20.261,25"
H0798,Isla del Cerrito,2025-04,4,60,0,N2,22.1,170,"$ 20.856,68"
H0798,Isla del Cerrito,2025-05,4,60,0,N2,18.2,335,"$ 36.412,86"
H0798,Isla del Cerrito,2025-06,4,60,0,N2,16.2,381,"$ 45.405,67"
H0798,Isla del Cerrito,2025-07,4,60,0,N2,15.0,463,"$ 64.656,39"
H0798,Isla del Cerrito,2025-08,4,60,0,N2,17.1,352,"$ 41.137,44"
H0798,Isla del Cerrito,2025-09,4,60,0,N2,19.3,199,"$ 26.514,21"
H0798,Isla del Cerrito,2025-10,4,60,0,N2,22.5,99999,"$ 29.135,85"
H0798,Isla del Cerrito,2025-11,4,60,0,N2,25.2,136,"$ 21.199,22"
H0798,Isla del Cerrito,2025-12,4,60,0,N2,26.6,99999,"$ 27.036,53"
H0799,Isla del Cerrito,2025-01,2,48,0,N3,28.7,121,"$ 19.164,30"
H0799,Isla del Cerrito,2025-02,2,48,0,N3,28.3,112,"$ 18.588,99"
H0799,Isla del Cerrito,2025-03,2,48,0,N3,25.8,104,"$ 18.093,02"
H0799,Isla del Cerrito,2025-04,2,48,0,N3,22.1,132,"$ 21.991,83"
H0799,Isla del Cerrito,2025-05,2,48,0,N3,18.2,193,"$ 30.237,74"
H0799,Isla del Cerrito,2025-06,2,48,0,N3,16.2,255,"$ 39.011,52"
H0799,Isla del Cerrito,2025-07,2,48,0,N3,15.0,310,"$ 47.277,22"
H0799,Isla del Cerrito,2025-08,2,48,0,N3,17.1,270,"$ 43.024,48"
H0799,Isla del Cerrito,2025-09,2,48,0,N3,19.3,137,"$ 25.578,05"
H0799,Isla del Cerrito,2025-10,2,48,0,N3,22.5,112,"$ 22.648,88"
H0799,Isla del Cerrito,2025-11,2,48,0,N3,25.2,128,"$ 25.556,12"
H0799,Isla del Cerrito,2025-12,2,48,0,N3,26.6,110,"$ 23.495,54"
H0800,Isla del Cerrito,2025-01,5,66,1,N2,28.7,479,"$ 58.801,00"
H0800,Isla del Cerrito,2025-02,5,66,1,N2,28.3,544,"$ 72.963,09"
H0800,Isla del Cerrito,2025-03,5,66,1,N2,25.8,99999,"$ 38.360,95"
H0800,Isla del Cerrito,2025-04,5,66,1,N2,22.1,224,"$ 25.657,13"
H0800,Isla del Cerrito,2025-05,5,66,1,N2,18.2,333,"$ 36.230,62"
H0800,Isla del Cerrito,2025-06,5,66,1,N2,16.2,447,"$ 59.630,87"
H0800,Isla del Cerrito,2025-07,5,66,1,N2,15.0,535,"$ 80.562,74"
H0800,Isla del Cerrito,2025-08,5,66,1,N2,17.1,380,"$ 47.477,89"
H0800,Isla del Cerrito,2025-09,5,66,1,N2,19.3,99999,"$ 30.537,38"
H0800,Isla del Cerrito,2025-10,5,66,1,N2,22.5,297,"$ 37.280,25"
H0800,Isla del Cerrito,2025-11,5,66,1,N2,25.2,538,"$ 89.657,76"
H0800,Isla del Cerrito,2025-12,5,66,1,N2,26.6,377,"$ 51.656,85"
H0221,Resistencia,2025-03,5,108,1,N3,25.3,515,"$ 80.658,06"
H0223,Resistencia,2025-03,3,98,1,N3,25.3,258,"$ 36.586,33"
H0225,Resistencia,2025-03,5,132,2,N3,25.3,655,"$ 108.678,23"
H0230,Resistencia,2025-03,2,116,3,N1,25.3,680,"$ 141.702,00"
H0231,Resistencia,2025-03,1,39,1,N2,25.3,256,"$ 27.806,68"
H0232,Resistencia,2025-03,1,56,2,N2,25.3,435,"$ 52.971,46"
H0233,Resistencia,2025-03,3,120,3,N1,25.3,667,"$ 139.100,12"
H0234,Resistencia,2025-03,6,76,0,N2,25.3,283,"$ 30.148,37"
H0239,Resistencia,2025-03,4,92,0,N3,25.3,211,"$ 30.942,27"
H0241,Resistencia,2025-03,4,81,0,N2,25.3,156,"$ 19.133,77"
H0243,Resistencia,2025-03,5,78,2,N3,25.3,506,"$ 78.856,76"
H0244,Resistencia,2025-03,2,69,0,N2,25.3,182,"$ 21.388,73"
H0247,Resistencia,2025-03,2,72,1,N2,25.3,418,"$ 49.569,01"
H0250,Resistencia,2025-03,6,107,1,N3,25.3,390,"$ 55.640,05"
H0252,Resistencia,2025-03,3,62,0,N3,25.3,131,"$ 21.335,36"
H0255,Resistencia,2025-03,2,66,0,N3,25.3,125,"$ 20.614,84"
H0257,Resistencia,2025-03,4,65,0,N2,25.3,207,"$ 23.556,96"
H0259,Resistencia,2025-03,3,93,0,N2,25.3,196,"$ 22.602,94"
H0269,Resistencia,2025-03,1,77,0,N3,25.3,145,"$ 23.016,57"
H0270,Resistencia,2025-03,4,86,0,N2,25.3,246,"$ 26.939,39"
H0275,Resistencia,2025-03,3,53,1,N2,25.3,357,"$ 37.360,22"
H0276,Resistencia,2025-03,4,119,1,N3,25.3,302,"$ 41.870,14"
H0278,Resistencia,2025-03,3,85,2,N2,25.3,796,"$ 125.223,47"
H0279,Resistencia,2025-03,1,106,1,N3,25.3,306,"$ 42.350,48"
H0282,Resistencia,2025-03,4,89,2,N2,25.3,483,"$ 62.578,38"
H0283,Resistencia,2025-03,3,79,1,N2,25.3,233,"$ 25.811,91"
H0284,Resistencia,2025-03,5,81,0,N2,25.3,275,"$ 29.454,53"
H0286,Resistencia,2025-03,2,103,3,N3,25.3,1040,"$ 185.733,69"
H0288,Resistencia,2025-03,2,120,1,N1,25.3,405,"$ 86.662,38"
H0289,Resistencia,2025-03,3,59,1,N2,25.3,317,"$ 33.097,16"
H0291,Resistencia,2025-03,2,75,0,N2,25.3,114,"$ 15.491,15"
H0294,Resistencia,2025-03,4,53,1,N2,25.3,518,"$ 69.583,42"
H0295,Resistencia,2025-03,3,146,2,N3,25.3,848,"$ 147.306,03"
H0296,Resistencia,2025-03,3,143,1,N1,25.3,417,"$ 89.064,11"
H0298,Resistencia,2025-03,2,55,0,N2,25.3,107,"$ 14.884,05"
H0304,Resistencia,2025-03,3,90,1,N2,25.3,311,"$ 32.576,78"
H0305,Resistencia,2025-03,4,79,0,N1,25.3,201,"$ 45.832,99"
H0313,Resistencia,2025-03,3,66,1,N2,25.3,296,"$ 31.275,85"
H0315,Resistencia,2025-03,2,65,2,N2,25.3,603,"$ 86.595,66"
H0319,Resistencia,2025-03,4,72,1,N2,25.3,264,"$ 28.500,51"
H0320,Resistencia,2025-03,5,129,2,N3,25.3,643,"$ 106.276,50"
H0324,Resistencia,2025-03,2,65,1,N2,25.3,419,"$ 49.769,16"
H0327,Resistencia,2025-03,1,54,1,N2,25.3,318,"$ 33.183,89"
H0330,Resistencia,2025-03,2,73,0,N2,25.3,177,"$ 20.955,08"
H0332,Resistencia,2025-03,2,57,0,N2,25.3,137,"$ 17.485,92"
H0333,Resistencia,2025-03,5,113,3,N2,25.3,527,"$ 71.384,72"
H0338,Resistencia,2025-03,6,118,1,N3,25.3,570,"$ 91.665,98"
H0339,Resistencia,2025-03,3,104,0,N2,25.3,303,"$ 31.882,95"
H0340,Resistencia,2025-03,2,47,1,N2,25.3,316,"$ 33.010,43"
H0341,Resistencia,2025-03,4,77,1,N3,25.3,431,"$ 63.845,96"
H0345,Resistencia,2025-03,3,81,1,N2,25.3,360,"$ 37.960,66"
H0347,Resistencia,2025-03,3,112,2,N3,25.3,632,"$ 104.074,91"
H0359,Resistencia,2025-03,5,77,1,N2,25.3,314,"$ 32.836,97"
H0360,Resistencia,2025-03,3,113,0,N1,25.3,199,"$ 45.432,70"
H0370,Resistencia,2025-03,7,88,2,N2,25.3,683,"$ 102.607,19"
H0371,Resistencia,2025-03,3,83,2,N2,25.3,498,"$ 65.580,54"
H0372,Resistencia,2025-03,5,83,2,N3,25.3,585,"$ 94.668,14"
H0374,Resistencia,2025-03,2,152,3,N1,25.3,990,"$ 203.746,66"
H0378,Resistencia,2025-03,1,56,0,N2,25.3,121,"$ 16.098,25"
H0380,Resistencia,2025-03,3,99,1,N1,25.3,490,"$ 103.674,62"
H0381,Resistencia,2025-03,4,81,0,N2,25.3,175,"$ 20.781,63"
H0389,Resistencia,2025-03,7,118,4,N3,25.3,952,"$ 168.121,01"
H0392,Resistencia,2025-03,2,64,0,N2,25.3,127,"$ 16.618,63"
H0398,Resistencia,2025-03,2,50,1,N2,25.3,306,"$ 32.143,14"
H0399,Resistencia,2025-03,3,60,0,N2,25.3,130,"$ 16.878,82"
H0400,Resistencia,2025-03,2,69,0,N2,25.3,171,"$ 20.434,71"
H0408,Resistencia,2025-03,3,62,1,N2,25.3,330,"$ 34.224,63"
H0410,Resistencia,2025-03,4,69,1,N2,25.3,438,"$ 53.571,89"
H0414,Resistencia,2025-03,4,101,3,N3,25.3,1009,"$ 179.529,22"
H0417,Resistencia,2025-03,6,100,3,N2,25.3,890,"$ 144.037,01"
H0418,Resistencia,2025-03,2,97,0,N3,25.3,252,"$ 35.865,82"
H0421,Resistencia,2025-03,3,147,4,N1,25.3,940,"$ 193.739,45"
H0426,Resistencia,2025-03,1,127,4,N1,25.3,835,"$ 172.724,33"
H0427,Resistencia,2025-03,2,130,1,N3,25.3,478,"$ 73.252,73"
H0429,Resistencia,2025-03,2,78,1,N3,25.3,318,"$ 43.791,52"
H0433,Resistencia,2025-03,3,99,0,N3,25.3,185,"$ 27.820,02"
H0434,Resistencia,2025-03,3,53,0,N2,25.3,149,"$ 18.526,67"
H0435,Resistencia,2025-03,1,90,2,N3,25.3,494,"$ 76.455,03"
H0438,Resistencia,2025-03,3,84,1,N3,25.3,430,"$ 63.645,81"
H0439,Resistencia,2025-03,3,74,0,N2,25.3,187,"$ 21.822,37"
