edad,ingreso_mensual,cuota,antiguedad_laboral,atrasos_12m,consultas_recientes,dia_solicitud,pago
59,1529000,498000,1.9,0,1,jueves,1
28,667000,28000,7.6,0,1,martes,1
21,728000,62000,2.7,0,1,viernes,1
49,378000,89000,8.1,1,0,viernes,1
36,1287000,200000,3.5,0,0,lunes,1
41,1442000,402000,4.6,0,0,jueves,1
23,739000,254000,5.0,0,4,viernes,0
37,820000,146000,0.9,0,2,lunes,1
49,908000,124000,1.2,1,0,martes,1
36,2046000,114000,0.8,0,2,martes,1
58,1504000,450000,4.2,0,1,miércoles,1
56,1670000,389000,8.2,0,0,martes,1
52,936000,118000,5.5,0,2,lunes,1
61,819000,146000,7.4,0,1,viernes,1
53,1641000,108000,1.9,0,1,miércoles,1
28,474000,22000,10.0,0,2,viernes,1
59,1259000,63000,0.0,0,2,jueves,1
50,557000,143000,3.2,0,0,martes,1
24,1424000,157000,3.1,0,0,martes,1
33,1257000,230000,3.8,0,1,jueves,1
27,670000,34000,5.5,0,0,lunes,1
64,1103000,69000,1.3,0,2,miércoles,1
53,600000,40000,21.6,0,2,lunes,1
62,623000,38000,14.5,1,4,lunes,1
32,837000,136000,1.3,0,1,miércoles,1
49,709000,270000,1.0,0,0,viernes,1
47,1558000,445000,2.7,0,1,martes,1
54,2554000,924000,0.9,1,1,lunes,0
25,1000000,331000,5.4,0,1,lunes,1
43,996000,40000,1.7,0,0,lunes,1
49,1396000,593000,9.3,0,1,jueves,1
57,864000,222000,8.6,0,0,miércoles,1
50,1221000,372000,3.4,1,0,miércoles,1
40,428000,158000,1.5,1,1,jueves,0
41,729000,94000,4.0,0,0,jueves,1
35,497000,61000,6.2,0,0,miércoles,1
27,421000,42000,2.3,0,0,martes,1
32,1526000,166000,0.8,0,1,lunes,1
26,868000,115000,7.3,0,1,martes,1
30,2014000,352000,0.7,1,2,martes,1
59,1957000,117000,1.9,0,0,martes,1
44,966000,135000,0.9,0,0,lunes,1
24,824000,211000,2.6,0,0,viernes,1
39,707000,131000,1.1,0,1,viernes,1
32,331000,82000,1.1,0,1,lunes,1
50,781000,145000,6.5,0,2,martes,1
58,878000,401000,5.7,0,2,viernes,0
20,734000,289000,2.0,1,1,jueves,0
41,641000,226000,1.7,0,0,viernes,1
40,955000,157000,0.1,0,2,lunes,1
65,840000,98000,2.4,0,0,viernes,1
36,1055000,398000,2.3,1,0,viernes,0
27,636000,27000,9.0,0,0,viernes,1
28,2311000,499000,8.1,0,0,miércoles,1
41,1265000,38000,13.8,1,0,miércoles,1
47,922000,28000,10.9,0,3,martes,1
35,697000,117000,0.6,0,0,lunes,1
40,641000,163000,2.3,0,1,martes,1
50,1413000,98000,0.3,0,3,martes,1
33,824000,35000,3.2,0,2,viernes,1
64,1013000,551000,10.4,1,0,martes,0
29,1193000,195000,11.0,1,3,viernes,1
63,776000,225000,12.5,0,0,miércoles,1
60,1111000,39000,4.0,0,1,viernes,1
64,429000,13000,15.8,0,1,miércoles,1
56,642000,25000,10.4,0,3,lunes,1
44,415000,70000,6.0,0,0,viernes,1
47,823000,161000,14.7,1,0,jueves,1
29,817000,310000,5.2,0,0,martes,1
35,2177000,291000,2.0,0,1,miércoles,1
41,695000,299000,2.2,1,1,lunes,0
63,1054000,308000,1.3,0,0,viernes,1
56,1190000,65000,3.1,0,0,martes,1
45,1846000,55000,6.9,0,3,viernes,1
47,1209000,115000,12.8,0,1,lunes,1
39,1376000,438000,4.6,0,1,martes,1
39,2202000,709000,4.5,0,0,viernes,1
61,464000,42000,6.1,0,1,miércoles,1
20,759000,123000,2.0,0,0,martes,1
34,830000,189000,1.8,0,1,miércoles,1
38,954000,142000,0.1,0,0,jueves,1
52,739000,45000,1.1,0,1,jueves,1
38,1587000,559000,3.5,0,2,jueves,1
34,744000,150000,8.1,1,0,miércoles,1
23,733000,304000,4.9,0,0,lunes,1
32,1208000,284000,5.6,1,1,jueves,1
24,704000,145000,6.0,0,0,jueves,1
52,612000,208000,2.1,0,0,miércoles,1
39,546000,74000,2.2,0,0,jueves,1
30,922000,82000,0.4,0,1,lunes,1
44,1545000,679000,2.6,0,1,martes,0
42,1398000,392000,5.9,0,2,viernes,1
41,1196000,41000,1.8,0,0,martes,1
46,1031000,251000,14.1,0,3,miércoles,1
48,761000,47000,8.0,1,0,jueves,1
28,936000,335000,4.0,0,1,lunes,1
27,564000,42000,5.2,0,2,martes,1
53,1048000,199000,5.2,0,1,jueves,1
64,1531000,222000,16.5,1,1,viernes,1
45,471000,24000,3.7,0,0,lunes,1
40,1767000,420000,1.6,0,1,miércoles,1
48,370000,33000,0.5,0,2,viernes,1
21,689000,199000,0.2,0,0,martes,1
37,602000,135000,9.2,0,1,lunes,1
36,707000,178000,6.9,0,0,lunes,1
39,832000,223000,0.2,0,3,jueves,1
54,1713000,288000,1.3,0,1,lunes,1
42,621000,54000,0.2,1,0,viernes,1
59,644000,62000,0.8,0,0,viernes,1
41,698000,41000,10.7,0,0,viernes,1
21,760000,367000,3.0,0,1,martes,0
51,730000,197000,1.4,0,3,jueves,1
56,535000,23000,1.6,0,1,jueves,1
46,1090000,261000,0.9,1,0,viernes,0
63,916000,164000,2.4,0,2,martes,1
39,1518000,411000,0.6,0,1,lunes,1
56,1693000,565000,20.8,0,1,miércoles,1
20,482000,80000,1.2,0,0,martes,1
21,1972000,161000,3.0,0,0,martes,1
56,1224000,232000,4.7,0,1,miércoles,1
60,1719000,309000,5.1,0,2,lunes,1
43,933000,51000,1.7,1,1,lunes,1
54,1301000,39000,2.6,1,0,lunes,1
35,1253000,272000,0.8,0,0,viernes,1
53,1780000,206000,10.5,0,0,jueves,1
42,740000,126000,6.2,0,1,lunes,1
33,743000,174000,11.7,1,0,viernes,1
24,870000,270000,1.5,0,0,miércoles,1
28,1792000,257000,1.0,0,1,jueves,1
61,1938000,316000,4.3,1,2,martes,1
40,592000,171000,2.5,0,1,miércoles,1
65,1244000,275000,2.0,0,0,viernes,1
36,966000,193000,13.1,0,0,martes,1
22,882000,301000,4.0,0,0,viernes,1
31,1250000,161000,0.5,0,0,martes,1
36,2267000,326000,18.0,0,3,jueves,1
52,1283000,541000,4.7,1,2,miércoles,0
53,802000,29000,5.3,0,2,martes,1
53,743000,266000,10.4,0,2,lunes,1
34,1239000,236000,0.9,0,1,miércoles,1
37,1112000,297000,3.7,0,0,miércoles,1
46,1648000,333000,16.6,0,0,jueves,1
47,1859000,399000,5.7,0,1,martes,1
39,1112000,150000,17.8,0,1,martes,1
28,1307000,225000,1.9,1,0,miércoles,1
55,2111000,193000,9.9,0,0,miércoles,1
43,1785000,479000,22.7,0,0,jueves,1
64,664000,95000,1.9,0,0,lunes,1
63,524000,35000,5.4,0,0,martes,1
60,539000,40000,3.0,0,2,viernes,1
64,452000,136000,1.7,0,0,martes,1
48,1187000,70000,3.8,0,1,viernes,1
33,567000,106000,3.5,0,0,viernes,1
27,1354000,694000,0.1,0,0,lunes,1
24,688000,64000,0.1,1,0,viernes,1
63,1530000,433000,0.3,0,0,jueves,1
32,1322000,84000,4.6,0,0,viernes,1
21,1068000,115000,3.0,0,2,viernes,1
21,1218000,401000,1.6,0,0,martes,0
33,556000,47000,2.4,0,0,lunes,1
65,327000,35000,3.5,0,0,lunes,1
32,770000,261000,5.8,0,2,viernes,1
24,1202000,259000,1.9,0,0,lunes,1
50,546000,16000,12.7,0,0,martes,1
22,1317000,234000,4.0,0,0,viernes,1
42,1285000,291000,1.6,0,1,martes,1
23,1035000,417000,5.0,0,1,lunes,0
24,1103000,213000,4.2,0,1,viernes,1
36,940000,304000,2.3,0,3,martes,1
20,1045000,82000,1.1,0,3,lunes,1
59,553000,123000,1.9,0,5,jueves,1
47,1573000,117000,5.8,0,0,martes,1
62,1142000,207000,2.6,0,1,miércoles,1
42,1246000,237000,0.8,0,1,miércoles,1
45,697000,136000,8.9,1,2,viernes,1
47,500000,58000,3.4,1,4,jueves,0
41,1702000,263000,0.7,0,0,viernes,1
45,503000,71000,11.4,1,1,jueves,1
46,841000,346000,0.5,0,0,miércoles,1
60,928000,174000,2.8,0,2,jueves,1
33,1092000,318000,2.3,0,2,jueves,1
62,1131000,448000,1.3,0,2,lunes,1
27,968000,36000,0.7,0,0,jueves,1
28,512000,90000,1.0,0,1,viernes,1
31,862000,310000,13.0,0,0,viernes,1
63,937000,92000,3.6,0,0,martes,1
31,1243000,219000,1.5,0,1,martes,1
56,1087000,312000,0.6,0,1,lunes,1
46,1628000,678000,2.3,0,2,jueves,1
49,1426000,271000,1.2,0,2,jueves,1
23,550000,156000,2.6,0,0,lunes,1
50,1007000,187000,5.2,0,1,martes,1
23,1192000,170000,0.4,0,2,miércoles,1
45,777000,122000,2.4,0,1,miércoles,1
56,1928000,705000,5.7,0,2,viernes,1
62,763000,115000,0.8,0,1,miércoles,1
65,546000,60000,2.4,1,0,lunes,1
30,439000,153000,1.1,0,2,lunes,1
55,792000,158000,4.0,0,0,miércoles,1
47,794000,152000,1.2,0,1,miércoles,1
53,826000,151000,4.3,0,1,miércoles,1
57,362000,179000,0.6,0,3,viernes,0
41,986000,204000,1.1,1,1,miércoles,1
26,1647000,417000,7.2,0,0,jueves,1
56,735000,262000,2.6,1,2,lunes,0
48,1291000,188000,7.3,0,1,miércoles,1
26,745000,110000,0.3,0,3,miércoles,1
38,681000,20000,19.5,0,1,jueves,1
26,1810000,232000,8.0,0,1,viernes,1
55,1371000,172000,5.5,0,0,martes,1
35,1477000,69000,4.2,0,0,lunes,1
23,2840000,641000,5.0,0,1,jueves,1
33,996000,30000,12.0,0,1,martes,1
47,989000,35000,1.7,0,1,lunes,1
47,1064000,190000,2.9,0,1,viernes,1
59,1908000,119000,7.9,0,1,miércoles,1
36,1530000,175000,5.7,0,0,martes,1
48,669000,72000,3.1,0,3,viernes,1
63,691000,192000,0.7,0,0,viernes,1
34,1184000,213000,16.0,0,2,lunes,1
21,1256000,404000,3.0,0,1,martes,0
50,1235000,252000,13.9,0,2,jueves,1
47,1281000,176000,0.7,0,3,jueves,1
35,918000,156000,0.5,1,1,viernes,1
45,1320000,177000,0.4,1,0,miércoles,1
50,1337000,208000,2.7,0,0,miércoles,1
57,669000,41000,3.5,0,0,lunes,1
25,568000,108000,0.0,0,2,jueves,1
41,1112000,89000,3.2,0,1,martes,1
32,832000,212000,10.0,1,0,viernes,1
35,523000,56000,1.1,0,0,martes,1
21,1417000,357000,3.0,0,0,martes,1
39,1209000,103000,4.1,0,1,miércoles,1
23,1873000,156000,5.0,1,1,lunes,1
62,976000,66000,0.5,0,1,viernes,1
45,1035000,32000,1.6,0,0,viernes,1
39,522000,91000,2.4,0,0,lunes,1
30,1887000,594000,0.9,0,0,jueves,1
63,1320000,203000,2.6,0,2,miércoles,1
43,1495000,56000,7.9,0,0,martes,1
65,893000,261000,5.1,0,0,jueves,1
50,973000,290000,0.0,0,2,martes,1
65,1158000,245000,4.3,0,0,martes,1
60,710000,69000,4.1,0,2,martes,1
54,703000,282000,1.4,1,2,viernes,0
36,2451000,416000,4.1,0,0,lunes,1
55,1163000,35000,25.1,0,0,martes,1
34,730000,38000,1.6,0,1,jueves,1
59,525000,37000,5.6,0,0,miércoles,1
34,586000,58000,13.5,0,1,jueves,1
23,1154000,41000,0.1,0,1,miércoles,1
25,646000,92000,7.0,0,0,miércoles,1
40,611000,56000,0.3,1,2,viernes,1
50,905000,369000,0.2,0,1,martes,1
33,1169000,169000,13.5,0,0,viernes,1
57,1772000,118000,3.6,0,0,martes,1
31,687000,178000,0.7,0,3,martes,1
41,726000,299000,12.7,0,1,lunes,1
35,1173000,159000,0.3,0,2,viernes,1
45,798000,46000,6.7,0,0,viernes,1
28,1448000,269000,1.4,0,0,viernes,1
64,804000,429000,5.6,0,1,viernes,0
62,545000,122000,2.8,0,1,miércoles,1
52,720000,167000,12.1,0,4,martes,1
44,493000,44000,0.3,0,0,lunes,1
54,781000,30000,1.2,0,2,miércoles,1
41,1231000,206000,9.4,0,0,miércoles,1
60,1015000,243000,0.2,0,1,viernes,1
23,941000,194000,3.4,0,0,miércoles,1
29,557000,145000,7.4,1,2,jueves,0
41,704000,27000,3.7,0,1,lunes,1
49,832000,329000,3.5,0,1,martes,1
52,1107000,150000,4.5,0,0,lunes,1
53,3090000,2062000,1.1,0,0,miércoles,0
63,727000,136000,1.3,0,0,miércoles,1
58,1513000,271000,8.1,0,1,viernes,1
62,589000,234000,0.2,1,2,viernes,0
35,621000,105000,6.8,0,2,lunes,1
51,407000,19000,4.6,0,0,martes,1
51,695000,120000,0.9,0,1,lunes,1
47,1581000,288000,8.7,0,1,miércoles,1
47,978000,128000,2.5,0,2,lunes,1
44,1709000,303000,2.5,0,0,jueves,1
38,788000,190000,19.5,0,1,miércoles,1
26,1594000,518000,3.6,0,0,viernes,1
24,768000,92000,6.0,0,2,miércoles,1
20,1470000,442000,2.0,0,4,miércoles,0
36,2058000,785000,11.1,0,2,martes,1
37,890000,124000,0.9,0,2,lunes,1
64,537000,158000,23.8,0,0,lunes,1
31,2254000,169000,0.7,0,1,lunes,1
29,667000,125000,11.0,1,1,viernes,1
22,764000,115000,2.3,0,2,martes,1
25,857000,193000,7.0,0,0,lunes,1
50,1488000,550000,9.4,0,0,viernes,1
36,1345000,169000,2.0,0,2,martes,1
48,1324000,563000,1.0,0,2,jueves,0
24,872000,68000,0.7,0,2,jueves,1
55,904000,488000,4.7,0,1,viernes,0
32,1428000,309000,0.5,0,1,miércoles,1
22,2089000,145000,4.0,1,0,martes,1
62,563000,135000,5.1,0,0,martes,1
36,1737000,208000,0.9,0,0,jueves,1
34,1527000,295000,2.3,0,1,lunes,1
22,1333000,70000,0.5,1,3,lunes,0
46,724000,253000,3.0,0,0,miércoles,1
32,1038000,301000,2.8,0,0,miércoles,1
30,1183000,367000,1.3,0,0,martes,1
51,745000,132000,6.8,0,1,viernes,1
50,1693000,634000,1.3,0,0,jueves,1
26,806000,55000,0.4,0,0,viernes,1
25,1992000,162000,1.5,0,1,martes,1
31,509000,95000,0.1,0,1,lunes,1
56,538000,97000,0.2,0,1,jueves,1
32,425000,80000,5.1,0,1,miércoles,1
39,1376000,237000,2.1,0,1,jueves,1
25,664000,193000,4.5,1,2,jueves,0
28,689000,131000,0.6,0,1,viernes,1
50,1504000,127000,9.2,0,2,jueves,1
54,2180000,198000,1.1,0,3,martes,1
59,710000,286000,12.7,0,3,lunes,1
45,1844000,479000,26.9,1,1,viernes,1
32,1272000,413000,4.1,0,1,viernes,1
40,991000,235000,6.0,1,0,jueves,1
27,581000,125000,9.0,0,3,miércoles,1
31,528000,62000,10.7,0,0,jueves,1
42,1024000,350000,2.9,0,0,viernes,1
55,1057000,217000,0.4,0,1,jueves,1
31,729000,139000,1.6,0,0,lunes,1
36,637000,144000,0.5,0,0,martes,1
21,550000,88000,3.0,1,4,viernes,0
21,1168000,263000,3.0,0,0,martes,1
45,1349000,144000,0.2,0,0,miércoles,1
64,1376000,122000,7.1,0,1,miércoles,1
46,1312000,270000,3.2,0,1,miércoles,1
21,779000,98000,1.7,0,0,martes,1
46,2046000,323000,4.2,0,1,jueves,1
25,632000,164000,7.0,0,1,miércoles,1
51,1286000,446000,0.9,0,1,miércoles,1
41,831000,224000,8.6,0,2,lunes,1
36,602000,93000,0.7,0,1,lunes,1
29,744000,83000,7.1,0,1,viernes,1
28,1273000,268000,3.5,0,0,miércoles,1
35,1625000,276000,1.3,0,0,martes,1
40,1152000,155000,1.3,0,0,jueves,1
46,266000,16000,2.0,0,0,lunes,1
51,1387000,208000,18.4,0,0,miércoles,1
64,382000,55000,1.9,1,1,martes,1
21,2372000,548000,1.1,0,3,martes,1
63,1098000,143000,0.3,0,1,jueves,1
45,1065000,213000,7.3,0,0,miércoles,1
23,1566000,282000,5.0,0,0,martes,1
59,877000,109000,3.4,0,1,miércoles,1
59,887000,294000,0.0,0,0,jueves,1
33,839000,86000,3.6,0,1,jueves,1
27,1056000,356000,0.3,1,1,jueves,0
33,1035000,254000,6.3,0,2,viernes,1
57,1105000,403000,0.4,0,2,martes,0
62,223000,7000,1.6,0,0,lunes,1
33,955000,104000,4.2,0,3,viernes,1
41,486000,88000,2.2,1,1,miércoles,1
53,3405000,946000,3.2,0,0,jueves,1
28,1427000,175000,0.8,0,0,lunes,1
53,1517000,469000,1.7,0,1,miércoles,1
30,1234000,295000,3.6,0,1,miércoles,1
59,1349000,146000,19.0,0,0,jueves,1
26,665000,50000,0.5,0,0,lunes,1
65,1422000,201000,6.1,0,2,lunes,1
53,1467000,198000,2.2,0,1,viernes,1
32,1081000,32000,0.1,1,2,miércoles,1
57,1413000,209000,15.3,0,0,martes,1
48,1610000,448000,13.0,0,1,martes,1
41,1005000,528000,4.9,0,1,viernes,1
54,603000,226000,0.6,0,1,viernes,0
51,1446000,248000,2.2,0,0,viernes,1
23,1989000,495000,2.2,1,0,miércoles,1
30,583000,65000,1.6,0,0,martes,1
50,1690000,780000,0.2,0,0,lunes,0
38,1124000,342000,1.5,0,2,lunes,1
34,1320000,252000,16.0,0,4,viernes,1
45,1465000,262000,0.3,0,2,miércoles,1
27,620000,45000,1.2,0,0,miércoles,1
65,1141000,129000,12.9,0,1,martes,1
45,1586000,159000,2.2,0,2,lunes,1
20,1902000,611000,2.0,0,1,lunes,1
41,1483000,346000,1.0,0,1,viernes,1
54,657000,38000,3.0,0,3,martes,1
46,1098000,182000,4.7,1,1,miércoles,1
43,895000,223000,9.0,0,1,miércoles,1
49,1030000,172000,10.4,0,1,viernes,1
21,1653000,187000,3.0,0,0,miércoles,1
42,534000,117000,0.9,0,0,lunes,1
38,1267000,229000,5.6,0,0,martes,1
61,1224000,63000,2.5,1,3,lunes,1
46,646000,202000,2.4,0,0,miércoles,1
28,1665000,379000,10.0,0,0,jueves,1
59,769000,75000,1.8,0,1,martes,1
33,1022000,347000,3.2,0,0,martes,1
65,311000,69000,6.1,0,1,jueves,1
36,1660000,138000,8.4,0,1,martes,1
59,881000,415000,6.1,1,0,miércoles,0
55,868000,339000,0.3,0,2,martes,1
53,1936000,396000,4.8,0,0,lunes,1
49,418000,91000,6.3,0,0,jueves,1
21,1483000,89000,3.0,0,0,lunes,1
29,1613000,307000,8.5,1,6,miércoles,0
60,407000,77000,1.1,0,0,martes,1
54,1128000,408000,4.8,1,1,jueves,0
41,842000,89000,8.7,0,3,lunes,1
55,622000,96000,1.3,0,3,viernes,1
50,558000,95000,2.6,0,0,martes,1
55,1389000,508000,3.0,1,0,miércoles,1
44,1701000,256000,0.4,0,1,martes,1
23,602000,109000,4.1,0,1,lunes,1
38,652000,100000,10.3,0,1,miércoles,1
29,1454000,44000,2.6,1,1,miércoles,1
59,3002000,678000,3.4,0,1,viernes,1
61,494000,123000,4.4,0,1,martes,1
29,516000,15000,6.3,0,1,martes,1
60,610000,178000,2.8,1,1,martes,0
35,614000,85000,5.1,0,2,viernes,1
29,1703000,263000,1.6,0,1,lunes,1
32,627000,221000,0.6,0,0,miércoles,1
45,2790000,1004000,0.1,0,1,martes,0
31,1239000,373000,0.4,0,1,lunes,1
32,1601000,282000,3.2,0,1,lunes,1
52,1339000,195000,0.4,0,0,viernes,1
39,623000,207000,1.4,1,0,lunes,0
52,527000,104000,13.6,1,1,viernes,1
20,1551000,497000,2.0,0,2,viernes,1
24,1761000,200000,6.0,0,1,viernes,1
32,1226000,167000,7.4,0,0,miércoles,1
36,1007000,147000,0.7,0,0,lunes,1
32,1053000,65000,8.3,0,1,viernes,1
38,1115000,168000,6.0,0,1,jueves,1
62,538000,56000,3.5,0,1,miércoles,1
41,1035000,80000,0.4,0,1,miércoles,1
47,1007000,162000,4.8,0,2,miércoles,1
56,442000,18000,6.0,0,0,jueves,1
28,289000,51000,10.0,0,0,miércoles,1
26,893000,78000,1.0,0,2,viernes,1
39,390000,81000,9.8,0,0,viernes,1
48,338000,164000,5.6,0,2,lunes,0
42,450000,40000,2.7,0,1,viernes,1
25,1096000,407000,7.0,0,1,miércoles,1
49,982000,29000,0.8,0,0,miércoles,1
62,1039000,45000,0.0,0,1,martes,1
44,2203000,334000,12.7,0,2,viernes,1
61,1277000,70000,1.6,0,0,lunes,1
39,2053000,320000,12.7,0,2,jueves,1
38,1095000,225000,2.0,1,0,miércoles,1
34,1647000,511000,0.7,0,2,viernes,1
43,2078000,337000,21.7,0,0,miércoles,1
46,2525000,162000,4.5,0,1,miércoles,1
24,905000,235000,6.0,0,2,viernes,1
64,572000,85000,5.6,0,1,martes,1
27,1029000,157000,9.0,0,1,lunes,1
45,1882000,392000,2.9,0,1,lunes,1
34,2087000,319000,2.4,0,1,viernes,1
60,1062000,268000,6.0,0,1,martes,1
49,1191000,321000,3.9,1,2,viernes,0
20,2101000,521000,2.0,0,3,viernes,1
21,1087000,182000,3.0,0,2,jueves,1
29,1371000,228000,0.8,0,1,jueves,1
57,1542000,564000,6.8,0,1,martes,1
59,903000,31000,1.8,0,0,martes,1
45,673000,235000,8.7,0,0,jueves,1
46,3163000,315000,0.6,0,1,jueves,1
49,762000,67000,9.9,0,1,jueves,1
42,609000,247000,8.3,0,1,viernes,1
43,887000,137000,10.6,0,2,jueves,1
36,1077000,164000,0.2,0,1,lunes,1
42,1147000,204000,1.5,0,1,jueves,1
33,859000,255000,3.1,0,2,martes,1
54,1263000,83000,1.6,0,1,lunes,1
51,2227000,1166000,4.8,0,2,lunes,0
52,857000,283000,1.5,0,0,viernes,1
36,1020000,80000,0.1,0,0,viernes,1
38,1919000,152000,2.5,0,1,jueves,1
40,625000,148000,0.2,0,1,jueves,1
47,573000,88000,6.0,0,1,viernes,1
55,723000,307000,19.0,0,2,lunes,1
20,949000,499000,2.0,0,1,viernes,0
63,1521000,167000,5.2,0,3,viernes,1
59,465000,76000,12.2,0,0,martes,1
65,730000,152000,1.6,0,2,miércoles,1
32,594000,184000,1.1,0,1,viernes,1
42,475000,148000,8.7,1,1,jueves,1
45,547000,50000,1.0,0,1,martes,1
26,1419000,168000,5.0,0,1,lunes,1
36,1048000,148000,16.4,0,1,jueves,1
21,1076000,286000,3.0,0,0,viernes,1
25,1335000,165000,0.4,0,0,jueves,1
42,1227000,46000,1.0,1,1,lunes,1
34,1222000,133000,3.0,0,0,jueves,1
23,2444000,999000,2.8,0,1,lunes,0
58,1369000,100000,2.1,0,0,viernes,1
25,279000,26000,6.3,0,0,miércoles,1
30,1306000,256000,2.3,0,0,jueves,1
30,1575000,137000,0.5,0,0,martes,1
43,1263000,199000,1.8,0,0,jueves,1
65,754000,63000,1.1,1,1,miércoles,1
21,616000,59000,1.5,0,1,jueves,1
27,1021000,111000,0.3,0,0,martes,1
35,1375000,422000,0.7,1,0,lunes,0
25,1505000,104000,0.9,0,3,miércoles,1
20,421000,99000,2.0,0,2,lunes,1
62,1171000,154000,4.5,1,1,viernes,1
30,1825000,578000,5.4,0,1,viernes,1
48,1436000,134000,0.9,0,0,jueves,1
60,3312000,225000,3.6,0,0,jueves,1
54,720000,255000,0.5,0,2,lunes,0
21,566000,61000,1.1,0,2,martes,1
36,1515000,520000,4.3,0,1,lunes,1
22,2029000,123000,4.0,0,0,lunes,1
62,622000,110000,1.6,0,1,viernes,1
41,1022000,245000,3.3,0,1,miércoles,1
64,1119000,55000,5.4,0,1,lunes,1
38,1218000,219000,0.9,1,2,viernes,0
45,1806000,278000,7.8,1,1,viernes,1
22,3013000,147000,3.6,0,1,lunes,1
65,765000,139000,0.1,0,1,jueves,1
59,864000,234000,3.4,1,1,viernes,1
43,495000,155000,1.7,0,1,jueves,1
30,1440000,379000,7.0,0,2,miércoles,1
40,589000,98000,1.8,0,0,lunes,1
40,1061000,122000,10.0,0,1,miércoles,1
56,1242000,186000,0.0,0,0,viernes,1
33,1866000,72000,5.6,1,2,viernes,1
49,976000,29000,13.8,0,2,lunes,1
57,796000,57000,1.8,0,2,miércoles,1
29,741000,54000,9.8,0,3,miércoles,1
55,1584000,201000,7.1,1,1,miércoles,1
43,851000,51000,3.4,0,0,jueves,1
29,1027000,230000,4.1,0,1,miércoles,1
20,1427000,140000,2.0,0,2,martes,1
60,1834000,298000,2.2,0,1,miércoles,1
60,1717000,104000,0.7,0,0,miércoles,1
22,518000,215000,2.3,0,1,lunes,0
44,600000,139000,4.0,1,1,lunes,0
24,1182000,91000,6.0,0,0,jueves,1
22,1308000,436000,1.8,0,0,martes,1
22,1137000,92000,4.0,1,3,lunes,1
63,1841000,299000,7.3,0,0,lunes,1
43,2054000,430000,0.3,0,1,jueves,1
65,965000,218000,0.2,0,1,lunes,1
55,1088000,175000,2.3,0,0,jueves,1
53,1663000,64000,3.1,0,1,jueves,1
24,1501000,400000,2.0,0,1,viernes,1
39,625000,136000,4.3,0,0,viernes,1
45,546000,27000,6.7,0,1,miércoles,1
47,438000,104000,12.0,0,1,martes,1
26,993000,273000,4.8,0,0,lunes,1
20,757000,189000,2.0,0,0,jueves,1
48,726000,104000,0.1,0,1,martes,1
24,487000,49000,6.0,0,0,viernes,1
63,972000,397000,2.8,0,1,miércoles,1
35,492000,128000,6.4,0,0,lunes,1
62,577000,62000,4.4,0,2,viernes,1
38,842000,81000,3.7,0,1,viernes,1
39,1233000,65000,2.1,0,0,viernes,1
54,1009000,282000,14.2,0,0,martes,1
61,1366000,77000,0.6,0,1,jueves,1
27,963000,83000,1.8,0,1,miércoles,1
40,816000,70000,6.8,0,1,miércoles,1
25,853000,337000,1.0,0,1,martes,1
52,654000,188000,12.2,0,1,jueves,1
52,1005000,313000,4.5,0,1,martes,1
26,1709000,172000,1.0,0,1,viernes,1
60,1392000,157000,0.4,0,1,miércoles,1
65,1381000,170000,0.0,0,0,lunes,1
60,1178000,279000,12.4,0,2,jueves,1
56,1101000,197000,2.0,0,3,viernes,1
54,1037000,239000,2.2,0,1,lunes,1
32,605000,34000,0.1,0,0,jueves,1
65,592000,18000,5.6,0,2,miércoles,1
34,641000,153000,5.0,0,0,miércoles,1
44,1518000,420000,0.8,0,0,viernes,1
52,742000,240000,1.1,0,2,jueves,1
55,1321000,352000,4.2,0,2,miércoles,1
34,587000,34000,4.9,1,1,miércoles,1
39,873000,438000,2.3,0,1,miércoles,0
41,633000,72000,3.3,0,3,martes,1
36,1355000,114000,1.8,0,0,viernes,1
35,2429000,219000,9.1,1,1,lunes,1
61,563000,67000,6.6,0,0,martes,1
31,1131000,337000,1.5,0,0,miércoles,1
39,679000,65000,0.5,0,1,miércoles,1
26,1370000,184000,8.0,0,0,viernes,1
54,2129000,580000,13.3,0,1,viernes,1
57,781000,214000,1.5,0,2,jueves,1
42,1569000,257000,7.5,0,0,martes,1
22,943000,93000,0.4,0,0,miércoles,1
25,714000,26000,3.6,1,1,miércoles,1
31,834000,223000,9.6,0,3,viernes,1
25,1697000,138000,4.0,0,1,miércoles,1
30,1212000,335000,2.8,0,0,martes,1
43,965000,111000,14.7,1,1,miércoles,1
46,926000,141000,1.1,0,2,jueves,1
52,754000,115000,11.2,0,2,martes,1
62,1349000,227000,6.7,0,0,lunes,1
54,2685000,506000,9.8,0,2,viernes,1
41,929000,115000,1.8,0,0,martes,1
35,623000,195000,4.6,0,1,viernes,1
60,1195000,613000,2.0,0,2,miércoles,0
20,1282000,412000,2.0,0,2,martes,1
53,1646000,84000,5.1,0,1,martes,1
44,576000,139000,1.3,0,0,viernes,1
42,1148000,189000,0.4,1,2,viernes,0
28,679000,88000,10.0,0,2,viernes,1
33,1889000,73000,2.2,0,0,martes,1
34,1421000,199000,4.7,0,1,martes,1
21,920000,237000,2.0,0,1,jueves,1
46,574000,111000,4.8,0,0,jueves,1
46,2410000,447000,0.3,0,0,viernes,1
38,938000,104000,3.3,1,0,lunes,1
61,1522000,355000,1.6,0,1,viernes,1
41,415000,68000,0.1,0,0,jueves,1
23,1067000,90000,5.0,0,0,martes,1
22,1434000,202000,0.0,0,3,martes,1
36,371000,119000,1.3,0,0,martes,1
28,1138000,401000,2.2,0,1,viernes,1
59,1801000,109000,7.0,0,1,viernes,1
58,510000,48000,2.2,0,1,miércoles,1
64,945000,103000,7.4,0,0,miércoles,1
43,855000,126000,15.7,0,1,lunes,1
42,751000,83000,4.5,0,1,miércoles,1
60,752000,185000,0.0,0,0,viernes,1
49,664000,255000,4.5,0,1,miércoles,0
59,704000,128000,0.1,0,1,martes,1
28,972000,225000,4.4,0,1,miércoles,1
28,1037000,359000,1.5,0,1,lunes,0
22,543000,194000,1.2,0,1,martes,1
38,759000,395000,5.1,1,0,jueves,0
56,1047000,352000,0.8,0,1,viernes,1
44,1728000,201000,0.3,0,1,martes,1
45,1737000,157000,26.5,0,4,lunes,1
24,987000,120000,1.8,0,0,lunes,1
25,1054000,298000,2.4,0,1,jueves,1
23,524000,220000,5.0,0,0,viernes,0
36,1035000,204000,9.7,0,2,jueves,1
58,422000,76000,2.8,0,1,jueves,1
54,838000,44000,7.3,0,3,martes,1
58,550000,154000,4.2,0,1,jueves,1
33,706000,21000,4.5,0,1,viernes,1
37,1064000,211000,6.3,0,0,miércoles,1
64,1097000,316000,0.4,0,0,viernes,1
52,1769000,261000,3.0,0,0,miércoles,1
51,1103000,154000,9.8,0,2,viernes,1
43,791000,68000,0.9,1,1,miércoles,1
24,1333000,343000,2.6,0,0,martes,1
54,467000,80000,11.3,0,1,jueves,1
37,2137000,521000,5.5,1,1,jueves,0
34,377000,61000,6.2,0,1,jueves,1
53,1345000,339000,5.5,0,0,viernes,1
41,1274000,643000,1.6,0,0,viernes,0
27,764000,82000,9.0,0,0,jueves,1
61,813000,156000,2.7,0,1,jueves,1
38,506000,276000,0.1,0,0,jueves,0
57,1044000,170000,3.2,0,0,lunes,1
38,1270000,272000,6.6,0,0,viernes,1
34,778000,143000,0.8,0,0,martes,1
56,1206000,112000,4.2,0,1,lunes,1
60,1355000,242000,2.7,0,2,lunes,1
34,702000,77000,5.0,0,2,lunes,1
38,1461000,94000,2.3,0,1,viernes,1
45,1223000,138000,4.1,0,2,lunes,1
51,1027000,31000,14.1,0,1,miércoles,1
43,1407000,104000,4.8,0,0,lunes,1
52,1145000,165000,6.9,0,0,viernes,1
58,717000,257000,11.8,0,2,martes,1
38,743000,85000,20.0,0,1,lunes,1
58,1100000,33000,12.2,0,0,lunes,1
58,1637000,295000,11.1,0,2,miércoles,1
64,1078000,428000,4.1,0,0,martes,0
41,833000,309000,10.0,0,3,viernes,1
58,1013000,322000,3.1,0,1,martes,1
64,585000,20000,3.0,0,3,jueves,1
63,1664000,203000,4.6,0,0,jueves,1
63,1877000,77000,7.7,0,2,martes,1
38,2104000,182000,6.3,0,0,lunes,1
61,1480000,586000,1.8,0,1,jueves,1
40,732000,107000,10.6,1,1,miércoles,1
61,935000,53000,3.2,0,1,miércoles,1
57,829000,109000,0.1,0,1,miércoles,1
26,1202000,90000,3.4,0,2,jueves,1
25,1813000,258000,7.0,0,0,martes,1
49,329000,63000,1.4,0,3,viernes,1
31,1189000,276000,13.0,0,0,lunes,1
54,1107000,263000,1.5,0,1,miércoles,1
55,1122000,248000,1.6,0,0,viernes,1
44,1333000,127000,5.6,0,0,viernes,1
55,669000,331000,2.7,0,1,jueves,0
44,1508000,105000,7.3,0,1,jueves,1
46,1142000,238000,9.5,0,2,viernes,1
29,903000,372000,0.8,0,1,lunes,0
46,998000,161000,8.4,0,2,lunes,1
27,815000,113000,2.0,0,3,martes,1
48,1030000,56000,0.5,0,0,viernes,1
56,1285000,319000,12.7,0,2,lunes,1
55,557000,61000,2.7,0,1,miércoles,1
26,847000,166000,3.4,0,1,viernes,1
56,802000,86000,0.3,1,1,lunes,1
53,974000,195000,1.0,0,1,viernes,1
26,871000,189000,2.6,0,3,jueves,1
23,449000,40000,1.3,0,3,lunes,1
49,1217000,122000,2.0,0,1,lunes,1
38,1685000,932000,11.0,0,1,lunes,0
42,723000,114000,1.2,0,1,lunes,1
21,1064000,383000,3.0,0,3,viernes,0
30,726000,123000,5.8,0,3,miércoles,1
50,1081000,293000,1.8,0,1,martes,1
49,899000,93000,1.3,0,2,miércoles,1
33,1614000,158000,8.8,0,0,miércoles,1
35,771000,268000,0.6,0,1,miércoles,0
41,1318000,256000,2.3,0,0,miércoles,1
35,717000,38000,1.9,0,1,martes,1
33,778000,228000,2.2,0,2,martes,1
34,1039000,171000,0.5,0,0,jueves,1
43,477000,73000,3.1,0,1,lunes,1
45,666000,20000,0.7,1,2,miércoles,1
50,1432000,55000,4.5,0,1,martes,1
31,728000,247000,4.3,0,1,miércoles,1
27,542000,92000,2.0,0,4,viernes,1
34,520000,97000,2.0,0,1,jueves,1
55,1024000,149000,2.9,0,0,viernes,1
58,769000,155000,7.1,0,0,viernes,1
55,1009000,270000,1.9,0,0,jueves,1
38,282000,32000,9.1,1,1,jueves,1
63,688000,63000,3.9,0,0,jueves,1
46,694000,189000,0.3,0,1,jueves,1
37,1377000,72000,6.1,0,0,miércoles,1
46,1456000,236000,4.6,1,0,martes,0
60,1318000,210000,5.3,1,1,jueves,1
39,399000,93000,0.8,0,0,martes,1
24,1430000,90000,6.0,0,0,lunes,1
34,1675000,228000,3.3,0,2,jueves,1
65,684000,28000,10.6,0,3,martes,1
41,1107000,60000,0.8,0,0,miércoles,1
29,1182000,332000,5.4,0,1,lunes,1
60,811000,192000,3.7,0,0,lunes,1
37,1035000,102000,0.9,0,0,miércoles,1
34,680000,183000,4.9,0,3,lunes,1
24,1048000,97000,6.0,0,2,jueves,1
63,922000,254000,5.2,0,0,martes,1
58,1101000,291000,2.0,0,1,lunes,1
37,2285000,742000,1.7,1,2,lunes,0
42,609000,192000,2.4,0,1,martes,1
31,1666000,113000,1.2,0,2,lunes,1
64,1022000,380000,2.3,0,2,martes,1
62,987000,103000,5.6,0,2,lunes,1
26,380000,44000,3.1,1,1,jueves,1
31,1519000,46000,4.0,0,1,lunes,1
61,583000,178000,1.7,0,1,martes,1
30,643000,68000,1.8,0,0,martes,1
36,869000,90000,2.3,0,0,viernes,1
57,849000,255000,3.2,0,0,viernes,1
30,666000,217000,9.2,1,3,miércoles,0
58,1888000,140000,2.7,0,1,jueves,1
50,1330000,78000,8.8,0,0,miércoles,1
28,2910000,848000,10.0,0,0,lunes,1
21,706000,59000,0.6,0,2,jueves,1
27,692000,41000,0.4,1,1,martes,1
44,2392000,988000,3.6,0,1,viernes,1
64,560000,75000,1.8,0,2,miércoles,1
41,1124000,81000,16.5,0,1,jueves,1
25,866000,177000,6.4,0,1,jueves,1
22,884000,35000,3.1,0,1,miércoles,1
28,526000,123000,10.0,1,0,miércoles,1
39,733000,226000,3.7,1,1,viernes,0
40,2406000,473000,0.8,0,0,miércoles,1
34,1072000,198000,5.9,0,0,jueves,1
48,1971000,384000,0.4,0,0,miércoles,1
31,753000,34000,13.0,0,1,viernes,1
31,1064000,286000,4.2,0,1,viernes,1
62,1341000,293000,0.0,1,0,lunes,0
44,1332000,61000,5.5,0,2,miércoles,1
47,920000,144000,7.7,0,0,martes,1
46,1033000,220000,12.6,0,1,viernes,1
27,1640000,281000,3.8,0,1,martes,1
46,1159000,230000,0.7,0,3,miércoles,1
54,452000,41000,3.6,0,0,miércoles,1
21,762000,68000,1.4,0,2,miércoles,1
37,610000,230000,14.7,0,0,jueves,1
32,468000,47000,11.4,0,2,viernes,1
47,1443000,228000,3.8,1,0,martes,1
61,1625000,206000,4.3,0,1,jueves,1
37,709000,74000,17.1,0,2,lunes,1
22,870000,293000,4.0,1,4,miércoles,0
49,2446000,296000,1.9,0,2,jueves,1
34,935000,279000,4.7,1,1,miércoles,0
51,965000,30000,6.4,1,1,jueves,1
26,1155000,318000,5.0,0,1,viernes,1
33,1804000,286000,0.4,0,1,lunes,1
37,1259000,361000,2.5,1,0,miércoles,1
58,1628000,49000,5.8,0,2,martes,1
45,651000,135000,5.0,0,2,miércoles,1
48,1482000,615000,2.0,0,0,lunes,1
52,968000,221000,1.8,0,3,miércoles,1
47,701000,248000,2.8,0,1,lunes,1
60,1291000,590000,1.5,0,0,miércoles,1
30,3156000,457000,1.3,0,2,lunes,1
49,1111000,151000,2.2,1,0,lunes,1
31,1603000,215000,2.9,0,0,jueves,1
45,895000,129000,0.4,0,1,viernes,1
38,502000,139000,2.7,0,2,lunes,1
62,1289000,176000,1.8,0,2,viernes,1
21,641000,210000,3.0,0,1,viernes,1
45,912000,372000,0.1,1,1,viernes,0
22,2439000,618000,4.0,1,2,martes,0
36,449000,199000,10.6,0,1,viernes,1
50,1186000,348000,7.8,0,2,lunes,1
30,1272000,312000,12.0,0,0,jueves,1
34,1166000,165000,2.2,0,0,jueves,1
51,775000,146000,6.2,0,0,lunes,1
53,1098000,47000,2.3,0,3,lunes,1
49,658000,94000,0.7,0,0,jueves,1
23,2027000,239000,3.8,0,3,martes,1
35,1086000,321000,9.9,0,0,miércoles,1
54,1826000,464000,1.6,0,3,lunes,1
59,886000,150000,1.8,0,3,viernes,1
29,1493000,371000,9.4,0,2,jueves,1
38,1379000,488000,13.0,0,0,viernes,1
59,604000,34000,0.4,0,1,viernes,1
25,2062000,578000,0.0,0,3,lunes,1
61,3412000,112000,0.4,1,4,viernes,1
37,1633000,394000,6.3,0,1,jueves,1
51,552000,172000,0.0,0,0,miércoles,1
40,693000,167000,4.6,0,0,lunes,1
38,371000,47000,2.1,0,2,miércoles,1
37,702000,26000,5.6,0,0,martes,1
21,2246000,371000,1.8,1,2,jueves,0
61,1612000,237000,2.1,0,0,jueves,1
55,656000,114000,2.5,0,0,lunes,1
62,573000,84000,7.1,0,2,lunes,1
45,755000,144000,4.5,0,1,lunes,1
64,1647000,426000,8.0,1,3,viernes,0
23,1263000,312000,4.1,0,1,jueves,1
36,1982000,108000,5.3,0,2,martes,1
46,758000,245000,3.5,0,3,viernes,1
42,1070000,251000,6.5,0,0,jueves,1
20,734000,63000,2.0,1,0,miércoles,1
24,926000,93000,3.9,0,2,martes,1
40,880000,252000,5.2,1,2,miércoles,0
58,886000,109000,2.4,0,1,viernes,1
48,1319000,398000,0.3,0,1,lunes,1
33,818000,299000,15.0,0,0,lunes,1
56,949000,256000,0.9,0,0,jueves,1
60,678000,149000,6.7,0,0,lunes,1
33,1743000,519000,1.7,0,0,jueves,1
62,2201000,610000,0.3,0,1,jueves,1
30,2445000,511000,8.4,0,0,miércoles,1
46,1464000,587000,3.1,0,2,miércoles,1
35,999000,180000,9.8,0,3,jueves,1
53,668000,172000,17.0,0,1,jueves,1
22,632000,91000,0.6,0,0,miércoles,1
22,981000,399000,0.7,0,1,martes,1
62,581000,25000,2.0,0,3,viernes,1
28,1432000,312000,5.3,0,0,viernes,1
60,1138000,215000,7.5,0,0,martes,1
50,556000,156000,6.8,0,1,viernes,1
47,922000,443000,9.2,1,1,miércoles,0
53,1491000,67000,0.6,0,1,miércoles,1
23,1711000,314000,3.4,0,2,miércoles,1
22,1124000,295000,3.7,0,1,lunes,1
23,1358000,104000,0.2,0,1,lunes,1
20,1181000,194000,2.0,0,1,martes,1
62,835000,194000,1.9,0,0,martes,1
40,1095000,389000,0.4,1,3,jueves,0
25,1084000,200000,5.1,1,1,viernes,1
34,790000,24000,2.3,0,2,jueves,1
26,1146000,772000,3.1,0,1,miércoles,0
61,1016000,84000,0.7,0,2,lunes,1
56,1218000,119000,0.1,0,1,miércoles,1
20,1032000,162000,0.5,0,1,viernes,1
33,1022000,124000,1.9,1,1,miércoles,1
50,457000,111000,32.0,0,0,martes,1
38,2946000,338000,3.9,0,1,viernes,1
30,1419000,637000,4.0,0,0,martes,1
38,1249000,141000,1.9,1,0,martes,1
39,2263000,499000,0.3,0,2,martes,1
52,1606000,537000,2.6,0,1,miércoles,1
45,1274000,242000,0.4,0,1,jueves,1
41,1381000,260000,1.3,0,0,jueves,1
48,2171000,754000,3.3,0,1,martes,1
57,1158000,120000,0.7,0,1,lunes,1
24,563000,26000,2.8,0,1,martes,1
42,524000,171000,1.1,0,0,miércoles,1
54,1913000,804000,2.7,1,0,jueves,0
33,942000,28000,15.0,0,1,lunes,1
59,1310000,143000,1.3,0,1,lunes,1
28,991000,77000,6.3,0,1,lunes,1
21,1258000,335000,2.0,0,1,martes,1
54,705000,259000,12.2,0,0,lunes,1
55,1270000,45000,12.3,0,0,martes,1
30,372000,48000,8.2,0,0,miércoles,1
65,909000,102000,0.3,0,0,lunes,1
48,560000,191000,5.4,0,0,jueves,1
21,1029000,133000,1.0,0,2,miércoles,1
47,1071000,178000,8.4,0,0,lunes,1
36,958000,220000,3.5,0,0,jueves,1
64,1096000,33000,0.7,0,1,lunes,1
32,465000,164000,4.9,1,1,martes,0
24,632000,256000,6.0,0,1,viernes,0
60,929000,142000,5.3,0,3,martes,1
29,1213000,231000,1.8,0,2,lunes,1
35,1146000,402000,2.8,0,2,jueves,0
50,474000,83000,3.9,0,0,miércoles,1
35,1825000,263000,1.4,0,1,jueves,1
35,968000,330000,9.7,0,0,jueves,1
42,2100000,670000,0.8,0,1,lunes,1
25,1379000,587000,1.6,0,5,martes,0
44,1707000,487000,2.3,0,2,miércoles,1
61,1288000,359000,1.1,0,2,miércoles,1
65,825000,70000,1.7,0,0,lunes,1
53,902000,51000,1.1,1,0,miércoles,1
47,1499000,180000,1.6,0,0,jueves,1
30,863000,261000,2.7,0,0,miércoles,1
60,432000,91000,0.5,0,1,lunes,1
24,1012000,30000,1.1,0,0,miércoles,1
52,1127000,122000,4.9,0,0,miércoles,1
58,1238000,392000,3.7,1,2,martes,0
41,1384000,278000,2.2,1,2,miércoles,0
46,2483000,248000,0.5,0,3,viernes,1
57,516000,31000,1.9,0,1,jueves,1
62,2236000,325000,2.0,1,3,jueves,0
21,1394000,255000,0.5,0,0,martes,1
43,1005000,192000,4.7,1,1,jueves,1
38,550000,148000,1.5,1,1,lunes,0
30,1042000,246000,0.4,0,1,lunes,1
59,1321000,535000,0.1,1,2,jueves,0
26,990000,93000,2.1,0,1,miércoles,1
35,818000,134000,17.0,0,2,lunes,1
39,769000,191000,0.4,0,3,martes,1
30,704000,126000,7.7,0,0,lunes,1
51,1343000,401000,3.8,0,1,lunes,1
49,1301000,39000,0.8,1,3,lunes,1
20,1547000,702000,2.0,0,2,martes,0
27,709000,110000,1.8,0,1,lunes,1
38,1833000,154000,5.7,0,1,viernes,1
60,3070000,1167000,0.1,0,0,viernes,1
38,1051000,78000,1.4,0,2,lunes,1
39,1682000,249000,1.5,0,3,jueves,1
50,554000,41000,1.2,0,1,martes,1
56,2930000,873000,0.3,0,1,jueves,1
28,1332000,87000,0.6,0,0,jueves,1
50,1749000,118000,1.1,0,1,lunes,1
60,1146000,282000,3.1,0,2,martes,1
60,493000,63000,0.0,0,1,miércoles,1
34,1254000,281000,2.7,1,0,miércoles,1
55,1001000,365000,2.6,0,0,martes,1
58,1521000,587000,7.6,0,3,martes,1
27,689000,245000,5.2,1,1,martes,0
58,257000,47000,0.6,0,0,miércoles,1
62,971000,65000,2.1,0,0,miércoles,1
60,863000,349000,2.3,0,0,martes,1
60,1394000,580000,7.9,0,1,miércoles,1
31,681000,97000,11.1,0,0,jueves,1
42,845000,132000,1.9,0,1,jueves,1
58,849000,80000,3.5,0,0,miércoles,1
24,720000,212000,2.7,0,2,viernes,1
30,1291000,90000,5.8,0,2,martes,1
29,884000,164000,5.2,0,3,jueves,1
38,803000,291000,20.0,0,0,jueves,1
25,737000,42000,1.3,0,0,martes,1
28,874000,90000,5.4,0,1,jueves,1
65,2002000,465000,0.2,0,0,martes,1
42,901000,244000,7.5,0,1,jueves,1
57,746000,84000,10.0,0,2,miércoles,1
23,1052000,77000,1.3,0,1,miércoles,1
22,1437000,236000,4.0,0,5,miércoles,1
64,1008000,384000,0.3,0,2,miércoles,1
64,1210000,59000,10.4,0,0,lunes,1
20,1335000,430000,1.8,0,1,miércoles,1
31,1411000,410000,1.7,1,3,martes,1
42,1111000,33000,10.6,0,2,jueves,1
49,539000,55000,2.6,0,1,miércoles,1
58,952000,201000,3.6,0,1,jueves,1
20,749000,389000,2.0,0,0,lunes,0
26,1394000,147000,4.4,0,1,martes,1
21,1787000,498000,3.0,1,1,miércoles,0
47,848000,64000,0.1,0,1,martes,1
44,1400000,214000,9.5,0,3,lunes,1
44,1187000,435000,6.0,0,0,miércoles,1
29,905000,320000,6.7,0,0,jueves,1
54,1879000,155000,6.3,1,1,jueves,1
62,816000,178000,1.1,0,0,martes,1
52,738000,188000,2.8,0,0,lunes,1
65,679000,216000,0.4,0,2,viernes,1
57,1609000,499000,0.8,0,2,martes,1
23,718000,103000,1.6,0,3,viernes,1
56,714000,46000,1.4,0,1,lunes,1
48,1621000,433000,0.9,0,0,lunes,1
46,1173000,452000,4.9,0,2,jueves,1
29,933000,115000,0.2,0,0,jueves,1
36,683000,89000,4.9,0,2,viernes,1
36,1112000,267000,2.1,0,0,miércoles,1
24,621000,133000,0.6,0,1,lunes,1
35,1092000,419000,12.2,0,0,martes,1
27,1068000,63000,3.7,0,4,viernes,1
40,969000,144000,6.1,0,0,viernes,1
60,1089000,98000,11.3,0,1,jueves,1
54,1316000,233000,1.6,0,1,jueves,1
32,446000,106000,5.3,0,1,miércoles,1
46,626000,70000,1.3,0,0,miércoles,1
61,1384000,251000,18.9,0,2,martes,1
63,934000,439000,3.6,0,0,miércoles,1
34,1463000,44000,4.0,0,2,martes,1
34,2140000,64000,4.4,0,2,viernes,1
22,2006000,541000,4.0,0,1,miércoles,1
55,1559000,452000,4.3,0,0,lunes,1
33,1048000,388000,13.3,0,0,miércoles,1
36,1704000,381000,7.8,0,1,lunes,1
37,767000,125000,4.0,0,0,martes,1
24,1096000,175000,4.0,1,0,martes,1
24,895000,115000,5.9,0,2,viernes,1
46,814000,25000,1.5,0,0,miércoles,1
39,722000,40000,2.6,0,0,viernes,1
35,1215000,197000,4.5,0,1,jueves,1
56,506000,214000,10.9,1,1,miércoles,1
29,422000,96000,8.6,1,3,miércoles,1
39,1570000,133000,3.8,0,3,martes,1
34,1204000,366000,10.7,0,0,viernes,1
42,1451000,560000,2.8,0,2,jueves,1
26,951000,326000,3.2,0,2,martes,1
65,1239000,95000,3.6,0,1,martes,1
33,805000,61000,0.1,0,0,martes,1
29,795000,242000,3.0,0,1,jueves,1
52,608000,42000,0.7,0,0,lunes,1
45,2233000,283000,4.9,0,0,jueves,1
54,653000,69000,1.0,0,3,martes,1
65,2023000,197000,13.0,1,0,lunes,1
52,584000,236000,0.2,0,1,miércoles,0
42,669000,177000,1.8,0,0,martes,1
34,1728000,335000,12.3,1,1,viernes,1
47,1299000,79000,9.0,0,0,jueves,1
61,1205000,147000,0.7,0,2,viernes,1
45,662000,175000,2.0,0,0,jueves,1
45,1543000,137000,6.5,0,0,martes,1
25,682000,198000,7.0,0,2,lunes,1
40,1147000,225000,2.2,1,2,lunes,0
52,726000,85000,10.8,1,3,lunes,1
57,2000000,341000,0.3,0,0,lunes,1
61,1198000,194000,2.0,0,0,miércoles,1
49,1826000,469000,12.4,0,0,viernes,1
62,935000,498000,4.2,0,2,jueves,0
22,729000,22000,4.0,0,0,lunes,1
46,544000,94000,1.3,0,2,miércoles,1
31,1122000,139000,4.1,0,0,martes,1
36,1706000,162000,0.7,0,1,miércoles,1
63,1272000,283000,0.2,0,1,miércoles,1
51,729000,70000,14.2,0,1,miércoles,1
40,819000,412000,3.0,0,2,martes,0
63,820000,266000,2.1,0,2,martes,1
38,989000,169000,4.6,0,2,martes,1
64,1367000,126000,1.9,0,2,lunes,1
33,1065000,214000,4.5,0,1,martes,1
33,1377000,93000,2.0,1,2,jueves,1
49,1220000,358000,14.0,0,2,jueves,1
63,636000,62000,3.0,0,1,miércoles,1
23,1044000,129000,2.7,0,0,lunes,1
53,640000,179000,5.5,1,1,viernes,0
39,1045000,125000,2.6,0,0,jueves,1
60,1217000,205000,0.9,0,2,jueves,1
55,707000,56000,4.1,1,1,jueves,1
27,555000,112000,6.2,0,1,jueves,1
50,1101000,308000,5.2,0,4,jueves,1
64,950000,359000,0.0,0,0,martes,1
26,1686000,560000,2.0,0,2,martes,1
54,748000,267000,0.5,1,0,miércoles,0
25,2083000,229000,4.5,0,2,miércoles,1
27,1345000,228000,2.3,1,2,viernes,1
31,511000,178000,3.1,0,2,lunes,1
44,742000,122000,3.3,0,1,jueves,1
56,1016000,330000,2.0,0,1,viernes,1
25,950000,336000,7.0,0,0,jueves,1
21,674000,20000,1.1,0,1,jueves,1
53,445000,118000,0.0,0,1,miércoles,1
34,873000,266000,2.6,0,0,viernes,1
47,906000,286000,7.0,0,2,viernes,1
39,1296000,161000,0.2,0,2,miércoles,1
46,1091000,549000,9.7,0,0,martes,1
35,619000,200000,3.2,0,1,martes,1
58,1418000,228000,1.1,0,0,viernes,1
25,768000,126000,7.0,0,0,martes,1
55,1537000,131000,3.2,1,3,miércoles,1
39,812000,142000,8.9,0,1,lunes,1
24,784000,311000,2.4,0,1,lunes,0
61,998000,359000,2.5,0,1,lunes,1
55,1413000,447000,5.8,0,0,martes,1
27,1126000,144000,5.1,0,2,miércoles,1
44,560000,196000,12.7,0,1,martes,1
27,1546000,420000,2.8,0,1,jueves,1
28,743000,157000,1.6,0,1,martes,1
33,525000,30000,15.0,0,2,martes,1
35,468000,98000,6.2,0,0,lunes,1
65,1793000,469000,2.1,0,0,lunes,1
43,1979000,1083000,0.9,0,0,martes,1
39,785000,210000,17.7,0,2,martes,1
59,879000,74000,1.1,0,0,viernes,1
21,977000,405000,3.0,1,1,martes,0
60,570000,76000,7.1,0,0,martes,1
21,1062000,158000,2.2,1,1,jueves,1
24,1281000,429000,0.2,0,2,lunes,1
21,828000,43000,3.0,0,0,viernes,1
40,1114000,34000,1.7,0,0,martes,1
65,831000,118000,0.1,0,2,lunes,1
58,1580000,62000,2.8,0,1,viernes,1
23,663000,116000,0.5,0,2,lunes,1
47,811000,336000,0.2,0,1,lunes,1
63,1899000,346000,1.4,0,4,miércoles,1
59,1086000,206000,2.6,0,0,jueves,1
32,2948000,535000,0.6,1,1,miércoles,1
47,1395000,72000,2.4,1,1,miércoles,1
36,1687000,653000,5.4,1,2,jueves,0
30,1339000,514000,9.6,0,2,jueves,1
60,713000,21000,2.7,0,2,miércoles,1
43,1524000,641000,7.2,0,4,miércoles,0
41,641000,107000,5.3,0,1,miércoles,1
43,479000,48000,11.0,0,1,jueves,1
29,1192000,260000,4.0,0,1,miércoles,1
61,1566000,260000,13.7,1,2,miércoles,1
47,1745000,530000,8.5,0,0,jueves,1
36,1205000,395000,3.0,0,1,viernes,1
47,969000,145000,0.8,0,2,viernes,1
30,941000,245000,12.0,1,1,viernes,1
42,1270000,96000,3.8,1,0,jueves,1
54,1570000,234000,9.4,0,1,lunes,1
58,1012000,93000,16.9,0,2,martes,1
39,1331000,646000,7.0,0,0,viernes,1
52,1684000,558000,11.7,0,1,miércoles,1
42,1717000,287000,0.6,0,1,jueves,1
23,1690000,423000,5.0,0,1,miércoles,1
64,1457000,178000,4.4,0,1,martes,1
59,2180000,489000,0.6,0,0,miércoles,1
51,674000,116000,12.7,0,0,jueves,1
22,2129000,238000,2.8,0,2,miércoles,1
50,1036000,216000,0.2,0,0,viernes,1
30,500000,116000,3.8,0,0,miércoles,1
62,1058000,134000,2.8,0,1,lunes,1
24,1156000,123000,0.7,0,1,viernes,1
52,553000,44000,17.3,1,1,jueves,1
37,1013000,30000,19.0,1,0,viernes,1
63,374000,12000,7.3,0,1,miércoles,1
56,2149000,628000,2.2,0,1,martes,0
49,890000,188000,0.2,0,1,miércoles,1
43,998000,360000,6.6,0,1,miércoles,1
47,1538000,320000,7.8,0,1,viernes,1
48,1005000,341000,0.5,0,1,jueves,1
33,568000,131000,6.0,1,0,jueves,1
44,420000,95000,4.4,0,1,lunes,1
30,1347000,239000,7.3,0,2,lunes,1
32,1433000,123000,5.9,1,0,miércoles,1
44,823000,306000,1.1,0,0,martes,1
49,406000,151000,3.3,1,2,miércoles,0
22,1158000,394000,4.0,0,0,jueves,1
65,992000,273000,8.6,0,0,jueves,1
27,1320000,637000,3.5,0,0,viernes,1
45,700000,119000,3.7,0,2,miércoles,1
52,390000,50000,0.3,0,0,lunes,1
32,781000,106000,1.7,0,2,lunes,1
51,1416000,42000,1.5,0,1,miércoles,1
43,1597000,412000,1.8,0,1,martes,1
21,855000,128000,1.6,0,0,miércoles,1
59,776000,127000,4.3,0,0,viernes,1
27,443000,67000,5.4,1,2,martes,1
25,1708000,315000,7.0,0,2,miércoles,1
48,815000,178000,4.7,0,0,jueves,1
28,724000,101000,10.0,1,0,martes,1
38,669000,79000,2.5,0,0,miércoles,1
21,835000,484000,3.0,1,1,lunes,0
47,1204000,393000,2.6,1,1,viernes,0
60,842000,224000,1.1,0,4,martes,1
25,1833000,113000,7.0,0,0,miércoles,1
46,1337000,421000,4.1,0,1,martes,1
59,1179000,50000,15.7,0,0,lunes,1
29,1788000,54000,8.6,0,0,jueves,1
31,581000,43000,13.0,1,0,miércoles,1
41,1064000,32000,2.0,0,0,martes,1
37,1426000,215000,2.4,0,0,jueves,1
23,1444000,203000,5.0,0,3,lunes,1
40,826000,128000,11.2,1,2,miércoles,1
62,583000,17000,6.0,1,3,martes,1
47,434000,137000,1.0,1,0,jueves,0
34,1248000,149000,3.2,0,1,viernes,1
65,962000,331000,4.1,0,0,martes,1
24,924000,95000,0.8,0,4,miércoles,1
29,1083000,134000,9.6,0,0,viernes,1
65,978000,193000,2.3,0,1,jueves,1
27,796000,175000,2.2,0,1,martes,1
57,1401000,365000,5.3,0,2,viernes,1
26,546000,165000,8.0,0,1,miércoles,1
30,604000,124000,1.6,0,1,jueves,1
55,556000,84000,1.1,0,2,viernes,1
50,857000,204000,2.2,0,0,viernes,1
37,1324000,356000,19.0,0,1,miércoles,1
32,709000,130000,0.2,0,1,lunes,1
62,1068000,211000,16.1,0,2,viernes,1
41,1524000,552000,0.2,0,1,viernes,1
23,2214000,173000,1.0,1,0,viernes,1
56,1468000,814000,5.6,0,1,miércoles,0
44,800000,388000,1.1,0,1,lunes,0
27,513000,121000,2.1,0,0,viernes,1
54,326000,70000,0.2,0,1,viernes,1
43,772000,238000,0.1,0,2,viernes,1
43,1055000,196000,6.4,0,1,lunes,1
59,826000,32000,1.5,0,1,miércoles,1
38,2408000,256000,14.8,0,0,martes,1
21,564000,170000,1.8,0,0,jueves,1
57,764000,55000,1.0,0,2,viernes,1
29,360000,65000,3.6,0,0,viernes,1
43,1684000,550000,0.6,0,3,martes,0
39,765000,350000,2.5,0,0,lunes,1
61,445000,72000,1.6,0,1,lunes,1
20,929000,467000,2.0,0,1,lunes,0
30,1924000,554000,1.8,1,0,miércoles,1
37,2421000,674000,5.9,0,1,lunes,1
47,894000,123000,10.8,0,0,viernes,1
29,1324000,628000,2.1,0,2,lunes,1
49,826000,239000,9.5,0,2,viernes,1
28,904000,295000,3.5,0,0,lunes,1
61,791000,170000,5.7,0,0,miércoles,1
63,2019000,273000,1.1,0,1,jueves,1
24,729000,22000,2.3,1,2,miércoles,1
48,403000,84000,3.1,0,0,miércoles,1
57,602000,22000,1.7,0,1,viernes,1
36,758000,245000,3.2,0,0,martes,1
51,1079000,406000,10.2,0,1,miércoles,1
56,774000,47000,1.0,0,2,lunes,1
59,1087000,232000,7.3,0,1,martes,1
46,1095000,432000,1.5,0,0,miércoles,1
48,844000,68000,5.2,0,2,martes,1
26,1348000,130000,2.0,1,0,jueves,1
40,659000,205000,17.3,0,1,viernes,1
53,631000,179000,3.2,0,0,martes,1
56,1517000,365000,8.0,0,1,miércoles,1
35,1025000,123000,3.4,0,1,miércoles,1
33,273000,68000,8.3,0,1,martes,1
52,816000,239000,3.7,0,0,viernes,1
22,1278000,180000,4.0,0,1,jueves,1
29,1925000,120000,0.4,1,2,lunes,1
54,1351000,129000,7.4,0,0,miércoles,1
51,1153000,290000,2.0,0,1,miércoles,1
57,1582000,137000,16.5,0,2,viernes,1
55,1568000,47000,2.4,0,2,miércoles,1
58,1668000,434000,33.1,0,2,viernes,1
34,600000,112000,2.9,0,1,martes,1
40,959000,204000,4.4,1,0,miércoles,1
47,508000,15000,0.7,0,1,martes,1
53,1603000,130000,7.1,0,1,miércoles,1
37,738000,90000,7.5,0,2,lunes,1
52,632000,66000,7.8,0,2,viernes,1
28,2236000,357000,9.4,0,2,lunes,1
33,614000,21000,3.2,0,0,viernes,1
50,831000,309000,2.1,0,1,miércoles,1
55,992000,379000,1.4,0,2,viernes,0
23,913000,243000,0.9,0,2,jueves,0
64,1646000,179000,6.4,0,1,viernes,1
56,1299000,180000,3.5,0,1,jueves,1
36,635000,38000,4.8,0,0,miércoles,1
49,1412000,439000,8.2,0,1,martes,1
32,872000,375000,14.0,0,1,jueves,1
25,767000,115000,0.1,0,0,lunes,1
46,1285000,614000,1.7,0,3,miércoles,0
61,1197000,151000,1.2,0,0,miércoles,1
60,1049000,120000,0.6,0,1,jueves,1
23,675000,75000,1.8,0,1,miércoles,1
47,1024000,208000,26.7,0,2,miércoles,1
23,574000,202000,5.0,0,0,lunes,1
64,1381000,172000,0.2,0,0,martes,1
38,865000,409000,0.8,0,1,martes,0
62,944000,49000,11.9,0,0,miércoles,1
43,1338000,100000,2.7,1,1,miércoles,1
52,899000,88000,1.2,0,1,jueves,1
20,1214000,318000,0.2,0,0,martes,1
52,714000,85000,0.9,0,1,lunes,1
47,1112000,194000,2.1,0,2,viernes,1
28,1483000,330000,0.3,0,0,jueves,1
40,431000,34000,12.5,0,0,viernes,1
35,802000,65000,1.8,0,0,martes,1
21,1024000,258000,1.4,0,0,jueves,1
57,908000,128000,2.4,0,2,jueves,1
51,1205000,348000,3.0,1,1,miércoles,0
38,1634000,84000,0.2,0,2,martes,1
34,1020000,47000,6.7,0,0,jueves,1
30,1201000,211000,1.2,0,3,miércoles,1
55,1176000,88000,1.1,0,3,lunes,1
22,1528000,310000,4.0,0,2,jueves,1
43,1372000,52000,9.5,0,2,viernes,1
30,1922000,265000,3.2,0,2,viernes,1
23,1603000,333000,5.0,0,0,martes,1
46,751000,99000,2.4,0,0,miércoles,1
32,1108000,134000,10.7,0,0,martes,1
62,1518000,127000,0.5,0,1,miércoles,1
52,1047000,223000,0.8,0,2,miércoles,1
38,286000,81000,0.6,0,0,viernes,1
65,2198000,288000,1.7,1,1,martes,1
56,1201000,239000,3.2,0,0,miércoles,1
42,1124000,383000,12.3,0,2,miércoles,1
25,1142000,58000,7.0,0,0,viernes,1
23,687000,75000,5.0,1,2,lunes,1
57,1000000,361000,0.9,0,2,miércoles,1
41,845000,231000,4.5,0,0,martes,1
62,684000,189000,1.9,0,1,miércoles,1
42,1055000,233000,4.2,0,2,jueves,1
43,1186000,77000,3.8,0,0,miércoles,1
57,1620000,269000,4.2,0,0,miércoles,1
40,1126000,83000,6.1,1,1,martes,1
43,933000,427000,5.7,0,1,lunes,1
61,1289000,277000,1.0,0,0,miércoles,1
30,1606000,124000,1.9,1,1,miércoles,0
30,1548000,159000,12.0,0,1,viernes,1
62,902000,115000,0.1,0,1,jueves,1
62,1041000,161000,3.9,0,1,viernes,1
65,880000,196000,10.2,0,4,viernes,1
62,2609000,1082000,6.0,0,2,viernes,1
20,1559000,506000,0.4,0,1,miércoles,1
64,1733000,81000,10.7,0,1,jueves,1
27,645000,86000,4.5,0,0,miércoles,1
60,1184000,252000,0.1,0,1,jueves,1
51,1882000,498000,1.1,1,1,miércoles,0
44,572000,79000,10.5,0,0,miércoles,1
40,962000,295000,10.6,0,1,miércoles,1
51,425000,100000,3.7,0,0,martes,1
50,3875000,233000,7.1,0,0,miércoles,1
44,1117000,724000,4.0,1,0,viernes,0
23,802000,343000,3.8,0,1,martes,1
33,1505000,291000,1.0,0,1,jueves,1
28,845000,226000,0.1,0,1,martes,1
65,1351000,768000,8.9,0,2,martes,0
58,820000,137000,1.0,0,2,jueves,1
21,1689000,307000,3.0,0,1,martes,1
48,753000,85000,0.3,0,0,martes,1
31,1081000,98000,0.7,0,1,jueves,1
43,642000,152000,7.8,0,1,lunes,1
62,1089000,162000,2.3,1,0,lunes,1
47,961000,116000,9.4,1,1,viernes,1
63,576000,215000,1.1,0,1,miércoles,0
34,2273000,460000,9.1,0,1,lunes,1
32,926000,28000,0.6,0,0,viernes,1
58,1008000,181000,6.5,0,2,lunes,1
65,1539000,681000,6.1,0,0,lunes,1
50,659000,53000,0.4,0,3,martes,1
57,622000,67000,11.0,0,0,lunes,1
38,753000,131000,3.1,0,0,martes,1
55,1634000,229000,12.0,1,0,jueves,1
28,652000,148000,3.9,0,2,lunes,1
46,3251000,866000,2.4,0,0,martes,1
54,1129000,236000,1.7,0,1,lunes,1
38,1203000,50000,7.2,1,2,viernes,1
32,1260000,83000,8.1,0,1,miércoles,1
20,767000,98000,1.3,0,0,viernes,1
41,1003000,230000,1.1,0,0,viernes,1
36,776000,141000,3.1,0,0,lunes,1
50,977000,204000,2.8,0,1,martes,1
37,917000,226000,12.8,0,2,miércoles,1
52,1931000,669000,6.4,1,2,martes,0
23,1115000,208000,4.4,0,2,viernes,1
65,1031000,235000,1.7,0,0,lunes,1
23,949000,122000,3.9,1,0,jueves,1
36,731000,464000,18.0,0,0,viernes,1
32,673000,238000,10.5,0,2,jueves,1
56,925000,125000,3.7,1,1,miércoles,0
42,1775000,239000,0.2,0,2,lunes,1
54,1269000,99000,0.5,0,0,jueves,1
55,772000,285000,0.4,0,3,lunes,0
49,718000,325000,1.4,0,0,martes,1
47,887000,130000,12.4,0,2,martes,1
43,1609000,596000,9.6,0,2,miércoles,1
44,1593000,625000,0.2,0,0,jueves,1
55,851000,152000,2.0,0,0,lunes,1
56,772000,183000,4.4,0,2,viernes,1
40,1260000,73000,9.4,0,0,martes,1
59,720000,242000,1.9,0,0,martes,1
20,906000,314000,2.0,0,1,martes,1
40,2072000,65000,5.5,0,0,martes,1
51,762000,128000,7.8,0,1,martes,1
47,1066000,397000,3.2,0,1,lunes,1
38,1004000,194000,8.7,1,1,viernes,1
62,1519000,418000,12.9,0,0,martes,1
23,1129000,74000,3.0,0,0,lunes,1
23,539000,110000,5.0,0,1,viernes,1
41,633000,100000,6.1,0,0,martes,1
48,1296000,299000,1.2,0,0,viernes,1
38,984000,181000,2.0,1,1,miércoles,1
55,813000,24000,10.5,0,1,martes,1
49,553000,24000,4.9,0,0,viernes,1
39,1134000,195000,8.0,0,0,miércoles,1
33,822000,314000,6.4,0,5,viernes,0
54,1375000,492000,2.9,0,0,jueves,1
42,1162000,316000,11.9,1,1,miércoles,0
58,673000,146000,1.4,0,1,martes,1
29,574000,123000,3.0,0,2,miércoles,1
55,785000,108000,14.9,0,1,miércoles,1
52,1183000,90000,3.9,0,0,viernes,1
44,1371000,87000,1.0,0,0,viernes,1
63,425000,190000,7.5,0,1,martes,1
53,1843000,100000,2.5,0,0,viernes,1
62,1128000,215000,2.6,0,1,miércoles,1
52,868000,220000,1.3,0,1,jueves,1
33,419000,67000,15.0,0,0,viernes,1
37,632000,304000,5.8,0,1,viernes,1
60,1681000,414000,5.9,0,0,lunes,1
20,1031000,222000,2.0,0,4,lunes,1
62,1045000,263000,11.9,1,1,viernes,1
63,860000,132000,6.7,0,0,miércoles,1
58,802000,29000,2.0,0,1,viernes,1
41,863000,105000,0.8,0,0,miércoles,1
51,1487000,808000,5.7,1,3,jueves,0
33,1466000,163000,2.2,1,1,viernes,1
28,1330000,188000,0.3,0,1,lunes,1
31,902000,320000,0.0,0,2,viernes,0
61,1198000,180000,6.5,0,2,miércoles,1
38,2010000,392000,17.5,0,2,jueves,1
52,1484000,172000,2.8,0,1,martes,1
46,1845000,135000,1.0,0,0,viernes,1
65,543000,16000,6.0,0,0,lunes,1
43,419000,86000,1.2,0,0,jueves,1
40,1446000,188000,6.9,0,2,viernes,1
37,948000,63000,9.3,0,0,miércoles,1
50,201000,74000,12.5,1,1,lunes,1
23,1421000,183000,0.2,0,0,jueves,1
64,1662000,64000,1.5,0,1,martes,1
65,1173000,35000,11.1,0,1,viernes,1
24,1079000,246000,0.4,0,2,viernes,1
20,511000,56000,2.0,0,0,viernes,1
60,1647000,201000,4.4,1,2,martes,1
62,3149000,638000,1.1,0,0,lunes,1
41,3252000,874000,3.2,0,0,miércoles,1
21,1035000,174000,3.0,0,1,miércoles,1
24,1087000,223000,6.0,0,1,viernes,1
43,1446000,357000,0.3,0,1,martes,1
63,605000,18000,3.3,0,0,miércoles,1
56,796000,202000,0.5,1,0,miércoles,1
21,1395000,404000,2.9,0,1,viernes,1
50,1155000,178000,13.5,0,0,miércoles,1
57,799000,296000,0.2,0,5,lunes,0
52,975000,62000,2.4,0,1,lunes,1
40,589000,51000,11.5,0,0,viernes,1
24,853000,160000,1.5,0,1,jueves,1
53,1688000,201000,1.9,0,0,miércoles,1
59,766000,134000,14.9,0,0,jueves,1
45,733000,196000,19.8,1,1,miércoles,1
49,839000,245000,4.1,0,3,miércoles,1
24,593000,102000,1.2,0,0,miércoles,1
63,1375000,81000,0.6,0,1,viernes,1
36,507000,130000,3.7,0,0,martes,1
65,666000,50000,9.3,0,1,jueves,1
27,1137000,36000,1.3,0,0,lunes,1
54,411000,67000,11.5,0,0,miércoles,1
54,2017000,284000,2.6,0,2,martes,1
57,1853000,56000,0.9,0,1,miércoles,1
32,1038000,294000,8.9,0,2,martes,1
64,1785000,54000,4.7,0,0,martes,1
38,1167000,128000,4.7,0,1,viernes,1
53,1360000,426000,5.4,1,2,miércoles,0
23,1721000,742000,5.0,0,2,martes,1
48,2790000,586000,5.7,0,1,viernes,1
31,1149000,94000,1.7,0,0,jueves,1
44,3026000,1292000,0.0,0,3,martes,0
53,1717000,70000,5.1,0,1,martes,1
44,2155000,393000,2.7,0,2,lunes,1
23,1062000,107000,5.0,0,1,viernes,1
49,1243000,188000,5.5,0,1,miércoles,1
36,2888000,1074000,6.8,0,0,martes,1
48,791000,146000,2.3,1,2,lunes,1
51,605000,270000,5.1,0,0,miércoles,1
20,2958000,794000,2.0,0,3,miércoles,1
32,413000,77000,14.0,0,2,jueves,1
26,1605000,173000,2.5,0,1,martes,1
51,759000,164000,1.6,0,1,jueves,1
39,945000,261000,21.0,1,0,martes,1
24,452000,53000,1.1,0,2,jueves,1
33,935000,236000,1.0,0,0,martes,1
63,550000,176000,2.6,0,0,martes,1
51,988000,118000,22.9,0,1,martes,1
38,1240000,180000,2.4,0,2,lunes,1
65,525000,68000,0.2,0,0,viernes,1
50,1580000,47000,1.6,0,0,lunes,1
32,1535000,152000,2.3,0,0,martes,1
27,385000,138000,0.5,0,0,miércoles,1
57,805000,261000,2.7,0,0,martes,1
34,708000,310000,1.2,1,0,lunes,0
37,5101000,1634000,1.6,0,0,miércoles,1
31,1015000,30000,12.0,0,1,jueves,1
53,532000,81000,5.4,0,2,jueves,1
26,1095000,363000,4.1,0,0,miércoles,1
24,556000,56000,0.5,0,1,martes,1
46,714000,321000,3.2,0,0,jueves,1
48,1844000,123000,5.5,0,1,martes,1
49,1007000,204000,5.0,0,1,martes,1
43,1065000,122000,4.6,0,1,viernes,1
31,1677000,229000,2.4,1,0,lunes,1
58,2516000,897000,7.4,0,1,martes,1
65,1182000,239000,5.9,0,1,lunes,1
25,612000,126000,2.2,0,1,miércoles,1
34,986000,147000,5.4,0,0,jueves,1
43,1170000,193000,2.0,0,1,martes,1
39,948000,271000,3.2,0,1,viernes,1
59,1378000,214000,16.3,0,0,jueves,1
64,723000,215000,3.4,0,2,jueves,1
51,2374000,1243000,3.5,0,0,viernes,0
38,1281000,92000,2.0,0,1,martes,1
27,482000,117000,4.5,0,0,martes,1
54,1022000,49000,2.9,0,1,lunes,1
59,1421000,63000,2.0,0,1,lunes,1
64,1240000,268000,0.9,1,0,miércoles,1
30,2088000,331000,12.0,0,0,lunes,1
48,632000,49000,4.1,0,0,miércoles,1
23,495000,76000,3.5,0,1,martes,1
63,1509000,201000,3.8,0,2,jueves,1
23,833000,213000,5.0,1,4,miércoles,0
56,855000,236000,3.6,0,2,viernes,1
56,1501000,207000,3.6,0,0,martes,1
41,646000,210000,2.1,0,0,martes,1
58,544000,73000,36.1,0,0,miércoles,1
22,596000,166000,4.0,0,1,martes,1
60,1401000,303000,7.6,0,1,lunes,1
36,940000,237000,8.5,0,0,miércoles,1
54,715000,26000,0.2,0,2,lunes,1
25,386000,59000,7.0,0,1,jueves,1
61,1381000,248000,9.2,0,0,lunes,1
27,613000,200000,3.3,0,0,jueves,1
62,1359000,411000,18.2,1,2,jueves,1
33,827000,99000,7.8,0,2,jueves,1
44,1149000,328000,1.5,0,1,miércoles,1
51,723000,112000,2.3,0,0,jueves,1
49,1173000,565000,3.0,0,0,jueves,1
45,382000,14000,2.4,0,3,lunes,1
63,701000,176000,12.8,0,4,jueves,1
47,1280000,137000,18.4,1,3,martes,1
43,1995000,555000,8.9,1,0,miércoles,1
23,1249000,230000,1.6,0,1,miércoles,1
31,728000,187000,2.5,0,2,martes,1
41,749000,165000,0.5,0,4,jueves,1
63,1046000,81000,2.6,0,4,martes,1
44,576000,196000,2.8,0,0,jueves,1
22,1617000,179000,4.0,0,1,miércoles,1
29,2541000,199000,5.6,0,1,martes,1
46,791000,71000,12.9,1,1,miércoles,1
26,359000,46000,8.0,0,1,lunes,1
62,698000,309000,12.9,0,0,jueves,1
29,913000,255000,10.9,0,0,martes,1
54,773000,37000,12.3,0,1,viernes,1
54,1771000,341000,10.2,0,0,viernes,1
47,1598000,488000,0.4,0,1,lunes,1
46,686000,262000,0.1,0,2,miércoles,0
42,1740000,183000,24.0,0,0,lunes,1
29,2177000,586000,5.1,0,1,lunes,1
32,464000,15000,6.4,0,0,viernes,1
40,899000,186000,0.1,1,0,jueves,1
45,1062000,88000,1.7,0,2,miércoles,1
59,1939000,58000,4.3,0,2,viernes,1
53,489000,49000,4.0,0,2,miércoles,1
65,865000,73000,2.8,0,0,martes,1
45,728000,247000,7.9,1,0,jueves,0
40,669000,141000,7.4,0,1,lunes,1
55,913000,202000,5.8,1,0,martes,1
42,1416000,130000,4.9,0,3,martes,1
64,1341000,362000,0.9,0,0,martes,1
44,1850000,261000,5.7,0,1,lunes,1
49,796000,200000,6.2,0,1,viernes,1
63,1072000,133000,0.5,0,3,viernes,1
52,1278000,208000,5.2,0,0,martes,1
37,1961000,194000,1.1,0,1,miércoles,1
59,662000,97000,0.5,0,1,martes,1
62,1011000,33000,1.2,0,0,jueves,1
45,640000,63000,6.6,0,0,lunes,1
58,1199000,529000,0.6,0,1,viernes,1
33,492000,53000,6.1,1,0,lunes,1
42,581000,23000,7.6,0,1,jueves,1
56,1013000,113000,0.2,0,1,viernes,1
28,601000,74000,10.0,1,1,jueves,1
57,1157000,91000,15.9,0,1,jueves,1
62,681000,243000,11.8,0,4,viernes,1
65,346000,15000,10.3,1,1,lunes,1
26,718000,167000,8.0,0,2,martes,1
20,1636000,230000,2.0,0,2,miércoles,1
36,1197000,363000,0.6,0,1,lunes,1
43,1291000,310000,3.3,1,3,jueves,0
43,282000,17000,7.8,0,1,lunes,1
22,787000,85000,2.4,0,3,viernes,1
50,1310000,346000,8.4,1,1,martes,1
42,886000,202000,10.3,0,1,miércoles,1
35,1448000,430000,15.8,0,0,martes,1
41,1255000,278000,4.2,0,1,viernes,1
45,776000,242000,2.3,0,1,jueves,1
30,1553000,208000,7.5,0,0,viernes,1
54,1987000,105000,6.9,0,1,miércoles,1
65,1418000,399000,3.6,0,1,viernes,1
36,1346000,229000,6.6,0,4,lunes,1
54,579000,17000,2.4,0,1,martes,1
22,1074000,64000,4.0,0,0,jueves,1
37,1134000,167000,0.4,0,1,lunes,1
45,639000,94000,1.0,0,4,lunes,1
56,859000,190000,10.4,0,0,martes,1
34,742000,88000,2.2,0,1,lunes,1
31,1740000,130000,6.8,0,1,martes,1
59,630000,194000,3.3,0,3,miércoles,1
33,1100000,326000,1.0,1,0,miércoles,0
29,979000,109000,2.1,0,1,jueves,1
55,1275000,59000,3.5,0,1,viernes,1
24,977000,48000,2.5,0,1,miércoles,1
51,666000,255000,10.9,0,1,martes,1
41,1117000,300000,15.5,0,2,martes,1
56,2418000,450000,3.5,0,1,miércoles,1
59,1236000,233000,6.6,0,1,viernes,1
37,1606000,423000,1.8,1,0,jueves,1
31,483000,121000,13.0,0,1,martes,1
28,2269000,124000,8.2,0,1,miércoles,1
53,1727000,495000,9.5,0,2,lunes,1
39,951000,39000,3.7,0,1,martes,1
56,1378000,161000,4.8,0,1,miércoles,1
54,2193000,551000,2.7,1,0,martes,1
65,973000,117000,8.9,0,0,lunes,1
58,608000,164000,2.9,0,1,lunes,1
62,1453000,282000,0.3,0,2,jueves,1
61,897000,47000,9.7,0,1,martes,1
61,1262000,137000,8.2,0,2,viernes,1
65,864000,59000,11.2,0,1,martes,1
37,499000,35000,3.3,1,1,miércoles,1
34,806000,257000,1.7,0,0,lunes,1
47,1272000,319000,5.2,0,1,martes,1
58,603000,110000,2.6,0,0,viernes,1
28,2100000,421000,1.5,0,2,lunes,1
65,398000,20000,1.6,1,1,miércoles,1
33,667000,131000,5.4,1,0,miércoles,1
32,1127000,540000,3.9,1,1,jueves,0
38,1088000,33000,0.1,0,2,viernes,1
20,1434000,266000,2.0,1,0,viernes,1
38,1075000,249000,3.1,0,2,lunes,1
26,2084000,183000,3.4,0,1,viernes,1
56,805000,283000,5.8,0,1,jueves,1
55,1312000,120000,1.9,0,1,jueves,1
49,740000,180000,5.4,1,1,lunes,1
56,1692000,126000,9.7,0,2,jueves,1
27,913000,153000,4.0,1,0,jueves,1
31,872000,235000,2.0,0,1,jueves,1
60,997000,227000,10.9,0,1,viernes,1
63,662000,62000,19.9,0,1,miércoles,1
32,844000,119000,3.7,0,0,miércoles,1
30,485000,110000,2.2,0,0,martes,1
25,872000,148000,7.0,0,1,miércoles,1
53,968000,77000,2.0,0,0,miércoles,1
50,1340000,261000,5.2,0,1,lunes,1
28,826000,170000,4.4,1,0,viernes,1
48,558000,38000,2.3,0,1,miércoles,1
54,981000,329000,7.6,0,0,jueves,1
33,762000,53000,2.6,0,0,miércoles,1
22,660000,189000,0.8,0,0,viernes,1
30,2190000,99000,2.5,0,2,lunes,1
47,897000,90000,14.0,0,2,martes,1
43,3701000,638000,4.7,0,0,miércoles,1
36,849000,31000,2.0,0,0,martes,1
45,619000,71000,0.7,0,2,lunes,1
50,894000,207000,0.3,0,0,martes,1
63,689000,217000,3.0,1,1,lunes,0
60,1407000,330000,1.4,0,2,viernes,1
51,796000,152000,5.8,0,2,viernes,1
34,1016000,77000,2.6,0,1,viernes,1
38,1444000,98000,3.3,0,1,lunes,1
63,960000,139000,1.8,0,2,martes,1
35,1100000,110000,17.0,0,1,martes,1
40,771000,200000,2.1,0,0,martes,1
65,1537000,202000,8.5,0,1,jueves,1
38,2155000,448000,8.2,0,2,miércoles,1
56,919000,270000,0.1,0,1,viernes,1
29,651000,32000,11.0,1,1,viernes,1
38,1070000,51000,8.6,0,2,miércoles,1
22,2220000,836000,4.0,1,1,jueves,0
58,927000,75000,1.3,0,1,martes,1
22,1965000,187000,0.7,0,1,miércoles,1
57,686000,144000,3.3,0,2,martes,1
59,940000,181000,2.0,0,1,viernes,1
27,1622000,126000,4.9,1,0,lunes,1
20,1152000,332000,2.0,0,1,miércoles,1
64,832000,101000,3.3,0,2,jueves,1
49,2241000,698000,11.7,0,1,miércoles,1
46,1001000,205000,4.0,0,0,jueves,1
48,1077000,185000,3.1,0,3,martes,1
54,909000,76000,13.4,0,1,jueves,1
47,695000,143000,6.0,0,4,lunes,1
54,1108000,331000,0.2,0,0,miércoles,1
41,1816000,252000,2.8,0,1,miércoles,1
21,962000,236000,3.0,0,0,jueves,1
22,1782000,240000,1.1,0,0,miércoles,1
54,689000,21000,3.1,0,0,jueves,1
28,1117000,260000,4.8,0,0,jueves,1
24,1367000,564000,3.0,0,2,jueves,0
51,1281000,370000,2.0,0,2,lunes,1
27,936000,28000,0.7,0,1,lunes,1
60,425000,57000,4.7,0,2,viernes,1
34,949000,367000,0.6,0,4,miércoles,0
42,1522000,270000,2.4,0,0,martes,1
39,1352000,504000,1.3,0,1,lunes,1
37,967000,37000,0.8,0,1,martes,1
48,1876000,317000,1.9,0,2,lunes,1
58,626000,162000,6.7,0,2,jueves,1
31,1227000,494000,13.0,0,1,lunes,1
21,2148000,879000,0.9,0,0,lunes,1
53,2070000,411000,9.4,0,0,viernes,1
47,2473000,210000,13.6,0,2,martes,1
40,581000,67000,6.4,0,1,martes,1
64,846000,168000,8.9,0,1,lunes,1
35,1090000,226000,6.5,0,0,miércoles,1
39,1465000,50000,4.2,0,1,viernes,1
59,593000,136000,3.0,1,1,lunes,0
33,1160000,300000,4.1,0,0,viernes,1
65,697000,199000,0.8,1,0,jueves,0
37,967000,229000,1.4,0,0,lunes,1
53,491000,15000,0.3,0,0,miércoles,1
46,1348000,130000,7.9,0,2,martes,1
55,427000,27000,0.2,0,3,martes,1
60,1210000,93000,0.2,1,0,viernes,1
27,576000,22000,0.1,0,1,viernes,1
53,705000,63000,9.6,0,0,viernes,1
39,1324000,281000,0.6,0,0,viernes,1
35,1161000,301000,6.1,0,5,martes,1
55,574000,42000,2.5,0,0,lunes,1
37,341000,63000,1.8,0,1,martes,1
27,1100000,183000,0.5,0,0,viernes,1
49,1106000,67000,17.9,0,0,martes,1
63,509000,146000,2.0,0,1,martes,1
48,2257000,281000,3.9,0,0,jueves,1
34,1493000,432000,0.7,0,2,martes,1
25,514000,47000,7.0,0,1,jueves,1
32,1503000,203000,10.7,1,0,jueves,1
46,545000,39000,3.3,0,2,viernes,1
32,2039000,801000,4.0,0,1,miércoles,1
54,2156000,232000,6.7,0,0,lunes,1
37,2239000,666000,3.7,0,2,martes,1
25,568000,319000,0.2,0,2,lunes,0
49,858000,153000,0.4,0,0,miércoles,1
55,563000,103000,24.5,0,1,viernes,1
60,648000,165000,1.6,0,0,jueves,1
26,2547000,305000,2.0,0,1,viernes,1
57,1070000,170000,0.1,0,0,viernes,1
23,901000,95000,0.7,0,1,jueves,1
62,925000,120000,12.2,1,1,martes,1
45,688000,50000,5.5,1,1,viernes,1
27,784000,252000,4.1,0,0,miércoles,1
55,1273000,671000,5.1,0,1,jueves,0
57,875000,307000,0.8,0,0,lunes,1
48,845000,158000,0.3,0,1,jueves,1
40,923000,69000,4.8,0,0,viernes,1
47,1051000,47000,0.1,0,2,viernes,1
55,929000,222000,4.1,1,1,jueves,1
24,801000,24000,5.8,0,0,viernes,1
20,826000,242000,2.0,0,0,martes,1
46,1233000,306000,15.9,0,3,viernes,1
58,860000,208000,3.9,0,0,lunes,1
43,913000,328000,2.3,0,1,lunes,1
20,739000,263000,1.3,0,2,lunes,1
20,963000,283000,2.0,0,1,jueves,1
47,1273000,58000,0.6,0,1,martes,1
55,441000,127000,2.6,0,3,viernes,1
44,1094000,501000,0.2,0,2,martes,0
30,1337000,108000,2.6,0,0,miércoles,1
32,1014000,115000,1.0,0,1,jueves,1
41,757000,57000,5.1,0,2,jueves,1
26,1545000,506000,4.4,0,2,viernes,1
41,1557000,513000,0.5,0,0,martes,1
27,667000,226000,2.6,0,0,jueves,1
51,1232000,451000,0.3,0,2,jueves,1
53,1111000,109000,12.4,0,0,lunes,1
59,397000,65000,0.4,0,0,jueves,1
29,1165000,392000,5.2,0,2,viernes,1
55,531000,154000,5.9,0,0,lunes,1
57,1014000,196000,1.6,0,0,jueves,1
29,512000,22000,4.2,1,0,viernes,1
60,1266000,238000,2.8,0,0,miércoles,1
30,2910000,710000,1.7,0,0,martes,1
33,752000,205000,1.4,0,0,jueves,1
39,652000,99000,20.3,0,4,miércoles,1
57,483000,209000,18.0,1,2,jueves,0
36,627000,41000,6.1,0,0,martes,1
57,1600000,697000,4.0,0,1,miércoles,1
53,1020000,141000,11.5,0,1,jueves,1
46,458000,41000,0.3,0,1,viernes,1
45,895000,78000,10.2,1,0,viernes,1
42,839000,126000,0.4,0,2,viernes,1
40,1312000,408000,7.9,0,3,lunes,0
34,798000,95000,5.6,0,0,viernes,1
47,1195000,47000,4.4,1,2,viernes,1
22,952000,151000,0.8,0,0,lunes,1
37,464000,161000,8.0,0,2,martes,1
40,623000,110000,0.9,0,0,martes,1
59,1804000,65000,5.8,0,0,viernes,1
60,1174000,151000,5.6,1,0,miércoles,1
54,1087000,40000,2.8,0,0,lunes,1
28,990000,241000,6.1,0,2,jueves,1
56,477000,48000,0.7,0,1,jueves,1
56,883000,348000,0.1,0,0,lunes,0
65,1213000,246000,5.3,0,1,viernes,1
47,1394000,263000,6.5,0,4,lunes,1
51,1605000,288000,0.4,0,1,miércoles,1
34,1193000,358000,2.4,0,3,lunes,0
49,1311000,247000,1.7,0,1,viernes,1
43,780000,75000,8.9,0,1,martes,1
55,1908000,439000,8.5,0,1,lunes,1
22,651000,212000,4.0,0,1,jueves,1
49,1174000,281000,0.3,0,0,viernes,1
47,898000,138000,3.7,0,1,lunes,1
63,1786000,358000,5.7,0,0,miércoles,1
65,950000,194000,4.3,1,2,jueves,1
38,1412000,124000,0.1,0,1,jueves,1
44,736000,324000,3.9,0,1,martes,0
36,1737000,470000,9.1,1,2,miércoles,0
22,1567000,133000,3.5,0,4,viernes,1
23,2059000,326000,5.0,0,1,jueves,1
24,894000,27000,1.5,0,0,martes,1
63,1539000,224000,9.5,1,0,miércoles,1
39,1409000,192000,3.8,1,1,jueves,1
23,1725000,351000,5.0,0,0,jueves,1
32,1430000,275000,2.5,0,2,viernes,1
61,1118000,216000,5.4,0,2,martes,1
54,1741000,370000,0.7,0,0,lunes,1
36,307000,26000,2.9,0,1,jueves,1
36,890000,138000,0.4,0,2,martes,1
65,700000,29000,0.8,1,0,miércoles,1
39,1733000,615000,5.9,0,0,jueves,1
26,949000,266000,2.1,0,2,jueves,1
50,1447000,576000,1.3,0,2,martes,0
31,1105000,344000,1.1,0,1,jueves,1
49,1696000,51000,1.3,0,0,viernes,1
56,1504000,244000,14.6,0,0,viernes,1
46,1039000,124000,6.8,0,4,lunes,1
37,1305000,463000,4.0,0,1,viernes,1
48,1042000,137000,0.7,0,1,lunes,1
40,849000,232000,0.8,0,1,viernes,1
47,1303000,72000,6.6,1,0,jueves,1
29,2099000,215000,11.0,0,1,lunes,1
55,1535000,438000,1.9,0,0,martes,1
27,728000,208000,9.0,0,2,viernes,1
33,1526000,173000,6.0,0,0,lunes,1
59,723000,39000,1.5,0,2,martes,1
44,268000,104000,3.6,0,1,martes,1
47,672000,94000,3.0,0,1,martes,1
51,1111000,186000,6.5,0,2,lunes,1
56,536000,129000,8.4,0,2,martes,1
23,1122000,259000,4.9,0,0,jueves,1
36,1745000,270000,3.2,1,0,martes,1
53,994000,150000,10.3,0,0,martes,1
42,1254000,150000,1.5,0,1,jueves,1
41,906000,115000,0.8,0,0,viernes,1
62,354000,68000,2.0,0,2,viernes,1
64,1148000,361000,1.6,0,1,lunes,1
61,732000,82000,9.3,0,1,martes,1
22,1169000,166000,4.0,0,0,miércoles,1
47,424000,139000,1.9,0,0,miércoles,1
26,1112000,592000,8.0,0,1,viernes,0
51,1306000,397000,3.7,0,0,viernes,1
31,1923000,224000,4.4,0,1,jueves,1
23,1137000,436000,4.2,1,1,miércoles,0
49,568000,19000,2.8,0,0,miércoles,1
35,1044000,182000,8.0,0,2,jueves,1
62,428000,107000,4.1,0,1,martes,1
46,438000,63000,4.9,0,2,viernes,1
24,1152000,69000,0.4,0,0,viernes,1
40,1328000,76000,1.3,0,3,viernes,1
58,1140000,177000,3.7,1,1,jueves,0
34,1771000,334000,0.7,0,0,miércoles,1
50,1487000,582000,2.8,0,3,viernes,0
52,1338000,432000,9.8,0,0,viernes,1
33,492000,110000,13.0,0,0,jueves,1
30,752000,109000,7.7,0,2,viernes,1
54,1113000,245000,11.2,0,1,lunes,1
61,537000,82000,7.3,1,1,lunes,1
38,594000,75000,8.9,0,2,martes,1
29,516000,100000,3.5,0,0,jueves,1
43,758000,122000,4.5,0,1,viernes,1
53,1112000,213000,6.7,0,0,lunes,1
47,1758000,467000,4.3,0,1,miércoles,1
42,1047000,168000,3.8,0,1,martes,1
29,876000,192000,9.1,1,0,martes,1
53,642000,108000,1.9,1,1,lunes,1
45,1856000,145000,0.4,0,2,lunes,1
38,1152000,35000,3.2,0,2,jueves,1
50,1423000,156000,17.8,1,1,jueves,1
36,643000,168000,3.9,0,1,viernes,1
27,584000,51000,4.4,0,0,lunes,1
49,1150000,73000,20.3,1,1,miércoles,1
32,1079000,420000,10.5,0,3,miércoles,1
64,1780000,631000,2.8,1,1,martes,0
34,762000,42000,1.5,0,0,miércoles,1
51,919000,272000,7.0,0,0,lunes,1
29,811000,34000,3.2,1,2,jueves,1
20,1639000,359000,2.0,1,0,martes,1
65,713000,112000,0.9,0,0,miércoles,1
21,1456000,583000,3.0,0,1,lunes,1
20,1001000,562000,0.8,0,0,martes,0
29,1317000,207000,2.9,0,0,jueves,1
23,1886000,291000,4.1,0,0,miércoles,1
36,1290000,89000,9.6,1,2,lunes,1
54,2442000,365000,1.2,1,3,martes,1
27,1199000,399000,3.3,0,1,jueves,1
65,450000,115000,3.0,0,2,viernes,1
63,1211000,250000,5.7,0,0,jueves,1
38,930000,28000,8.0,0,3,viernes,1
32,691000,228000,4.6,1,0,miércoles,0
24,932000,254000,2.6,0,0,jueves,1
41,685000,173000,0.4,0,2,lunes,1
45,1236000,149000,0.7,0,0,viernes,1
26,1157000,175000,0.7,0,0,martes,1
64,1522000,260000,2.3,0,0,viernes,1
34,1351000,295000,3.0,0,0,martes,1
47,1361000,155000,3.0,0,0,martes,1
45,545000,230000,3.2,0,0,viernes,1
51,896000,251000,3.7,0,3,lunes,1
39,422000,86000,0.5,0,1,lunes,1
59,1329000,237000,12.6,0,2,lunes,1
24,1013000,256000,0.2,0,1,lunes,1
49,1147000,282000,4.6,0,1,viernes,1
54,970000,177000,0.5,0,1,lunes,1
55,1161000,96000,2.3,1,1,viernes,1
64,404000,27000,6.3,0,2,martes,1
62,1171000,672000,9.8,0,0,martes,0
30,2225000,568000,5.7,0,2,miércoles,1
37,1197000,304000,0.0,0,0,viernes,1
30,824000,170000,2.1,0,0,viernes,1
24,1836000,219000,1.5,1,1,martes,1
54,1170000,60000,0.1,0,1,miércoles,1
62,1195000,52000,9.0,0,1,viernes,1
40,2466000,869000,2.0,0,1,martes,1
61,1245000,731000,3.3,1,0,jueves,0
21,754000,89000,0.8,0,0,martes,1
54,689000,60000,0.6,1,2,lunes,1
22,1666000,253000,2.0,0,0,jueves,1
49,484000,93000,2.4,0,0,lunes,1
65,801000,320000,5.8,0,1,miércoles,1
38,741000,110000,2.3,0,2,miércoles,1
53,1572000,671000,0.3,0,3,martes,1
55,915000,296000,7.3,0,0,martes,1
43,1089000,615000,2.1,0,1,viernes,0
39,432000,118000,1.6,0,1,viernes,1
27,797000,111000,6.8,1,2,miércoles,1
52,989000,115000,7.4,0,1,lunes,1
61,981000,240000,0.1,0,0,miércoles,1
37,1001000,124000,14.0,0,0,martes,1
37,1306000,690000,0.3,0,0,martes,0
28,1120000,298000,10.0,0,0,viernes,1
35,1826000,478000,10.5,0,0,viernes,1
48,790000,318000,0.1,0,1,martes,0
56,947000,190000,0.2,0,0,viernes,1
63,819000,25000,1.7,0,0,jueves,1
57,2022000,1156000,5.9,0,0,miércoles,0
43,1773000,396000,8.2,0,0,martes,1
20,549000,65000,2.0,0,0,miércoles,1
28,562000,54000,5.7,1,1,lunes,1
45,1506000,457000,4.2,0,1,martes,1
48,1591000,266000,3.6,0,0,jueves,1
36,1274000,117000,16.5,0,0,lunes,1
46,517000,16000,3.3,0,0,lunes,1
64,774000,176000,7.4,0,2,martes,1
54,746000,189000,17.2,0,0,lunes,1
34,889000,327000,0.4,0,1,viernes,1
65,921000,204000,6.8,0,1,lunes,1
33,480000,218000,15.0,0,0,jueves,1
26,737000,157000,8.0,0,1,jueves,1
50,783000,243000,2.5,1,1,viernes,0
53,389000,116000,0.9,0,0,miércoles,1
61,2131000,479000,3.4,0,1,viernes,1
24,2128000,365000,6.0,0,1,viernes,1
49,684000,55000,4.7,0,1,miércoles,1
64,786000,60000,7.1,0,2,viernes,1
45,795000,180000,10.2,0,0,jueves,1
59,708000,317000,4.4,1,1,martes,0
25,1281000,52000,7.0,0,1,viernes,1
20,613000,251000,0.0,1,0,martes,0
31,1522000,352000,7.6,0,1,miércoles,1
61,1326000,146000,1.0,0,1,lunes,1
56,994000,307000,2.0,0,0,viernes,1
53,2415000,349000,0.4,0,3,lunes,1
26,1463000,120000,0.6,0,1,lunes,1
63,847000,42000,0.4,1,0,martes,1
63,915000,151000,13.6,0,3,miércoles,1
37,1690000,236000,10.3,0,2,viernes,1
63,705000,175000,6.5,1,1,lunes,0
31,622000,79000,2.4,1,2,martes,1
49,1448000,515000,1.2,0,1,miércoles,1
43,1397000,189000,1.5,0,0,lunes,1
33,720000,171000,6.1,0,2,viernes,1
29,2382000,598000,3.3,0,1,martes,1
62,838000,346000,3.6,0,0,miércoles,1
58,1606000,48000,0.1,0,2,lunes,1
56,1251000,259000,8.6,0,1,viernes,1
36,701000,492000,2.0,0,1,lunes,0
53,960000,442000,22.2,0,0,miércoles,1
63,333000,89000,6.1,0,0,lunes,1
26,1579000,190000,0.6,1,1,martes,1
55,1046000,123000,5.7,0,0,miércoles,1
48,1562000,234000,1.2,0,2,viernes,1
42,696000,214000,4.6,0,0,miércoles,1
57,931000,179000,0.4,0,0,viernes,1
47,544000,97000,4.8,0,2,lunes,1
30,726000,212000,1.4,0,1,martes,1
51,1435000,364000,0.8,0,1,lunes,1
31,1283000,418000,13.0,0,3,miércoles,1
36,1852000,93000,0.6,0,0,jueves,1
40,1632000,466000,9.3,0,3,miércoles,1
43,1091000,46000,1.8,0,1,viernes,1
56,325000,34000,10.2,0,0,miércoles,1
31,1944000,426000,5.7,0,0,martes,1
24,1118000,189000,1.6,0,0,miércoles,1
51,4235000,1166000,0.8,0,2,martes,1
52,2368000,1027000,8.8,0,0,jueves,1
26,1360000,302000,4.8,0,0,jueves,1
46,1135000,197000,5.5,0,2,lunes,1
42,893000,49000,8.1,1,2,jueves,1
52,625000,50000,2.1,0,1,lunes,1
23,769000,534000,4.6,0,0,miércoles,0
27,994000,109000,9.0,0,1,viernes,1
24,627000,72000,3.6,0,1,viernes,1
64,888000,223000,2.1,0,0,viernes,1
51,1650000,164000,2.4,0,1,jueves,1
27,646000,77000,2.7,0,0,martes,1
20,919000,168000,0.0,0,2,martes,1
57,886000,184000,1.9,1,0,jueves,1
42,1078000,150000,1.3,0,2,jueves,1
20,662000,113000,0.3,0,2,lunes,1
50,831000,103000,8.4,0,3,miércoles,1
53,357000,47000,30.1,0,1,lunes,1
38,930000,43000,0.9,0,0,viernes,1
34,1368000,107000,2.6,0,1,martes,1
27,1370000,59000,1.5,1,0,lunes,1
37,1661000,543000,4.3,1,0,martes,0
55,635000,127000,1.2,0,1,jueves,1
60,1149000,92000,2.6,0,0,jueves,1
29,1060000,156000,2.4,0,0,miércoles,1
38,901000,155000,5.7,0,2,martes,1
41,1170000,65000,5.1,0,2,jueves,1
44,1045000,72000,5.2,0,2,viernes,1
38,669000,206000,2.0,0,0,martes,1
48,2118000,569000,3.8,0,1,miércoles,1
49,2095000,273000,0.5,0,0,jueves,1
20,585000,120000,2.0,0,0,viernes,1
20,1311000,267000,2.0,0,0,miércoles,1
51,760000,161000,0.6,0,2,martes,1
57,1465000,369000,0.7,0,0,viernes,1
63,717000,87000,10.0,0,0,lunes,1
44,602000,72000,8.4,0,1,jueves,1
38,1272000,106000,1.7,0,2,martes,1
28,801000,261000,6.1,0,0,jueves,1
58,1136000,182000,0.0,0,3,jueves,1
25,835000,239000,7.0,0,0,miércoles,1
30,621000,129000,2.6,0,0,jueves,1
41,320000,91000,0.3,0,0,lunes,1
45,1589000,484000,6.2,0,0,martes,1
46,1175000,372000,2.9,0,1,viernes,1
31,386000,159000,8.1,0,1,martes,1
31,620000,55000,2.1,0,0,viernes,1
29,903000,259000,8.1,0,1,jueves,1
34,1817000,431000,6.1,0,3,martes,1
49,1384000,304000,2.3,0,0,viernes,1
29,1445000,118000,6.5,0,2,miércoles,1
21,1204000,170000,1.7,0,3,viernes,1
49,1003000,404000,5.7,0,2,jueves,1
65,1067000,32000,12.4,0,1,miércoles,1
54,1218000,287000,6.6,0,1,jueves,1
52,769000,328000,3.5,0,2,lunes,1
38,399000,57000,2.5,0,0,jueves,1
32,1189000,206000,7.6,0,0,miércoles,1
50,923000,28000,3.2,0,1,jueves,1
47,511000,167000,6.9,0,1,viernes,1
54,902000,203000,4.4,0,3,miércoles,1
22,1678000,133000,0.1,0,4,lunes,1
30,669000,280000,0.1,0,2,lunes,0
50,866000,172000,0.1,0,0,martes,1
61,814000,229000,0.3,0,0,miércoles,1
58,679000,187000,2.4,0,2,viernes,1
54,731000,328000,2.1,0,2,martes,0
57,909000,212000,2.8,0,1,lunes,1
63,1487000,318000,5.6,0,2,viernes,1
25,1053000,238000,0.6,0,0,viernes,1
56,1469000,146000,1.4,0,0,miércoles,1
26,911000,255000,6.9,0,1,viernes,1
40,1041000,45000,0.5,0,0,jueves,1
50,493000,40000,3.0,0,3,jueves,1
35,1212000,213000,3.7,0,0,jueves,1
33,1490000,273000,0.4,0,1,lunes,1
30,1035000,106000,0.1,0,7,lunes,1
62,1588000,115000,7.5,0,0,viernes,1
21,1699000,271000,3.0,0,1,jueves,1
46,1074000,333000,11.7,0,0,martes,1
25,1237000,72000,0.2,0,0,martes,1
45,2396000,415000,1.7,0,1,miércoles,1
53,713000,111000,3.6,0,0,lunes,1
54,1199000,382000,0.5,0,1,viernes,1
28,2279000,691000,8.2,1,1,miércoles,0
60,765000,167000,0.5,0,1,miércoles,1
35,2344000,570000,1.6,0,1,jueves,1
41,1077000,378000,1.7,0,2,lunes,1
61,758000,49000,16.0,0,3,martes,1
45,1329000,90000,1.9,0,0,miércoles,1
58,1460000,66000,0.4,0,1,viernes,1
23,834000,47000,2.6,0,0,lunes,1
58,1131000,392000,0.0,0,2,viernes,1
62,876000,86000,13.9,1,2,jueves,1
26,801000,229000,2.8,0,2,jueves,1
61,1224000,363000,5.1,0,1,viernes,1
45,1591000,356000,0.9,0,1,martes,1
22,719000,27000,1.0,0,1,jueves,1
53,959000,192000,3.3,1,2,viernes,0
36,2536000,859000,1.5,1,2,lunes,0
30,1334000,189000,1.9,0,0,viernes,1
61,536000,164000,12.4,1,2,miércoles,1
33,1448000,573000,1.1,1,1,lunes,0
46,612000,112000,8.9,1,0,viernes,1
34,523000,150000,4.5,0,2,martes,1
34,1001000,78000,3.0,0,0,miércoles,1
45,1898000,254000,5.4,0,0,lunes,1
36,1562000,372000,6.1,0,0,jueves,1
43,1941000,226000,7.3,0,1,viernes,1
50,1484000,506000,3.6,0,1,viernes,1
44,886000,235000,7.9,0,0,viernes,1
51,1296000,229000,6.5,0,1,martes,1
57,2260000,108000,1.9,0,4,jueves,1
26,2534000,677000,5.7,1,0,jueves,1
25,510000,68000,7.0,0,3,martes,1
40,1185000,78000,0.2,0,1,jueves,1
52,766000,59000,4.2,0,1,martes,1
58,1571000,228000,7.2,1,1,martes,1
40,1401000,330000,2.7,0,2,viernes,1
58,1035000,191000,17.1,0,0,lunes,1
28,753000,54000,2.8,0,1,viernes,1
52,1249000,105000,4.9,0,1,jueves,1
51,995000,136000,11.8,0,1,lunes,1
57,1101000,171000,5.0,0,0,martes,1
20,966000,555000,0.7,0,0,miércoles,0
51,1195000,132000,6.8,1,2,viernes,1
44,1039000,435000,1.8,0,1,martes,1
58,1488000,189000,1.4,0,0,jueves,1
58,299000,26000,10.3,0,0,jueves,1
36,925000,121000,1.4,0,0,miércoles,1
45,830000,273000,6.0,0,1,miércoles,1
23,1191000,603000,5.0,0,2,jueves,0
24,1508000,553000,6.0,0,1,lunes,1
24,1135000,369000,3.2,0,2,miércoles,1
49,1062000,92000,3.5,0,0,lunes,1
47,827000,197000,6.2,0,2,martes,1
62,1430000,43000,4.0,0,1,lunes,1
20,2341000,328000,2.0,1,2,martes,0
58,1247000,53000,0.5,0,1,lunes,1
58,1142000,198000,11.2,0,0,jueves,1
27,1249000,622000,1.2,0,1,viernes,0
28,809000,398000,6.6,1,2,jueves,0
57,725000,60000,7.6,0,2,jueves,1
57,709000,197000,0.3,1,1,lunes,0
57,1111000,286000,5.1,1,3,martes,0
36,1420000,365000,2.8,0,1,viernes,1
57,1167000,133000,0.7,0,1,viernes,1
24,889000,84000,3.0,0,0,martes,1
65,1352000,140000,3.1,0,3,miércoles,1
37,882000,131000,2.7,0,1,viernes,1
27,1189000,419000,3.5,0,1,viernes,1
20,802000,41000,2.0,0,1,viernes,1
54,1198000,441000,4.7,0,3,martes,0
29,674000,208000,1.7,0,2,viernes,1
20,500000,95000,2.0,0,0,miércoles,1
26,1286000,190000,0.1,0,0,viernes,1
40,1917000,285000,0.7,0,0,lunes,1
64,835000,93000,2.8,0,0,martes,1
47,328000,83000,1.3,0,1,lunes,1
39,1682000,215000,0.9,0,3,viernes,1
44,1087000,62000,21.7,0,0,viernes,1
45,2884000,225000,8.4,0,0,jueves,1
27,1958000,684000,1.8,0,0,viernes,1
22,807000,55000,4.0,0,2,jueves,1
27,1004000,444000,9.0,0,4,miércoles,0
22,1276000,63000,4.0,0,1,lunes,1
53,779000,266000,13.3,0,0,viernes,1
47,2064000,438000,1.0,1,1,martes,1
53,1374000,109000,3.2,0,0,miércoles,1
35,723000,285000,15.8,0,1,martes,1
43,1897000,664000,13.5,0,0,miércoles,1
33,578000,108000,4.0,0,1,viernes,1
48,1340000,258000,3.8,1,0,viernes,1
27,582000,87000,1.7,0,2,viernes,1
23,1608000,216000,1.4,0,0,jueves,1
54,714000,131000,2.2,0,0,miércoles,1
29,805000,175000,3.2,0,1,miércoles,1
63,1179000,35000,10.1,1,1,jueves,1
33,1197000,92000,1.9,1,1,martes,1
36,1206000,227000,8.3,0,0,lunes,1
55,1080000,556000,8.4,0,1,lunes,1
37,655000,83000,8.4,0,1,lunes,1
29,922000,204000,4.1,0,1,miércoles,1
33,1018000,145000,2.2,0,1,martes,1
55,1173000,302000,21.5,0,0,jueves,1
28,781000,67000,8.2,0,2,viernes,1
41,1423000,242000,1.1,0,0,lunes,1
34,834000,25000,6.6,0,1,viernes,1
38,757000,191000,1.5,0,0,viernes,1
57,659000,141000,6.3,0,0,lunes,1
49,652000,47000,1.2,0,0,jueves,1
23,637000,160000,4.4,0,2,viernes,1
52,751000,243000,3.4,1,3,lunes,0
57,1937000,390000,12.9,0,0,miércoles,1
49,1017000,59000,6.5,0,2,viernes,1
22,2248000,328000,2.7,1,4,martes,0
43,452000,14000,2.0,0,1,lunes,1
44,1443000,316000,11.8,1,2,lunes,1
21,1363000,96000,3.0,1,0,viernes,1
55,471000,35000,4.3,0,1,jueves,1
26,1088000,33000,3.4,0,0,miércoles,1
35,1091000,211000,0.6,0,2,martes,1
34,1200000,431000,10.9,0,1,miércoles,1
60,759000,333000,19.0,0,0,miércoles,1
63,1229000,240000,3.6,0,0,martes,1
55,1593000,313000,1.1,1,1,viernes,0
36,637000,119000,0.2,0,3,miércoles,1
49,842000,85000,0.6,0,2,martes,1
49,1317000,582000,2.4,0,2,martes,0
36,667000,145000,1.4,1,1,jueves,0
31,1484000,228000,3.0,1,3,viernes,0
26,1008000,287000,1.3,0,1,martes,1
40,1514000,448000,3.0,0,0,viernes,1
47,258000,61000,4.0,0,4,jueves,1
53,1546000,690000,2.6,0,2,martes,0
29,1254000,158000,11.0,0,0,martes,1
49,1359000,203000,11.5,1,1,miércoles,1
60,733000,88000,1.6,0,3,miércoles,1
55,2132000,113000,0.1,0,1,miércoles,1
60,716000,181000,0.2,0,1,miércoles,1
56,1533000,278000,2.3,0,0,viernes,1
42,970000,120000,11.3,0,1,lunes,1
65,428000,78000,6.8,0,0,viernes,1
51,1349000,420000,11.5,0,1,lunes,1
41,1029000,38000,0.2,0,1,miércoles,1
53,717000,378000,2.2,1,1,lunes,0
63,937000,101000,1.8,0,2,lunes,1
35,3471000,150000,5.7,0,0,jueves,1
20,742000,178000,1.5,0,1,jueves,1
27,1578000,231000,5.7,0,3,jueves,1
53,936000,390000,4.1,1,2,martes,0
39,1095000,142000,11.9,0,0,miércoles,1
21,1543000,221000,3.0,0,1,viernes,1
43,1534000,210000,9.0,0,2,viernes,1
61,1211000,563000,12.6,0,0,viernes,1
51,640000,69000,10.4,0,0,jueves,1
63,1139000,312000,8.8,0,3,martes,1
51,1110000,340000,2.2,0,1,miércoles,1
22,766000,49000,4.0,0,1,viernes,1
22,620000,85000,0.8,1,3,viernes,1
56,1738000,114000,7.0,0,0,martes,1
62,595000,157000,11.4,1,1,viernes,1
44,1365000,266000,2.9,0,0,lunes,1
29,717000,249000,1.6,0,1,jueves,0
58,1354000,245000,0.8,0,0,lunes,1
30,416000,67000,3.1,0,2,viernes,1
56,1489000,109000,10.0,0,1,jueves,1
24,872000,296000,6.0,0,0,lunes,1
40,653000,20000,1.4,1,0,miércoles,1
42,2449000,677000,0.2,0,0,martes,1
46,990000,117000,0.6,0,1,miércoles,1
62,1105000,153000,3.3,0,1,lunes,1
48,1079000,257000,3.2,0,4,lunes,1
50,1416000,168000,3.7,0,1,miércoles,1
57,789000,330000,3.5,1,2,jueves,0
42,2069000,831000,1.1,1,1,jueves,0
53,700000,218000,2.8,0,2,miércoles,1
59,786000,300000,3.3,0,0,lunes,1
21,1100000,443000,3.0,1,2,lunes,0
63,2620000,160000,6.4,0,0,lunes,1
59,813000,337000,13.9,0,0,lunes,1
45,1203000,260000,3.4,0,2,martes,1
49,825000,82000,4.5,0,0,viernes,1
56,717000,295000,8.7,0,0,martes,1
48,1145000,202000,1.1,0,0,miércoles,1
65,1964000,690000,2.5,0,0,martes,1
49,557000,112000,9.0,0,0,martes,1
21,1122000,421000,1.1,1,1,viernes,0
33,1277000,317000,9.0,0,2,viernes,1
46,912000,268000,0.8,0,0,jueves,1
49,876000,120000,4.7,0,0,martes,1
51,705000,98000,10.9,0,0,martes,1
53,833000,116000,1.0,0,2,martes,1
45,774000,66000,1.4,0,2,viernes,1
24,1536000,380000,1.4,0,1,martes,1
33,766000,127000,7.9,0,1,jueves,1
45,1156000,121000,15.2,0,2,viernes,1
32,1771000,197000,0.8,0,0,miércoles,1
42,644000,292000,12.2,0,1,viernes,0
60,667000,39000,15.5,1,1,lunes,1
32,1024000,279000,4.7,0,0,martes,1
60,786000,125000,15.4,0,0,martes,1
64,1560000,593000,0.5,0,2,jueves,0
26,1432000,217000,8.0,0,1,miércoles,1
61,1159000,606000,2.8,0,0,jueves,0
54,1723000,449000,0.4,0,1,viernes,1
37,883000,110000,15.6,0,0,lunes,1
52,1057000,127000,9.2,0,1,jueves,1
25,1718000,658000,2.8,0,1,jueves,1
41,2996000,162000,5.6,0,1,jueves,1
37,842000,127000,19.0,0,2,miércoles,1
38,878000,302000,7.2,0,0,martes,1
57,2049000,307000,1.3,0,1,miércoles,1
34,1048000,47000,2.3,0,1,lunes,1
46,532000,224000,1.6,1,0,viernes,0
52,1238000,147000,1.5,1,1,viernes,1
56,1019000,189000,2.9,0,0,lunes,1
40,1094000,151000,7.4,0,0,miércoles,1
55,1555000,203000,1.2,0,2,miércoles,1
51,816000,97000,1.3,0,1,martes,1
28,796000,349000,8.9,0,1,jueves,1
52,740000,154000,12.6,1,2,jueves,1
36,1773000,477000,7.9,1,0,jueves,1
65,1178000,450000,0.0,0,1,jueves,1
57,315000,24000,0.6,0,1,lunes,1
51,1570000,271000,5.7,0,1,miércoles,1
52,1238000,101000,13.4,0,0,miércoles,1
23,288000,76000,3.6,1,1,miércoles,1
57,2133000,213000,2.8,0,0,viernes,1
30,2355000,263000,1.6,0,0,martes,1
54,1073000,293000,2.4,0,1,martes,1
47,1368000,337000,0.3,0,1,lunes,1
65,854000,38000,6.3,0,3,lunes,1
21,820000,57000,3.0,1,3,martes,0
50,1722000,485000,0.9,0,1,miércoles,1
40,837000,61000,4.9,1,1,jueves,1
45,826000,99000,1.0,0,1,jueves,1
34,1255000,389000,1.1,0,2,miércoles,1
51,537000,73000,3.2,0,0,lunes,1
28,830000,209000,10.0,0,1,jueves,1
26,1451000,244000,6.2,0,2,martes,1
22,449000,76000,4.0,0,0,martes,1
24,942000,273000,6.0,0,1,martes,1
20,828000,85000,2.0,1,2,jueves,1
35,704000,143000,14.1,0,2,viernes,1
27,569000,48000,9.0,0,3,martes,1
51,650000,181000,0.7,0,1,jueves,1
63,724000,151000,6.4,1,1,lunes,1
65,683000,75000,6.9,0,2,martes,1
35,881000,67000,2.5,0,0,martes,1
60,824000,104000,1.7,0,1,miércoles,1
63,622000,80000,2.7,0,2,martes,1
47,1148000,98000,1.3,0,0,lunes,1
24,1114000,213000,6.0,0,0,miércoles,1
22,528000,131000,4.0,0,1,jueves,1
47,1574000,123000,0.9,0,0,martes,1
48,909000,383000,3.8,0,1,jueves,1
44,1284000,350000,1.0,0,0,viernes,1
46,720000,57000,1.1,0,1,lunes,1
49,617000,127000,3.1,0,0,jueves,1
36,1008000,272000,6.8,0,1,martes,1
58,636000,136000,12.7,0,0,miércoles,1
53,1554000,185000,6.1,0,1,miércoles,1
37,2582000,707000,8.9,0,2,viernes,1
53,1395000,132000,5.1,0,0,jueves,1
50,1001000,86000,13.4,0,2,viernes,1
33,829000,100000,2.8,0,0,miércoles,1
29,686000,174000,6.7,0,0,martes,1
33,907000,33000,9.2,1,1,miércoles,1
56,687000,129000,0.4,1,0,miércoles,1
27,758000,71000,4.5,0,1,jueves,1
44,1794000,426000,5.4,0,2,viernes,1
64,848000,121000,1.9,0,0,lunes,1
23,1399000,182000,5.0,0,0,viernes,1
45,1591000,81000,4.6,0,2,jueves,1
33,1067000,108000,4.1,1,0,lunes,1
58,1185000,238000,5.6,0,1,miércoles,1
26,1080000,476000,4.5,0,0,lunes,0
47,695000,124000,2.0,0,0,martes,1
54,900000,125000,0.9,0,0,jueves,1
25,1352000,284000,0.0,0,1,viernes,1
38,554000,171000,8.0,0,0,lunes,1
26,800000,172000,1.9,0,1,lunes,1
44,1203000,337000,3.8,0,1,martes,1
20,1287000,248000,2.0,0,1,miércoles,1
48,1021000,198000,8.5,0,0,jueves,1
33,861000,135000,9.8,1,3,viernes,1
37,1206000,36000,2.9,0,1,viernes,1
56,1137000,238000,9.9,0,1,miércoles,1
65,1024000,31000,14.1,0,0,martes,1
42,1021000,355000,4.3,0,1,miércoles,1
54,1166000,355000,1.0,0,2,lunes,1
37,768000,211000,1.6,0,1,martes,1
49,1572000,372000,10.0,0,0,miércoles,1
37,1780000,219000,2.3,0,1,miércoles,1
26,910000,70000,1.6,0,1,viernes,1
59,354000,79000,15.6,0,0,martes,1
37,588000,35000,9.4,0,0,jueves,1
36,1381000,259000,6.2,0,0,miércoles,1
37,648000,165000,4.8,1,2,lunes,0
57,1236000,201000,1.9,0,2,lunes,1
52,572000,69000,0.6,1,1,lunes,1
28,1290000,215000,1.7,0,0,viernes,1
23,1054000,354000,1.4,0,1,lunes,1
48,1011000,406000,2.2,0,0,jueves,1
26,837000,25000,2.1,0,1,lunes,1
27,1196000,416000,4.0,1,1,jueves,0
56,597000,214000,9.2,0,1,martes,1
53,1152000,349000,0.2,0,1,jueves,1
37,897000,304000,1.2,0,1,viernes,1
53,2077000,885000,1.0,1,1,viernes,0
33,404000,136000,15.0,0,3,jueves,1
41,1089000,260000,17.3,0,1,miércoles,1
24,731000,241000,4.7,0,0,jueves,1
57,1249000,499000,1.2,0,1,viernes,1
23,1522000,380000,1.2,0,1,miércoles,1
63,535000,172000,4.1,1,1,martes,0
39,1873000,122000,4.4,1,0,miércoles,1
33,817000,169000,12.8,1,1,viernes,1
41,894000,92000,0.4,0,1,viernes,1
48,724000,31000,0.7,0,0,lunes,1
64,358000,84000,3.3,1,0,jueves,0
63,792000,236000,3.0,0,0,jueves,1
50,561000,115000,11.9,0,1,martes,1
64,470000,89000,5.5,1,0,viernes,1
30,1656000,574000,12.0,0,0,lunes,1
20,1626000,675000,0.5,0,1,viernes,1
51,1137000,159000,2.8,1,1,martes,1
63,644000,117000,0.9,0,1,jueves,1
20,1650000,195000,2.0,0,1,viernes,1
60,1036000,237000,0.1,0,1,miércoles,1
54,884000,73000,2.1,0,3,jueves,1
54,685000,112000,7.2,0,1,jueves,1
34,1045000,325000,0.4,0,0,miércoles,1
57,895000,374000,1.0,0,1,viernes,1
51,847000,61000,0.2,0,0,martes,1
57,848000,95000,0.6,0,0,lunes,1
63,1325000,147000,6.7,0,0,jueves,1
43,1271000,68000,0.1,0,1,miércoles,1
65,1813000,348000,3.0,0,0,miércoles,1
35,869000,67000,2.6,1,1,lunes,1
45,573000,240000,0.6,0,0,lunes,1
62,1067000,233000,1.9,1,2,jueves,0
23,474000,75000,0.3,1,1,viernes,1
31,657000,275000,0.2,0,0,viernes,1
22,1580000,276000,4.0,0,1,martes,1
52,2049000,810000,0.0,0,0,lunes,1
32,1229000,433000,1.7,1,2,martes,0
27,1071000,69000,2.7,0,1,lunes,1
24,859000,83000,2.2,1,0,viernes,1
53,1045000,75000,1.8,1,1,jueves,1
33,1012000,140000,0.3,0,0,viernes,1
63,1143000,198000,5.0,0,2,viernes,1
60,695000,250000,0.2,0,0,jueves,1
35,1086000,148000,6.8,0,0,miércoles,1
34,530000,61000,7.6,0,0,jueves,1
60,485000,94000,14.6,0,1,martes,1
35,1644000,262000,0.4,1,0,lunes,1
46,3810000,675000,6.9,0,3,miércoles,1
58,1083000,64000,3.1,0,1,miércoles,1
59,1017000,343000,19.8,0,2,martes,1
55,1831000,712000,4.2,0,3,jueves,1
48,547000,104000,4.8,0,1,jueves,1
34,491000,25000,1.1,1,3,lunes,0
31,1377000,343000,9.2,0,2,jueves,1
43,1885000,63000,4.9,0,1,viernes,1
65,1298000,39000,0.9,0,0,viernes,1
45,912000,73000,0.1,0,2,miércoles,1
38,2216000,759000,1.6,0,0,jueves,1
53,792000,130000,24.4,0,0,martes,1
26,940000,152000,1.5,0,1,viernes,1
26,814000,217000,0.0,0,2,martes,1
36,583000,103000,2.0,1,0,viernes,1
54,903000,266000,0.6,0,3,lunes,0
58,943000,183000,33.8,0,0,jueves,1
24,947000,194000,3.6,0,0,lunes,1
26,1288000,209000,1.2,0,0,jueves,1
47,765000,409000,0.2,1,1,martes,0
54,1765000,762000,5.2,0,1,viernes,1
63,867000,182000,4.1,0,0,jueves,1
39,620000,165000,16.9,0,1,viernes,1
27,603000,32000,0.2,0,2,martes,1
31,826000,66000,5.1,0,1,miércoles,1
55,908000,203000,4.6,0,1,jueves,1
50,1197000,454000,8.2,0,1,viernes,1
38,1055000,100000,5.4,0,1,jueves,1
45,1637000,480000,0.6,0,4,viernes,1
30,807000,66000,8.0,0,1,jueves,1
45,1346000,240000,4.1,1,1,martes,1
43,1041000,247000,3.1,0,0,miércoles,1
27,1330000,528000,0.1,0,0,lunes,1
28,722000,99000,3.6,1,0,lunes,1
57,1479000,272000,5.8,0,0,miércoles,1
40,634000,245000,3.9,0,0,martes,1
26,2688000,779000,1.1,0,0,viernes,1
46,498000,69000,7.5,0,1,viernes,1
42,810000,24000,1.6,0,1,lunes,1
55,963000,253000,3.3,0,0,jueves,1
26,1970000,117000,8.0,0,2,miércoles,1
57,2176000,556000,14.9,0,1,jueves,1
61,639000,226000,14.0,1,0,miércoles,0
60,1716000,377000,3.0,0,2,jueves,1
27,526000,21000,9.0,0,1,martes,1
42,2263000,616000,0.0,0,2,jueves,1
36,805000,156000,14.5,0,1,viernes,1
62,1289000,66000,5.1,0,2,miércoles,1
61,1111000,94000,5.1,0,1,martes,1
61,682000,213000,31.5,0,0,viernes,1
59,1031000,251000,0.7,0,2,lunes,1
42,1208000,404000,3.5,0,0,jueves,1
20,593000,66000,2.0,0,0,martes,1
25,1196000,103000,0.1,0,2,miércoles,1
30,939000,81000,5.4,0,0,jueves,1
36,708000,102000,1.5,0,2,martes,1
43,1605000,174000,11.1,0,2,jueves,1
54,730000,204000,3.9,0,0,viernes,1
30,479000,135000,4.1,0,1,lunes,1
45,1376000,135000,16.7,0,0,martes,1
42,647000,147000,0.6,1,0,lunes,1
28,1047000,31000,0.9,1,0,jueves,1
31,650000,46000,3.5,0,0,lunes,1
59,1795000,382000,1.1,0,1,lunes,1
42,1084000,374000,10.6,0,1,viernes,1
49,1377000,113000,0.6,0,0,martes,1
36,765000,154000,0.1,0,3,lunes,1
25,649000,314000,1.4,0,0,jueves,1
32,963000,179000,1.0,0,0,martes,1
57,1318000,257000,8.6,0,0,miércoles,1
60,1328000,406000,7.3,0,1,lunes,1
43,2010000,663000,1.2,0,0,viernes,1
49,1148000,76000,0.5,0,2,lunes,1
36,2046000,451000,13.2,0,1,martes,1
61,610000,77000,2.3,0,0,martes,1
44,856000,218000,26.0,0,2,lunes,1
49,645000,48000,1.2,1,1,jueves,1
44,1077000,539000,2.7,0,0,jueves,1
45,658000,117000,11.3,0,0,lunes,1
64,1260000,96000,11.7,0,0,viernes,1
44,1003000,102000,5.2,0,1,viernes,1
51,1122000,275000,13.1,0,4,viernes,1
39,1148000,242000,4.9,0,2,jueves,1
32,876000,132000,0.1,0,1,martes,1
26,1618000,225000,0.2,0,0,martes,1
39,2580000,265000,0.5,1,0,lunes,1
46,1275000,777000,3.2,0,0,miércoles,0
25,1092000,382000,3.9,0,1,martes,1
63,1291000,199000,5.2,0,1,lunes,1
36,773000,151000,6.6,0,1,martes,1
63,694000,132000,4.0,0,0,jueves,1
57,754000,47000,16.1,1,0,miércoles,1
25,1248000,82000,6.5,0,1,lunes,1
38,1166000,165000,2.0,0,0,martes,1
26,2045000,215000,3.0,0,0,miércoles,1
57,539000,85000,1.8,0,0,lunes,1
35,1292000,294000,1.5,0,1,jueves,1
34,1896000,427000,1.2,0,1,miércoles,1
56,591000,121000,0.4,1,1,martes,0
48,1494000,485000,19.9,0,1,miércoles,1
20,1306000,39000,2.0,0,2,viernes,1
23,1019000,385000,1.4,0,1,martes,1
21,509000,67000,3.0,0,1,martes,1
26,733000,121000,1.8,0,0,viernes,1
39,1459000,188000,17.0,0,3,jueves,1
38,1579000,145000,3.6,0,0,miércoles,1
36,950000,42000,7.2,0,0,lunes,1
62,912000,160000,1.2,0,2,lunes,1
45,1804000,385000,4.1,0,2,martes,1
52,1099000,207000,1.3,0,2,miércoles,1
28,1312000,380000,1.5,0,0,martes,1
30,1412000,295000,4.0,1,3,viernes,0
31,448000,68000,10.1,0,1,lunes,1
33,4042000,574000,5.4,0,0,lunes,1
53,1328000,129000,3.0,0,1,miércoles,1
22,2413000,171000,4.0,0,1,jueves,1
23,740000,103000,1.5,0,2,miércoles,1
49,496000,118000,5.7,0,1,viernes,1
26,1320000,439000,3.8,1,1,miércoles,0
63,494000,77000,2.7,0,1,miércoles,1
21,759000,53000,3.0,0,0,jueves,1
49,986000,102000,3.2,1,2,jueves,0
38,571000,57000,0.5,1,2,viernes,1
54,1054000,452000,7.5,0,0,martes,1
61,1005000,323000,1.7,0,2,lunes,1
37,910000,104000,0.1,0,4,martes,1
48,799000,163000,2.1,0,2,lunes,1
55,1839000,839000,2.7,0,0,lunes,1
41,1033000,212000,2.6,0,1,jueves,1
42,1124000,325000,14.0,1,0,jueves,1
37,1225000,158000,7.0,0,0,viernes,1
52,735000,378000,0.2,1,0,viernes,0
64,904000,282000,1.0,0,1,miércoles,1
31,2837000,417000,0.8,0,4,lunes,1
32,764000,135000,1.4,0,2,miércoles,1
52,2078000,358000,7.3,0,1,viernes,1
37,460000,115000,10.3,0,2,jueves,1
30,1115000,66000,12.0,0,2,jueves,1
23,802000,193000,5.0,0,0,jueves,1
35,1145000,478000,1.4,0,0,jueves,1
43,1354000,68000,11.3,0,0,jueves,1
33,1301000,332000,2.8,0,1,miércoles,1
52,717000,113000,0.2,0,0,jueves,1
40,631000,183000,0.1,0,1,lunes,1
35,1295000,637000,0.9,0,2,miércoles,0
29,1757000,603000,11.0,0,1,jueves,1
38,1333000,258000,3.8,0,2,jueves,1
47,1910000,351000,6.6,0,0,martes,1
47,747000,42000,4.1,0,1,viernes,1
49,671000,96000,7.0,0,2,viernes,1
37,846000,367000,0.9,0,1,viernes,1
30,1568000,135000,0.1,1,0,viernes,1
65,870000,171000,0.7,0,0,jueves,1
55,621000,106000,5.1,0,1,martes,1
61,1458000,132000,16.6,0,1,lunes,1
50,781000,81000,2.5,0,1,lunes,1
57,734000,361000,4.3,1,1,lunes,0
64,563000,70000,0.3,1,0,lunes,1
34,1265000,83000,5.0,0,1,miércoles,1
59,1057000,146000,26.8,1,1,viernes,1
46,1538000,218000,9.7,0,0,lunes,1
63,853000,213000,2.4,0,1,miércoles,1
63,1105000,34000,11.9,1,0,jueves,1
62,1716000,616000,14.2,0,1,viernes,1
62,665000,340000,1.9,0,4,miércoles,0
61,2353000,310000,1.5,0,1,miércoles,1
50,1099000,77000,8.1,0,2,viernes,1
65,940000,252000,2.0,0,3,miércoles,1
62,1292000,149000,10.0,0,0,jueves,1
63,1146000,108000,0.3,0,1,miércoles,1
43,880000,59000,9.0,0,1,lunes,1
36,1089000,130000,3.4,0,0,jueves,1
27,1437000,331000,9.0,0,2,viernes,1
26,2149000,809000,3.0,0,1,lunes,1
50,1733000,488000,2.6,0,0,viernes,1
62,1874000,275000,5.4,0,2,miércoles,1
50,1469000,595000,1.1,0,0,jueves,1
34,1071000,70000,7.0,0,1,miércoles,1
28,661000,69000,5.9,0,2,jueves,1
59,931000,354000,3.2,1,1,viernes,0
21,769000,99000,1.1,0,1,lunes,1
65,1404000,160000,1.8,0,3,viernes,1
28,360000,60000,0.5,0,2,martes,1
48,869000,90000,11.1,0,1,martes,1
58,1296000,407000,0.3,1,0,lunes,0
33,1206000,294000,3.7,0,1,miércoles,1
23,1211000,74000,0.0,0,1,viernes,1
50,1201000,246000,5.4,0,0,martes,1
61,559000,116000,8.3,0,0,miércoles,1
58,1880000,56000,0.1,0,2,lunes,1
39,1506000,671000,1.3,0,1,viernes,0
27,1790000,270000,3.0,0,0,miércoles,1
28,1147000,142000,1.7,0,1,lunes,1
60,876000,207000,2.2,0,0,lunes,1
44,1514000,169000,1.6,0,2,lunes,1
53,784000,195000,10.2,0,0,jueves,1
57,636000,89000,5.3,1,1,lunes,1
62,441000,98000,0.8,0,1,miércoles,1
33,698000,188000,6.6,0,2,lunes,1
35,932000,295000,1.7,0,1,jueves,1
47,516000,102000,5.8,0,0,martes,1
61,471000,33000,1.9,0,2,jueves,1
58,770000,140000,3.7,0,1,miércoles,1
28,1577000,1120000,10.0,0,1,miércoles,0
60,874000,67000,1.8,1,1,martes,1
53,1131000,34000,7.2,0,0,viernes,1
58,618000,23000,4.5,0,3,miércoles,1
62,1068000,135000,2.9,0,0,jueves,1
22,1274000,361000,2.8,0,2,lunes,1
45,558000,97000,1.6,0,1,martes,1
21,798000,219000,2.1,0,1,viernes,1
26,848000,254000,1.4,0,3,miércoles,1
35,1180000,65000,17.0,1,0,lunes,1
64,763000,216000,0.1,1,2,lunes,0
49,466000,145000,8.0,0,1,miércoles,1
47,782000,96000,5.1,1,2,viernes,1
23,1896000,302000,5.0,0,1,lunes,1
32,1808000,709000,1.8,0,0,lunes,1
20,776000,96000,2.0,0,1,martes,1
62,685000,292000,4.5,0,0,viernes,1
38,645000,104000,7.5,0,0,jueves,1
58,834000,97000,2.2,0,0,martes,1
22,1081000,327000,4.0,0,1,viernes,1
63,1419000,325000,0.3,0,2,viernes,1
44,2134000,378000,1.4,0,0,lunes,1
49,918000,179000,4.5,0,2,miércoles,1
53,2201000,96000,13.2,1,0,jueves,1
30,1624000,227000,12.0,0,1,viernes,1
41,894000,145000,4.8,1,0,lunes,1
47,532000,16000,1.2,0,0,martes,1
56,966000,154000,6.9,0,1,viernes,1
43,2042000,86000,5.1,0,1,lunes,1
46,933000,241000,21.3,0,0,miércoles,1
43,2214000,362000,2.2,0,0,jueves,1
34,619000,113000,1.1,0,2,martes,1
20,2298000,927000,0.4,0,2,viernes,0
56,814000,87000,5.7,0,0,viernes,1
31,669000,50000,13.0,1,6,martes,1
37,803000,148000,1.3,0,2,viernes,1
32,774000,141000,14.0,1,1,miércoles,1
51,499000,169000,5.1,1,0,lunes,1
24,678000,123000,6.0,0,1,martes,1
41,355000,65000,20.6,1,0,jueves,1
37,1746000,187000,5.4,0,0,miércoles,1
47,1324000,240000,0.7,1,0,viernes,1
40,780000,146000,7.1,0,0,lunes,1
29,712000,110000,5.7,0,0,jueves,1
51,1884000,271000,3.5,1,3,martes,1
56,635000,251000,7.9,0,0,lunes,1
43,1526000,154000,1.7,0,1,lunes,1
52,1830000,280000,13.0,0,1,martes,1
40,1403000,334000,2.3,0,3,viernes,1
45,1016000,72000,3.1,0,1,jueves,1
26,1373000,597000,2.4,0,0,lunes,0
47,952000,138000,2.3,0,2,lunes,1
30,1669000,650000,3.8,0,1,viernes,1
59,756000,105000,11.7,0,0,lunes,1
34,2345000,144000,0.7,0,1,martes,1
28,1463000,100000,0.4,0,0,martes,1
26,951000,361000,5.4,0,0,martes,1
20,1723000,630000,1.3,0,1,viernes,1
31,1638000,202000,0.4,0,0,viernes,1
31,880000,259000,3.2,1,2,viernes,0
38,623000,307000,0.5,0,0,miércoles,1
20,575000,202000,2.0,0,3,lunes,1
30,743000,35000,5.7,0,2,jueves,1
60,912000,144000,5.6,0,0,jueves,1
31,948000,154000,1.1,0,2,viernes,1
61,2881000,841000,2.6,0,0,martes,1
56,1014000,166000,4.0,0,2,jueves,1
23,1087000,345000,0.4,0,2,miércoles,1
36,790000,308000,1.9,0,1,miércoles,0
21,1952000,876000,1.3,0,0,miércoles,1
37,546000,93000,1.4,1,0,viernes,1
38,1151000,184000,2.6,0,1,lunes,1
55,990000,95000,7.7,0,1,martes,1
36,977000,83000,10.9,0,2,jueves,1
55,1049000,57000,1.4,1,2,martes,1
43,800000,213000,16.3,0,0,martes,1
52,638000,19000,5.5,0,2,martes,1
35,1640000,254000,4.7,0,0,jueves,1
46,1893000,389000,23.5,0,0,miércoles,1
21,1389000,258000,0.6,0,1,jueves,1
22,1810000,156000,0.5,0,2,viernes,1
53,1115000,214000,5.3,0,3,viernes,1
59,375000,165000,0.2,0,1,jueves,0
23,654000,70000,5.0,1,2,miércoles,1
48,1283000,106000,3.5,1,1,martes,1
25,362000,36000,7.0,0,0,lunes,1
63,1096000,381000,2.9,0,0,viernes,1
23,1197000,585000,5.0,0,1,lunes,1
28,1177000,282000,6.4,0,3,lunes,1
57,638000,131000,0.5,0,0,miércoles,1
25,878000,291000,6.8,0,1,jueves,1
27,885000,281000,8.1,0,1,jueves,1
61,1143000,353000,1.8,1,1,miércoles,1
23,914000,132000,0.6,0,3,martes,1
34,473000,50000,1.9,0,0,miércoles,1
60,2955000,475000,0.5,0,2,miércoles,1
64,1189000,165000,19.5,1,1,miércoles,1
25,927000,55000,3.8,0,2,jueves,1
54,811000,340000,4.2,0,0,jueves,1
63,1441000,263000,7.8,0,1,lunes,1
30,1130000,149000,0.2,0,0,viernes,1
43,1247000,212000,0.7,0,0,lunes,1
48,527000,20000,1.1,0,0,jueves,1
36,407000,31000,5.0,0,1,martes,1
35,1864000,79000,1.9,0,1,lunes,1
36,1132000,181000,1.7,0,1,lunes,1
57,1166000,253000,1.0,0,3,viernes,1
21,1730000,208000,3.0,0,0,miércoles,1
49,864000,237000,9.3,0,2,martes,1
44,1286000,300000,3.7,0,1,miércoles,1
53,459000,134000,15.9,0,1,viernes,1
53,985000,434000,3.9,1,0,viernes,0
33,991000,189000,3.1,1,0,jueves,1
40,1598000,251000,2.0,0,0,miércoles,1
21,839000,71000,0.1,0,0,martes,1
41,2594000,642000,0.1,0,0,martes,1
39,326000,63000,1.3,0,1,viernes,1
57,1660000,431000,0.9,0,0,miércoles,1
52,466000,49000,0.1,1,0,lunes,1
37,1600000,48000,3.9,0,1,lunes,1
61,1469000,455000,2.5,0,3,jueves,1
43,765000,61000,4.4,0,1,martes,1
34,865000,206000,3.8,0,1,miércoles,1
49,915000,264000,3.0,1,0,viernes,0
41,1464000,118000,3.2,0,1,martes,1
64,815000,238000,6.3,0,3,miércoles,1
60,1199000,329000,18.3,0,1,jueves,1
20,1072000,32000,2.0,0,0,miércoles,1
31,1384000,359000,1.7,0,0,miércoles,1
38,1125000,202000,0.7,0,2,jueves,1
51,1265000,218000,6.0,1,2,miércoles,1
48,1441000,154000,1.8,0,0,viernes,1
60,1422000,58000,4.4,1,1,martes,1
27,1402000,189000,2.6,1,2,martes,1
48,959000,365000,4.0,0,1,viernes,1
61,994000,41000,4.7,0,0,miércoles,1
25,743000,106000,4.8,0,1,lunes,1
50,1368000,499000,1.7,0,1,jueves,1
50,680000,272000,0.7,0,1,miércoles,1
21,935000,115000,2.5,0,2,viernes,1
21,993000,111000,3.0,0,1,martes,1
22,1337000,235000,4.0,0,2,lunes,1
32,1290000,330000,3.1,0,1,viernes,1
51,1419000,112000,2.3,0,1,martes,1
60,1137000,34000,3.8,0,0,lunes,1
51,565000,71000,9.9,1,3,jueves,1
52,835000,276000,3.3,0,1,martes,1
38,1119000,106000,6.6,1,2,martes,1
29,1219000,246000,3.6,0,0,lunes,1
45,741000,114000,1.2,0,2,lunes,1
51,790000,213000,0.3,0,0,miércoles,1
59,989000,223000,1.4,0,0,jueves,1
46,616000,171000,4.7,0,1,lunes,1
64,959000,29000,1.8,0,0,miércoles,1
57,1701000,287000,11.9,0,0,jueves,1
63,600000,166000,2.5,0,1,martes,1
50,567000,17000,14.3,0,3,miércoles,1
30,1631000,317000,3.2,0,0,martes,1
57,967000,29000,0.9,1,2,miércoles,1
49,2091000,63000,1.2,1,1,jueves,1
53,571000,79000,0.2,0,0,viernes,1
33,1609000,459000,1.4,1,2,lunes,0
23,1170000,444000,1.3,0,0,jueves,1
64,611000,278000,0.7,0,1,jueves,0
41,1216000,275000,6.0,0,1,lunes,1
47,2723000,485000,8.1,1,0,martes,1
22,1520000,262000,1.2,0,0,viernes,1
59,1144000,298000,5.8,0,1,viernes,1
33,889000,168000,15.0,0,2,jueves,1
20,582000,97000,1.0,0,1,miércoles,1
32,577000,326000,1.9,0,3,lunes,0
27,877000,211000,5.0,0,1,miércoles,1
41,1545000,242000,0.4,0,0,jueves,1
50,966000,236000,9.4,0,1,viernes,1
35,2164000,295000,1.7,1,2,martes,0
28,684000,129000,3.7,0,1,jueves,1
30,645000,204000,3.3,0,2,lunes,1
27,1073000,273000,2.7,0,0,miércoles,1
59,1007000,310000,0.7,0,0,viernes,1
43,2060000,84000,2.1,1,0,viernes,1
22,1394000,195000,1.9,0,0,viernes,1
39,1066000,200000,0.2,0,1,jueves,1
41,743000,233000,1.6,1,2,jueves,0
52,1420000,194000,5.1,0,3,viernes,1
49,3070000,584000,5.8,0,0,jueves,1
53,1096000,102000,0.1,0,1,jueves,1
28,598000,210000,10.0,0,0,lunes,1
20,520000,61000,2.0,0,1,lunes,1
41,895000,278000,2.8,1,3,miércoles,0
34,1151000,90000,6.7,0,1,martes,1
35,764000,46000,7.6,0,1,miércoles,1
61,857000,120000,1.6,0,2,martes,1
59,847000,120000,6.3,0,0,jueves,1
55,1863000,374000,1.3,1,0,viernes,1
22,595000,84000,4.0,0,0,jueves,1
29,844000,218000,3.6,0,0,martes,1
22,1694000,384000,4.0,0,1,jueves,1
32,2058000,704000,2.7,0,1,miércoles,1
41,808000,160000,0.4,0,1,martes,1
33,971000,329000,11.3,1,2,jueves,0
52,2419000,773000,10.5,0,1,martes,1
24,1874000,457000,6.0,0,3,martes,1
60,738000,190000,0.8,1,1,jueves,0
25,688000,28000,0.0,0,0,jueves,1
43,1122000,288000,0.7,0,0,jueves,1
47,707000,74000,0.5,0,0,jueves,1
64,881000,231000,7.1,1,1,lunes,0
20,1242000,355000,1.0,0,0,miércoles,1
50,510000,17000,9.4,0,0,viernes,1
59,1191000,140000,30.4,0,2,martes,1
63,1310000,158000,2.3,0,1,viernes,1
56,960000,101000,0.9,0,0,viernes,1
59,1540000,240000,2.2,1,0,lunes,1
20,801000,252000,1.7,1,3,miércoles,0
61,933000,157000,3.5,0,0,lunes,1
34,476000,126000,3.0,0,2,jueves,1
21,282000,10000,3.0,0,1,lunes,1
20,646000,94000,0.4,0,3,martes,1
60,1013000,259000,2.9,0,1,lunes,1
37,1044000,78000,0.9,0,0,jueves,1
50,913000,27000,0.8,0,1,miércoles,1
44,914000,269000,4.0,1,2,lunes,0
26,987000,47000,0.6,1,1,jueves,1
62,1058000,145000,1.5,0,1,viernes,1
23,737000,246000,5.0,0,0,martes,1
22,510000,43000,1.2,1,0,viernes,1
25,1366000,247000,7.0,0,2,viernes,1
40,571000,64000,3.0,1,0,lunes,1
42,2001000,178000,1.5,0,1,viernes,1
55,643000,79000,1.7,0,0,jueves,1
23,879000,453000,5.0,1,0,martes,0
65,1557000,656000,3.0,1,1,lunes,0
39,834000,159000,1.7,0,0,martes,1
61,604000,34000,11.2,0,1,jueves,1
27,942000,223000,2.0,0,1,miércoles,1
36,1535000,345000,2.3,0,1,martes,1
22,1017000,416000,4.0,0,2,lunes,1
41,944000,233000,2.5,0,0,miércoles,1
25,970000,176000,0.4,1,3,jueves,1
40,1790000,583000,9.5,0,1,jueves,1
24,580000,233000,2.2,1,0,jueves,0
40,1160000,232000,1.5,0,0,miércoles,1
61,2971000,420000,0.8,0,2,lunes,1
20,1026000,95000,0.3,0,1,jueves,1
50,1477000,272000,4.5,0,0,jueves,1
45,745000,249000,4.2,0,3,miércoles,1
49,807000,109000,3.3,0,1,miércoles,1
25,1059000,74000,1.3,0,0,jueves,1
65,986000,64000,3.8,0,0,martes,1
53,664000,80000,1.0,0,3,lunes,1
45,1471000,424000,0.7,0,0,jueves,1
27,831000,111000,7.7,0,0,viernes,1
62,1412000,610000,1.5,0,4,miércoles,0
30,985000,125000,12.0,0,1,martes,1
50,1900000,72000,1.9,0,1,viernes,1
28,955000,270000,1.4,0,4,viernes,0
40,702000,39000,2.3,0,0,miércoles,1
21,1705000,214000,0.7,0,0,martes,1
52,552000,108000,8.4,0,2,lunes,1
58,869000,126000,6.0,0,0,martes,1
39,897000,29000,0.3,0,1,viernes,1
57,1630000,441000,4.9,0,1,jueves,1
28,1258000,39000,10.0,1,0,jueves,1
22,1109000,129000,1.4,0,1,jueves,1
22,2113000,128000,0.5,1,0,martes,1
21,1078000,490000,0.2,0,0,miércoles,0
62,563000,58000,13.9,0,1,martes,1
45,611000,87000,9.0,0,0,jueves,1
36,537000,105000,0.3,0,0,jueves,1
31,999000,32000,3.4,0,1,miércoles,1
58,977000,181000,1.4,0,1,martes,1
40,1180000,152000,1.1,0,1,lunes,1
39,1118000,72000,12.1,0,1,martes,1
32,1094000,261000,6.2,0,0,lunes,1
23,2156000,353000,5.0,0,2,viernes,1
46,1167000,49000,1.4,0,0,lunes,1
45,693000,37000,1.7,0,0,martes,1
57,813000,159000,2.5,0,1,jueves,1
24,810000,157000,6.0,0,2,martes,1
60,974000,459000,1.6,0,3,lunes,1
53,522000,155000,0.5,1,0,viernes,0
53,1627000,573000,1.2,1,1,jueves,0
38,575000,18000,2.7,1,1,viernes,1
41,1253000,451000,3.8,1,2,lunes,0
56,1484000,431000,1.5,0,2,viernes,1
37,1375000,121000,1.3,1,1,viernes,1
24,1095000,118000,6.0,0,2,miércoles,1
35,1035000,178000,2.2,0,0,viernes,1
21,2105000,432000,0.2,0,2,jueves,1
27,1426000,285000,9.0,0,0,miércoles,1
25,559000,78000,7.0,1,1,jueves,0
54,1330000,113000,3.2,0,2,miércoles,1
63,621000,99000,5.4,0,1,miércoles,1
36,1456000,212000,9.8,0,3,viernes,1
32,1443000,101000,1.3,0,1,viernes,1
55,3248000,877000,0.6,1,0,martes,0
47,1093000,434000,10.8,1,3,jueves,0
36,935000,215000,9.8,0,1,jueves,1
37,899000,339000,1.3,0,0,martes,1
64,1346000,167000,4.3,0,0,jueves,1
29,1295000,131000,11.0,1,0,miércoles,1
42,1272000,270000,5.1,0,1,martes,1
27,1777000,380000,6.0,1,1,jueves,0
50,1300000,218000,0.6,0,0,martes,1
47,529000,224000,2.2,0,2,viernes,1
30,835000,130000,0.2,0,0,martes,1
41,1084000,222000,1.6,0,0,viernes,1
23,1268000,41000,2.0,0,0,miércoles,1
64,609000,190000,7.6,1,2,miércoles,1
58,1710000,289000,0.1,0,0,miércoles,1
58,869000,444000,3.0,0,0,miércoles,0
34,1562000,329000,1.9,0,2,miércoles,1
57,1514000,422000,1.6,0,4,miércoles,1
32,771000,52000,2.1,0,0,jueves,1
23,1393000,680000,0.7,1,1,lunes,0
27,1755000,421000,0.7,0,1,lunes,1
40,1102000,53000,1.3,0,1,lunes,1
43,1387000,186000,0.1,0,1,miércoles,1
20,611000,182000,2.0,1,1,viernes,0
61,606000,173000,4.1,0,2,jueves,1
59,1250000,298000,15.1,0,0,jueves,1
38,451000,35000,1.0,0,0,lunes,1
31,779000,41000,0.5,1,0,jueves,1
48,987000,116000,5.5,0,0,viernes,1
39,1393000,454000,5.8,0,1,lunes,1
49,1918000,89000,5.0,0,0,miércoles,1
30,1604000,133000,1.2,0,0,martes,1
32,579000,139000,7.9,0,0,miércoles,1
24,886000,135000,0.3,0,0,lunes,1
48,1249000,304000,7.1,1,2,jueves,0
64,858000,148000,1.5,1,1,jueves,1
61,1249000,88000,2.9,0,2,jueves,1
46,655000,88000,10.9,0,0,lunes,1
26,668000,107000,4.3,0,0,viernes,1
41,3428000,802000,0.0,0,1,miércoles,1
39,840000,126000,1.4,0,0,miércoles,1
55,990000,469000,3.8,0,1,jueves,0
32,1702000,96000,2.1,0,0,jueves,1
42,1030000,266000,8.0,0,0,martes,1
42,1909000,108000,9.3,0,1,lunes,1
58,3297000,1268000,4.9,0,0,viernes,1
63,1180000,64000,2.2,0,1,martes,1
57,4108000,620000,0.8,0,0,miércoles,1
34,865000,162000,8.0,0,2,miércoles,1
21,354000,200000,3.0,0,1,viernes,0
48,1222000,136000,3.0,0,0,martes,1
42,1355000,380000,10.0,0,1,miércoles,1
63,591000,164000,3.3,0,0,viernes,1
21,569000,292000,3.0,0,2,martes,0
49,698000,30000,6.4,0,0,jueves,1
37,488000,19000,17.8,0,0,lunes,1
43,1034000,317000,1.3,1,1,lunes,0
37,757000,183000,15.1,0,0,jueves,1
23,2248000,797000,2.0,0,2,viernes,1
56,1702000,241000,2.9,1,2,miércoles,1
20,929000,225000,1.5,0,0,jueves,1
30,943000,286000,2.5,0,2,martes,1
52,1955000,663000,5.8,0,0,viernes,1
47,1482000,122000,9.6,1,2,martes,1
46,528000,25000,0.2,0,0,lunes,1
41,1125000,308000,0.2,0,3,lunes,1
38,1258000,73000,4.4,0,1,miércoles,1
58,1139000,210000,3.3,0,0,miércoles,1
47,1585000,722000,4.9,0,0,martes,1
57,844000,58000,6.0,1,2,miércoles,1
41,465000,21000,3.0,0,0,viernes,1
23,1664000,161000,1.6,0,1,jueves,1
46,648000,160000,1.4,0,0,miércoles,1
56,841000,147000,2.0,0,1,miércoles,1
50,1161000,273000,6.6,0,1,martes,1
26,549000,31000,8.0,0,0,miércoles,1
51,958000,196000,6.9,0,1,miércoles,1
50,633000,100000,0.2,0,1,viernes,1
22,752000,196000,2.1,0,0,lunes,1
23,645000,54000,5.0,0,2,jueves,1
49,592000,62000,0.6,0,1,martes,1
23,1470000,339000,0.3,0,2,lunes,1
63,1368000,152000,9.5,1,0,lunes,1
63,1063000,257000,5.4,0,0,viernes,1
33,775000,153000,1.3,0,4,jueves,1
59,581000,104000,12.0,0,0,lunes,1
29,322000,25000,0.3,1,3,martes,0
40,771000,109000,1.0,0,1,miércoles,1
24,859000,105000,6.0,0,0,miércoles,1
29,1148000,238000,11.0,0,1,lunes,1
53,1523000,94000,8.8,0,1,viernes,1
30,975000,234000,4.9,0,1,viernes,1
30,1033000,395000,3.5,0,1,jueves,1
33,752000,220000,2.6,0,2,jueves,1
30,929000,329000,2.9,0,0,martes,1
36,1263000,359000,0.3,1,1,viernes,0
40,655000,293000,5.1,0,1,jueves,0
23,971000,76000,5.0,0,0,martes,1
62,1026000,271000,0.9,0,1,martes,1
34,652000,46000,1.2,1,2,lunes,1
39,605000,69000,1.7,1,0,jueves,1
22,1842000,347000,4.0,0,1,miércoles,1
41,1430000,289000,1.5,0,0,lunes,1
22,855000,221000,1.1,0,1,lunes,1
33,980000,599000,0.1,0,1,viernes,0
59,1422000,139000,10.1,1,3,jueves,1
25,636000,92000,2.5,0,1,jueves,1
51,983000,88000,5.9,0,1,jueves,1
54,1460000,577000,4.2,1,2,viernes,0
55,689000,96000,19.4,0,0,jueves,1
24,1104000,90000,0.5,0,0,viernes,1
51,416000,51000,10.6,0,0,miércoles,1
64,1031000,222000,6.4,0,0,martes,1
34,944000,320000,0.5,0,2,jueves,1
57,2350000,592000,2.6,0,0,lunes,1
50,1107000,114000,8.4,0,2,viernes,1
60,812000,282000,0.2,0,0,viernes,0
60,1272000,320000,2.5,0,1,martes,1
30,1106000,253000,12.0,0,1,miércoles,1
62,650000,28000,8.4,0,2,viernes,1
42,1007000,198000,2.0,0,1,lunes,1
38,2399000,109000,1.2,0,0,jueves,1
20,1219000,331000,2.0,0,1,martes,1
60,511000,138000,0.6,0,1,lunes,1
21,901000,244000,3.0,0,2,martes,1
54,1196000,305000,3.5,0,0,viernes,1
63,964000,242000,6.2,1,1,miércoles,1
29,1921000,58000,0.1,0,0,lunes,1
20,835000,131000,2.0,1,0,jueves,1
45,2112000,225000,9.4,0,0,lunes,1
60,766000,116000,0.3,0,0,jueves,1
32,1014000,316000,9.6,0,1,jueves,1
51,1725000,244000,4.5,0,2,martes,1
29,494000,83000,8.3,0,0,jueves,1
35,679000,36000,2.7,0,1,lunes,1
42,1310000,228000,8.7,0,3,viernes,1
42,1981000,278000,1.9,0,0,miércoles,1
48,750000,202000,0.4,0,1,miércoles,1
24,1303000,636000,2.8,0,0,martes,0
21,602000,107000,3.0,1,1,miércoles,1
32,1290000,182000,1.3,1,1,jueves,1
34,2053000,111000,0.5,0,1,martes,1
54,884000,264000,7.3,0,0,lunes,1
37,820000,105000,11.7,0,0,viernes,1
55,1811000,86000,2.8,0,2,lunes,1
30,1382000,56000,4.5,0,1,miércoles,1
20,1580000,134000,1.4,0,1,martes,1
52,1717000,105000,1.5,0,0,viernes,1
42,967000,361000,3.2,0,0,martes,1
30,1582000,270000,2.1,0,0,martes,1
49,2280000,691000,1.4,0,0,martes,1
47,856000,338000,11.3,0,0,miércoles,1
38,1509000,231000,20.0,0,0,viernes,1
58,838000,77000,8.7,0,3,miércoles,1
61,1940000,489000,0.8,0,0,miércoles,1
62,1303000,581000,1.1,0,0,miércoles,1
35,567000,112000,1.5,1,0,viernes,1
28,1102000,125000,0.3,0,0,jueves,1
38,799000,97000,20.0,0,0,jueves,1
30,1468000,684000,2.2,0,1,viernes,1
41,938000,195000,3.1,0,2,lunes,1
32,961000,248000,7.1,0,0,viernes,1
63,1355000,399000,0.7,0,1,lunes,1
35,821000,210000,5.6,0,0,miércoles,1
43,298000,42000,3.5,0,3,martes,1
32,792000,187000,7.6,1,1,viernes,0
30,773000,226000,1.4,0,0,lunes,1
52,1985000,79000,1.0,0,0,martes,1
36,485000,179000,0.7,0,1,lunes,1
41,2228000,409000,5.2,0,3,martes,1
59,1074000,81000,2.7,0,2,jueves,1
22,1210000,349000,2.1,0,1,martes,1
27,933000,41000,1.9,0,4,lunes,1
29,927000,63000,10.8,0,0,miércoles,1
28,777000,204000,7.0,0,0,martes,1
31,2481000,124000,2.3,0,1,martes,1
21,734000,179000,1.5,0,3,miércoles,1
55,1235000,356000,0.9,0,0,lunes,1
49,1096000,485000,4.5,0,2,jueves,0
26,1020000,475000,8.0,0,2,miércoles,1
56,1569000,92000,6.9,1,1,jueves,1
24,1282000,145000,4.1,0,3,jueves,1
28,457000,31000,8.1,0,0,miércoles,1
49,475000,138000,3.5,1,2,lunes,1
56,797000,208000,17.0,0,0,viernes,1
23,1882000,56000,1.3,0,5,martes,1
20,2361000,330000,2.0,0,2,jueves,1
52,854000,381000,2.0,0,0,viernes,1
58,1032000,184000,1.9,0,2,jueves,1
28,605000,237000,6.0,0,0,viernes,1
50,1166000,327000,0.3,0,2,lunes,1
49,1152000,309000,0.7,1,0,viernes,0
21,757000,117000,3.0,0,0,miércoles,1
36,955000,294000,7.7,0,2,jueves,1
20,1250000,244000,2.0,0,1,jueves,1
23,2169000,444000,4.3,0,1,viernes,1
31,2389000,388000,0.9,0,1,miércoles,1
52,3229000,684000,13.9,0,0,martes,1
47,760000,43000,2.6,1,0,miércoles,1
20,370000,92000,0.2,1,1,miércoles,0
65,1050000,148000,1.0,0,0,miércoles,1
54,602000,25000,5.5,0,2,lunes,1
20,1265000,116000,2.0,0,1,miércoles,1
61,860000,93000,3.0,0,0,lunes,1
65,721000,210000,1.3,0,1,miércoles,1
29,981000,177000,1.8,1,0,jueves,0
39,1596000,112000,4.5,0,1,miércoles,1
42,1194000,395000,2.4,1,1,miércoles,0
49,1000000,261000,1.7,0,0,jueves,1
53,691000,183000,0.8,0,0,jueves,1
52,606000,18000,2.3,0,0,viernes,1
33,1188000,232000,9.3,0,1,viernes,1
34,837000,47000,3.5,0,1,martes,1
47,646000,69000,6.4,0,1,lunes,1
30,1285000,552000,5.8,1,0,lunes,0
21,1003000,64000,3.0,0,0,viernes,1
40,884000,185000,0.4,0,0,martes,1
34,2046000,449000,2.6,0,1,martes,1
54,749000,102000,4.1,1,0,viernes,1
33,1554000,459000,1.2,0,0,lunes,1
65,1072000,229000,8.3,0,1,lunes,1
50,1230000,118000,12.0,0,1,martes,1
54,1056000,93000,2.8,0,1,miércoles,1
48,1561000,209000,4.5,0,2,jueves,1
62,2009000,265000,2.2,0,0,miércoles,1
51,558000,61000,21.8,0,0,martes,1
62,1737000,266000,2.0,0,3,martes,1
60,890000,84000,8.3,0,1,martes,1
53,1185000,234000,2.7,0,3,viernes,1
63,1151000,478000,0.0,0,1,miércoles,0
21,797000,47000,1.1,0,2,viernes,1
24,782000,111000,0.3,1,3,jueves,0
52,1101000,106000,11.2,1,1,miércoles,1
49,768000,234000,16.6,0,1,miércoles,1
24,1380000,648000,6.0,0,1,jueves,1
35,513000,92000,1.0,0,1,martes,1
49,929000,454000,0.5,0,3,miércoles,0
34,1871000,286000,8.3,0,1,jueves,1
61,932000,58000,5.2,0,0,viernes,1
58,661000,133000,0.1,0,1,jueves,1
31,972000,163000,7.1,0,2,lunes,1
44,640000,214000,11.0,0,0,lunes,1
41,1430000,178000,9.5,0,0,miércoles,1
40,1060000,327000,1.1,0,2,martes,1
50,901000,120000,2.5,0,0,viernes,1
28,1380000,199000,0.3,0,0,viernes,1
38,969000,340000,0.4,0,0,jueves,1
54,732000,35000,6.5,0,1,jueves,1
32,866000,205000,5.3,0,0,jueves,1
59,708000,66000,2.7,1,2,martes,1
22,613000,31000,4.0,0,0,viernes,1
50,1320000,529000,7.1,0,0,lunes,1
50,745000,48000,26.1,0,2,miércoles,1
53,760000,341000,19.8,0,2,miércoles,1
49,1499000,378000,0.9,0,0,viernes,1
25,549000,186000,5.0,0,1,lunes,1
34,692000,171000,1.3,1,0,jueves,1
34,781000,213000,2.8,1,1,jueves,0
31,2033000,177000,0.1,0,0,viernes,1
41,923000,220000,0.3,0,1,miércoles,1
37,1081000,327000,2.9,0,1,miércoles,1
55,1028000,67000,15.2,1,2,miércoles,1
28,574000,68000,2.0,0,1,miércoles,1
24,1183000,226000,0.7,0,0,martes,1
38,1466000,326000,3.7,0,2,jueves,1
29,2150000,182000,5.2,0,0,miércoles,1
65,916000,104000,0.1,0,0,martes,1
63,1309000,248000,8.4,0,1,lunes,1
46,1514000,45000,3.5,0,0,martes,1
26,1036000,98000,2.5,1,0,viernes,1
57,2589000,733000,0.5,0,0,miércoles,1
53,2418000,422000,2.4,0,1,martes,1
48,1942000,295000,5.7,0,0,lunes,1
38,572000,58000,9.9,1,0,martes,1
52,902000,176000,1.5,0,1,jueves,1
60,1431000,305000,1.1,0,1,miércoles,1
29,1052000,197000,4.9,0,4,lunes,1
23,471000,23000,5.0,0,1,lunes,1
38,1123000,130000,2.1,0,2,viernes,1
53,2516000,559000,4.6,0,0,lunes,1
41,2125000,557000,4.5,0,0,viernes,1
63,1491000,231000,4.5,0,2,martes,1
39,1055000,123000,0.7,0,0,miércoles,1
52,1020000,62000,2.5,0,0,viernes,1
51,1162000,114000,6.0,0,3,jueves,1
36,816000,24000,4.8,0,2,viernes,1
53,824000,42000,0.6,0,0,viernes,1
64,1104000,272000,3.9,0,0,miércoles,1
58,2570000,129000,0.7,1,1,viernes,1
56,1323000,334000,2.2,0,1,lunes,1
47,1146000,63000,4.1,1,0,miércoles,1
51,1669000,392000,14.2,0,1,miércoles,1
51,2174000,593000,0.7,0,2,miércoles,1
32,1734000,90000,4.7,1,0,martes,1
61,642000,19000,0.7,0,0,jueves,1
54,2227000,400000,4.8,0,0,lunes,1
41,1520000,342000,10.2,0,3,miércoles,1
61,584000,130000,2.7,0,1,martes,1
46,880000,146000,19.0,0,0,miércoles,1
49,385000,70000,2.1,0,2,martes,1
33,712000,113000,9.1,0,1,martes,1
37,984000,219000,8.5,1,1,viernes,1
62,1167000,60000,10.5,0,0,lunes,1
65,857000,110000,0.7,0,0,miércoles,1
38,1114000,33000,3.2,0,3,miércoles,1
22,809000,273000,4.0,0,0,martes,1
31,1231000,164000,1.4,0,0,jueves,1
34,1012000,292000,0.2,0,2,jueves,1
49,1331000,243000,7.6,0,1,jueves,1
64,1552000,214000,4.2,0,1,viernes,1
26,1420000,65000,0.6,0,0,viernes,1
48,911000,151000,5.7,0,0,lunes,1
44,465000,85000,4.9,1,0,viernes,0
24,1270000,409000,4.7,0,2,jueves,1
60,533000,26000,0.3,0,2,miércoles,1
45,1442000,608000,0.4,0,0,miércoles,1
31,1732000,435000,1.3,0,2,miércoles,1
65,1594000,398000,18.1,0,2,martes,1
20,1770000,591000,2.0,1,0,miércoles,0
62,1654000,298000,7.6,0,1,miércoles,1
27,687000,64000,8.3,0,0,lunes,1
34,565000,108000,7.3,0,1,martes,1
40,374000,105000,7.7,0,2,jueves,1
31,1059000,233000,3.9,0,0,martes,1
34,1244000,117000,1.6,0,2,viernes,1
32,1179000,35000,1.1,0,2,martes,1
26,981000,130000,5.6,0,1,miércoles,1
30,1570000,125000,12.0,0,1,martes,1
25,1155000,160000,0.1,0,1,jueves,1
28,489000,19000,3.3,0,1,viernes,1
33,537000,68000,0.0,0,2,miércoles,1
33,1760000,260000,2.6,0,2,martes,1
64,1271000,100000,7.5,0,2,viernes,1
56,522000,208000,1.0,0,0,jueves,0
51,1805000,125000,1.4,0,0,jueves,1
44,834000,262000,12.6,0,0,viernes,1
47,1725000,460000,0.8,0,0,viernes,1
30,826000,128000,6.0,1,1,viernes,1
52,1699000,499000,3.3,0,0,lunes,1
58,1430000,136000,14.2,0,2,lunes,1
45,822000,226000,0.8,0,2,jueves,1
40,817000,36000,0.2,0,1,viernes,1
62,1850000,567000,0.7,0,4,miércoles,1
27,1185000,396000,9.0,1,1,lunes,1
49,615000,120000,3.3,1,1,lunes,1
48,647000,27000,4.3,0,1,lunes,1
41,804000,270000,12.3,0,1,miércoles,1
22,929000,186000,4.0,1,1,miércoles,1
24,579000,88000,3.3,0,3,miércoles,1
21,2173000,342000,3.0,0,0,viernes,1
42,655000,35000,10.0,0,1,martes,1
55,626000,109000,3.7,0,0,martes,1
46,435000,42000,1.9,0,0,jueves,1
34,926000,93000,3.1,0,1,viernes,1
50,870000,91000,4.8,0,1,lunes,1
48,1391000,682000,5.3,0,2,viernes,0
43,804000,260000,7.6,0,2,martes,1
40,978000,222000,0.1,0,1,martes,1
50,930000,272000,10.8,0,1,lunes,1
65,997000,292000,0.1,1,0,martes,1
34,835000,118000,0.5,0,0,viernes,1
24,742000,172000,6.0,0,2,jueves,1
61,1088000,231000,1.3,0,1,lunes,1
65,1649000,352000,4.7,0,1,jueves,1
61,3135000,898000,4.4,1,1,viernes,1
51,614000,114000,14.2,0,1,miércoles,1
44,663000,136000,4.4,0,1,miércoles,1
65,941000,363000,0.3,0,1,viernes,1
43,1482000,392000,6.4,0,0,viernes,1
28,1117000,355000,3.2,0,0,miércoles,1
41,758000,53000,1.5,1,1,miércoles,1
33,1469000,222000,0.2,0,0,lunes,1
24,547000,61000,2.8,0,1,lunes,1
25,846000,226000,1.2,1,1,lunes,0
24,688000,82000,4.3,0,1,martes,1
65,635000,130000,6.2,0,0,miércoles,1
59,548000,21000,4.3,0,2,viernes,1
33,741000,193000,3.1,1,0,viernes,0
31,727000,68000,0.2,0,0,jueves,1
31,500000,51000,0.7,1,2,martes,1
32,507000,52000,1.2,0,0,lunes,1
45,701000,21000,0.1,0,2,viernes,1
47,1234000,408000,0.7,0,0,jueves,1
60,581000,17000,5.3,0,0,viernes,1
59,1174000,369000,8.7,0,0,viernes,1
45,994000,48000,2.1,0,0,lunes,1
31,1227000,253000,13.0,0,0,lunes,1
20,470000,44000,2.0,0,0,martes,1
30,665000,77000,0.8,0,0,jueves,1
34,1304000,519000,5.6,0,0,lunes,1
31,2394000,1288000,0.6,0,0,jueves,0
49,741000,32000,7.9,0,0,lunes,1
47,456000,101000,11.8,0,0,martes,1
41,1133000,221000,20.1,0,1,viernes,1
47,1867000,253000,13.0,0,1,jueves,1
29,1071000,370000,3.9,0,2,miércoles,1
33,728000,40000,0.0,0,2,lunes,1
36,732000,162000,3.2,0,1,miércoles,1
38,1572000,537000,4.0,0,0,jueves,1
39,3070000,92000,9.7,0,0,jueves,1
65,1886000,514000,9.1,1,2,lunes,1
20,1325000,211000,0.3,0,0,lunes,1
41,1240000,582000,3.6,0,1,martes,0
48,954000,147000,1.5,0,2,lunes,1
20,1060000,306000,2.0,0,2,miércoles,1
59,944000,222000,6.3,0,3,lunes,1
39,437000,90000,0.1,0,3,lunes,1
27,336000,35000,0.2,0,0,jueves,1
61,1236000,520000,3.1,0,1,lunes,1
56,921000,112000,2.0,1,0,miércoles,1
35,731000,44000,11.0,1,2,miércoles,1
38,1076000,66000,6.0,0,1,viernes,1
22,1077000,330000,0.3,0,3,martes,1
32,621000,121000,6.7,0,3,miércoles,1
21,574000,181000,2.9,0,0,jueves,1
46,1389000,138000,0.2,0,0,lunes,1
31,631000,34000,2.6,0,0,jueves,1
28,1046000,346000,9.8,0,0,martes,1
36,1004000,261000,0.7,0,2,viernes,1
34,852000,34000,5.0,0,3,martes,1
59,872000,223000,4.5,0,1,jueves,1
57,953000,150000,5.9,1,0,martes,1
56,941000,299000,0.8,0,0,jueves,1
40,576000,142000,3.1,0,0,miércoles,1
51,893000,221000,5.8,0,0,miércoles,1
64,1314000,283000,0.1,0,0,jueves,1
36,2024000,176000,17.4,1,0,lunes,1
32,1868000,429000,6.6,1,0,miércoles,1
29,328000,58000,2.6,0,2,miércoles,1
30,1540000,304000,2.7,0,1,miércoles,1
24,984000,393000,6.0,0,2,miércoles,1
44,603000,139000,3.1,0,2,viernes,1
32,891000,84000,0.0,0,2,lunes,1
57,1769000,491000,11.1,0,0,viernes,1
51,1072000,285000,31.1,0,1,miércoles,1
56,810000,80000,2.4,1,3,viernes,1
34,695000,165000,4.2,0,0,viernes,1
30,901000,114000,7.8,1,2,viernes,0
48,861000,479000,9.3,0,1,miércoles,0
29,632000,47000,3.7,0,1,jueves,1
25,467000,138000,7.0,0,0,martes,1
35,629000,78000,1.2,0,1,miércoles,1
39,1106000,308000,16.7,0,0,martes,1
38,352000,32000,3.6,0,0,lunes,1
65,622000,135000,8.4,0,2,viernes,1
28,2875000,964000,10.0,1,2,lunes,0
65,1247000,461000,5.0,0,4,martes,1
28,2316000,725000,10.0,0,0,martes,1
59,1562000,172000,1.2,0,0,jueves,1
54,1583000,181000,3.5,0,5,lunes,1
60,1387000,335000,3.2,0,0,viernes,1
34,770000,211000,0.4,0,0,lunes,1
48,1098000,118000,6.3,0,0,miércoles,1
62,1972000,59000,0.9,0,0,jueves,1
37,1122000,277000,3.5,0,0,miércoles,1
44,864000,94000,6.6,0,2,miércoles,1
60,959000,82000,4.0,0,0,miércoles,1
21,1927000,173000,3.0,0,4,lunes,1
48,546000,37000,2.6,0,2,viernes,1
53,2336000,507000,9.2,0,2,miércoles,1
21,875000,277000,0.6,1,0,martes,0
28,905000,128000,0.6,0,1,jueves,1
61,794000,116000,1.0,0,1,viernes,1
39,1064000,134000,11.1,0,3,viernes,1
42,1031000,294000,3.4,0,1,jueves,1
40,1192000,267000,1.5,0,0,lunes,1
32,817000,244000,5.5,0,2,viernes,1
21,589000,31000,3.0,1,2,lunes,1
35,730000,221000,17.0,0,0,martes,1
61,622000,111000,14.9,0,1,viernes,1
55,510000,168000,0.6,0,2,martes,1
32,1204000,339000,4.1,0,1,viernes,1
24,1210000,233000,2.8,0,1,viernes,1
47,429000,53000,1.4,0,1,martes,1
51,574000,78000,11.8,1,0,martes,1
31,1571000,121000,3.7,0,0,martes,1
45,1265000,179000,1.0,0,0,miércoles,1
47,1745000,224000,6.7,0,3,viernes,1
35,651000,63000,11.1,0,1,martes,1
59,335000,76000,2.4,0,1,jueves,1
57,445000,42000,14.3,0,1,viernes,1
28,1135000,283000,5.5,0,3,martes,1
25,534000,32000,3.4,0,1,martes,1
39,1917000,453000,21.0,0,1,viernes,1
44,982000,193000,1.6,1,1,miércoles,1
44,1191000,231000,1.4,0,0,martes,1
39,1306000,300000,2.2,0,0,viernes,1
24,1614000,195000,1.4,0,0,jueves,1
41,1041000,308000,2.3,0,1,jueves,1
47,1175000,298000,2.8,0,2,jueves,1
59,417000,75000,11.0,1,1,miércoles,1
65,585000,197000,2.4,0,0,martes,0
34,1203000,240000,10.2,0,0,miércoles,1
57,1049000,84000,0.3,1,1,lunes,1
22,823000,121000,3.0,0,0,martes,1
43,690000,75000,6.7,0,2,viernes,1
38,1353000,303000,10.4,0,3,jueves,1
29,1087000,293000,2.7,0,2,viernes,1
36,826000,94000,2.5,0,1,lunes,1
24,2487000,302000,3.9,0,4,martes,1
39,859000,185000,10.7,0,0,miércoles,1
60,710000,173000,17.1,0,0,martes,1
20,1716000,612000,2.0,0,1,miércoles,1
53,639000,174000,0.7,0,0,jueves,1
42,715000,84000,11.2,1,0,martes,1
55,1162000,160000,2.4,0,3,viernes,1
43,2119000,938000,0.6,1,0,jueves,0
41,802000,62000,1.9,0,3,martes,1
32,384000,88000,7.5,0,0,miércoles,1
22,1678000,92000,3.5,0,0,martes,1
47,977000,121000,7.2,0,0,jueves,1
46,1535000,624000,3.9,0,1,viernes,1
42,1243000,244000,0.0,0,0,lunes,1
43,1779000,802000,1.8,0,0,jueves,0
23,1043000,153000,3.8,0,1,viernes,1
22,433000,81000,0.1,0,0,jueves,1
58,949000,115000,5.1,0,1,miércoles,1
37,2009000,548000,0.7,1,1,jueves,0
38,2210000,331000,3.2,0,1,martes,1
49,1710000,169000,10.6,0,0,miércoles,1
48,1097000,218000,4.7,0,3,jueves,1
26,599000,169000,1.1,0,1,viernes,1
43,2007000,661000,3.9,0,0,jueves,1
32,619000,113000,4.8,0,0,miércoles,1
42,998000,224000,7.4,0,0,lunes,1
30,885000,145000,3.8,0,0,martes,1
50,1251000,101000,8.1,0,0,lunes,1
54,1301000,275000,1.3,0,2,lunes,1
37,3637000,610000,1.5,1,3,jueves,0
37,1995000,312000,4.0,0,0,lunes,1
39,958000,197000,9.0,0,1,miércoles,1
49,870000,123000,10.9,0,0,martes,1
30,576000,174000,5.0,0,2,martes,1
38,1418000,391000,9.5,0,1,miércoles,1
50,439000,180000,1.1,0,1,viernes,1
39,494000,221000,0.0,0,0,martes,1
45,943000,129000,7.7,0,1,viernes,1
25,1095000,320000,1.7,1,1,miércoles,0
55,817000,112000,3.2,0,4,jueves,1
39,1343000,310000,2.8,0,1,jueves,1
23,816000,107000,5.0,0,3,jueves,1
65,1923000,371000,0.3,0,3,viernes,1
36,1226000,37000,3.2,1,0,lunes,1
54,830000,232000,12.7,0,1,martes,1
46,653000,51000,12.0,0,0,miércoles,1
51,2268000,263000,4.5,0,1,miércoles,1
37,805000,164000,2.3,0,1,martes,1
57,487000,83000,4.8,0,1,viernes,1
64,1345000,376000,13.6,0,1,lunes,1
22,761000,57000,4.0,0,0,viernes,1
63,2954000,162000,0.5,1,0,miércoles,1
56,785000,189000,4.7,0,0,jueves,1
25,536000,139000,6.5,0,0,lunes,1
56,491000,35000,5.1,1,1,lunes,1
24,402000,44000,1.4,0,1,jueves,1
50,1396000,799000,0.9,1,0,lunes,0
29,2386000,582000,11.0,0,0,lunes,1
62,1123000,505000,0.6,0,0,jueves,1
37,877000,207000,4.3,0,0,jueves,1
22,608000,199000,4.0,0,1,lunes,1
63,1430000,768000,1.3,0,0,miércoles,0
24,559000,109000,0.4,0,2,miércoles,1
62,765000,91000,3.2,0,0,viernes,1
62,861000,260000,4.3,0,2,jueves,1
25,1668000,142000,5.5,0,0,martes,1
38,1422000,65000,0.5,0,1,miércoles,1
27,1936000,290000,2.4,0,0,miércoles,1
63,2908000,349000,5.1,1,0,miércoles,1
29,932000,138000,6.3,0,0,viernes,1
41,2514000,347000,6.1,0,0,lunes,1
60,2081000,502000,10.1,1,2,lunes,1
39,1139000,224000,0.4,1,2,martes,0
58,1976000,168000,5.3,0,2,lunes,1
57,1644000,515000,11.4,0,0,viernes,1
39,2223000,631000,2.8,0,2,lunes,1
41,317000,30000,0.9,0,1,martes,1
37,660000,228000,8.2,0,0,martes,1
28,553000,120000,10.0,0,2,miércoles,1
49,1153000,358000,0.5,0,1,miércoles,1
39,1137000,223000,1.6,0,2,martes,1
53,564000,206000,0.5,1,1,viernes,0
29,736000,54000,11.0,0,0,viernes,1
38,1073000,183000,10.4,0,0,martes,1
61,933000,253000,0.8,0,2,martes,1
64,1004000,439000,8.3,0,1,martes,1
59,829000,223000,2.2,1,0,jueves,1
49,575000,151000,22.6,0,1,martes,1
25,1325000,40000,4.1,0,2,lunes,1
43,542000,282000,3.8,1,2,miércoles,0
35,1440000,136000,15.3,0,1,martes,1
29,1108000,194000,10.8,1,2,miércoles,1
57,1535000,213000,18.3,0,2,martes,1
44,1507000,291000,1.1,1,2,miércoles,0
21,500000,42000,3.0,0,2,martes,1
22,569000,54000,4.0,0,0,martes,1
20,328000,42000,2.0,0,0,lunes,1
47,506000,106000,7.2,0,0,jueves,1
28,597000,29000,5.6,0,1,martes,1
34,1459000,100000,1.8,0,1,lunes,1
62,1260000,41000,6.8,0,2,martes,1
29,439000,38000,2.0,1,0,viernes,1
42,1387000,220000,2.8,0,1,martes,1
35,746000,34000,1.3,1,2,jueves,1
28,1077000,44000,8.1,0,3,martes,1
54,1007000,351000,1.0,0,2,viernes,1
29,869000,100000,2.9,0,2,martes,1
54,1709000,575000,1.4,0,0,martes,1
26,503000,24000,8.0,0,1,martes,1
49,1288000,325000,1.1,0,1,miércoles,1
46,1853000,503000,6.3,0,0,lunes,1
55,832000,89000,7.4,0,0,miércoles,1
29,747000,85000,0.1,0,1,viernes,1
51,637000,138000,3.6,0,0,lunes,1
48,1095000,195000,1.0,1,0,viernes,1
56,1159000,120000,2.8,0,1,martes,1
64,1137000,37000,2.0,0,1,miércoles,1
64,359000,111000,14.8,0,1,lunes,1
48,2094000,593000,6.0,0,1,martes,1
50,1483000,256000,5.3,0,2,jueves,1
30,913000,117000,1.6,0,2,miércoles,1
21,1270000,118000,3.0,0,0,martes,1
27,534000,132000,3.9,0,2,lunes,1
57,1192000,81000,6.5,0,2,lunes,1
32,707000,94000,0.3,0,1,jueves,1
20,1176000,691000,2.0,0,1,lunes,0
42,610000,82000,0.6,0,2,lunes,1
21,801000,327000,0.9,0,0,martes,0
29,1246000,290000,1.9,0,0,martes,1
31,768000,187000,7.9,0,2,jueves,1
20,1068000,142000,0.9,0,0,miércoles,1
22,947000,313000,1.3,0,0,viernes,1
56,1788000,682000,7.9,0,1,martes,1
48,1434000,233000,5.7,0,1,lunes,1
45,1083000,65000,5.5,0,1,miércoles,1
50,2794000,324000,0.5,0,1,jueves,1
53,1168000,429000,1.8,1,1,miércoles,1
64,758000,107000,2.0,0,0,miércoles,1
38,2202000,543000,2.7,0,1,jueves,1
60,836000,416000,1.1,0,2,martes,0
30,842000,172000,0.7,1,1,miércoles,1
42,631000,99000,1.0,1,0,martes,1
47,930000,28000,4.9,0,2,miércoles,1
47,1390000,525000,6.0,0,0,lunes,1
39,440000,73000,5.1,0,1,viernes,1
43,940000,44000,4.6,0,3,viernes,1
32,481000,29000,13.1,0,2,lunes,1
56,1827000,709000,0.9,1,1,miércoles,0
59,1003000,30000,2.3,1,1,jueves,1
46,1857000,179000,7.0,0,3,jueves,1
64,941000,53000,0.5,0,1,jueves,1
37,457000,14000,5.3,0,0,jueves,1
56,801000,316000,7.1,0,0,lunes,1
40,4655000,598000,1.9,1,4,lunes,1
61,1002000,263000,12.0,0,3,jueves,1
65,1621000,257000,2.6,0,1,jueves,1
47,668000,65000,0.1,0,0,miércoles,1
60,820000,248000,6.0,0,1,jueves,1
31,1471000,310000,0.6,1,0,lunes,1
37,1809000,418000,12.2,0,0,lunes,1
58,1644000,247000,6.9,0,1,viernes,1
50,614000,106000,2.6,0,1,lunes,1
53,461000,120000,6.6,0,2,miércoles,1
52,501000,118000,1.3,0,2,miércoles,1
26,693000,148000,4.6,1,0,viernes,1
30,819000,259000,1.0,0,0,miércoles,1
65,1225000,482000,0.5,0,0,miércoles,1
44,420000,189000,3.2,0,1,miércoles,0
63,504000,29000,0.3,0,1,martes,1
21,1092000,363000,1.9,0,0,jueves,1
37,982000,476000,7.3,0,0,jueves,1
50,819000,101000,1.6,0,1,miércoles,1
40,2199000,449000,4.1,0,1,viernes,1
58,606000,194000,1.3,0,1,jueves,1
38,1453000,620000,1.2,0,2,viernes,0
55,1031000,316000,8.9,0,0,jueves,1
43,836000,385000,1.3,0,1,jueves,0
59,668000,87000,7.8,0,1,miércoles,1
32,443000,75000,0.0,0,2,miércoles,1
53,536000,188000,6.7,1,2,viernes,0
27,822000,214000,2.8,0,2,jueves,1
36,656000,225000,0.1,0,0,lunes,1
63,678000,115000,6.1,0,3,viernes,1
24,907000,66000,6.0,0,3,martes,1
50,1718000,178000,4.3,0,0,viernes,1
29,1211000,90000,0.1,0,2,miércoles,1
65,983000,113000,12.1,1,2,lunes,1
38,613000,86000,8.8,0,0,jueves,1
52,864000,266000,5.0,0,0,martes,1
62,1104000,154000,1.0,0,0,lunes,1
34,688000,194000,8.9,0,1,martes,1
49,1189000,69000,1.3,0,1,miércoles,1
56,958000,145000,1.7,0,0,jueves,1
51,1252000,234000,2.2,0,0,viernes,1
31,3713000,419000,2.1,1,1,viernes,1
41,1087000,105000,12.7,0,1,lunes,1
65,1172000,43000,9.0,0,1,jueves,1
23,829000,63000,4.9,0,0,lunes,1
37,1408000,180000,0.7,0,0,miércoles,1
33,699000,224000,1.7,0,0,martes,1
39,1033000,177000,1.5,0,1,viernes,1
25,418000,146000,1.4,0,0,martes,0
51,2165000,138000,2.1,0,2,jueves,1
24,1588000,72000,2.8,0,0,miércoles,1
34,614000,188000,7.2,0,0,jueves,1
42,2014000,668000,4.5,0,1,viernes,1
40,1115000,176000,2.1,0,4,lunes,1
27,1326000,249000,8.4,1,0,miércoles,1
36,1069000,90000,6.9,0,1,martes,1
51,888000,410000,0.1,0,1,miércoles,0
21,1442000,366000,3.0,0,0,jueves,1
59,828000,129000,0.6,0,1,lunes,1
47,598000,24000,1.4,0,1,martes,1
55,1781000,267000,9.0,0,0,viernes,1
46,949000,270000,6.6,0,1,miércoles,1
65,1474000,171000,9.3,1,3,viernes,1
36,960000,156000,1.8,0,0,jueves,1
20,1465000,165000,2.0,0,2,viernes,1
37,451000,59000,9.2,0,1,jueves,1
55,1396000,399000,3.2,0,1,lunes,1
21,1206000,131000,1.7,0,3,viernes,1
46,672000,100000,7.1,0,1,lunes,1
34,1349000,323000,2.8,0,0,jueves,1
54,1351000,98000,3.8,0,0,martes,1
53,1032000,304000,6.3,0,0,viernes,1
25,1445000,372000,7.0,0,2,miércoles,1
42,707000,62000,3.1,0,0,miércoles,1
42,646000,95000,0.0,1,0,lunes,1
28,509000,63000,8.7,0,0,viernes,1
21,1262000,470000,0.2,0,2,miércoles,1
26,1100000,319000,8.0,0,0,miércoles,1
29,466000,179000,11.0,1,0,lunes,0
42,1345000,163000,1.9,0,0,viernes,1
40,1500000,209000,16.0,0,0,miércoles,1
41,2440000,589000,0.4,0,3,lunes,1
60,987000,89000,0.1,0,0,martes,1
41,2039000,540000,3.3,1,0,martes,0
28,495000,47000,2.3,0,1,jueves,1
47,1744000,92000,8.6,0,4,martes,1
64,1568000,442000,7.6,0,1,viernes,1
36,902000,205000,1.1,1,1,jueves,0
22,1445000,369000,0.0,0,0,martes,1
38,384000,39000,8.4,0,1,jueves,1
49,1051000,166000,0.8,0,0,lunes,1
35,1213000,50000,2.1,0,1,jueves,1
44,1047000,377000,1.6,0,2,lunes,0
48,1457000,199000,0.3,0,1,martes,1
22,1433000,88000,4.0,0,1,miércoles,1
21,524000,53000,1.0,1,2,jueves,1
51,1235000,335000,1.1,0,0,miércoles,1
52,733000,184000,5.5,0,0,viernes,1
34,1709000,309000,7.5,1,0,jueves,1
56,1149000,314000,2.6,1,0,jueves,0
52,1585000,335000,1.5,1,0,jueves,1
36,3086000,552000,5.7,0,1,viernes,1
26,1786000,463000,2.4,0,1,martes,1
21,377000,26000,0.9,0,1,lunes,1
31,596000,76000,6.0,0,3,viernes,1
52,1028000,261000,4.8,0,2,martes,1
49,1185000,412000,0.2,0,0,martes,0
49,1086000,215000,1.1,0,1,jueves,1
34,994000,206000,3.7,0,1,miércoles,1
54,1518000,396000,1.7,0,2,miércoles,1
23,710000,21000,5.0,1,2,jueves,1
26,1237000,429000,2.0,0,0,jueves,1
42,845000,86000,10.4,0,1,viernes,1
46,1664000,246000,0.8,0,1,miércoles,1
50,1125000,359000,0.0,1,1,martes,0
37,630000,200000,2.8,0,1,jueves,1
26,631000,46000,7.4,0,0,martes,1
22,2533000,379000,0.5,0,3,miércoles,1
60,1372000,164000,7.9,1,0,viernes,1
49,1450000,645000,1.1,0,1,viernes,1
31,815000,82000,2.4,0,0,miércoles,1
43,855000,246000,9.0,1,1,miércoles,0
63,388000,68000,2.8,0,0,lunes,1
57,1445000,512000,6.2,0,2,jueves,1
48,1010000,50000,7.9,0,0,lunes,1
36,1727000,502000,8.4,0,1,jueves,1
27,1878000,641000,9.0,0,3,miércoles,1
38,1071000,305000,4.7,0,2,miércoles,1
32,1229000,232000,11.4,0,1,miércoles,1
31,1676000,486000,1.0,0,3,lunes,1
49,850000,145000,7.0,0,0,miércoles,1
42,1515000,331000,0.9,0,0,lunes,1
43,431000,85000,1.3,1,1,viernes,1
41,1312000,93000,3.0,0,1,jueves,1
20,889000,311000,2.0,1,0,jueves,0
23,1078000,142000,2.2,0,1,martes,1
35,628000,19000,2.1,0,1,miércoles,1
64,686000,123000,3.6,0,2,martes,1
59,755000,118000,2.8,0,2,jueves,1
57,989000,157000,3.6,0,0,martes,1
63,685000,83000,0.8,1,2,jueves,0
59,504000,127000,7.1,0,2,viernes,1
58,2491000,442000,10.0,1,2,miércoles,1
42,1320000,400000,0.5,0,3,martes,1
27,652000,269000,1.9,0,1,martes,1
37,843000,136000,6.3,0,1,jueves,1
32,952000,29000,4.5,0,3,martes,1
53,1216000,234000,7.2,0,1,lunes,1
43,642000,151000,25.0,0,1,lunes,1
65,715000,239000,2.0,0,3,miércoles,1
32,1394000,399000,0.3,0,1,lunes,1
54,3371000,101000,0.5,0,0,martes,1
28,1390000,322000,0.1,1,2,martes,0
24,1016000,299000,0.8,0,1,lunes,1
51,548000,174000,2.0,1,2,lunes,0
56,1320000,216000,0.9,1,0,miércoles,1
57,613000,178000,0.1,0,0,viernes,1
40,1561000,93000,3.5,0,2,martes,1
42,923000,216000,1.1,1,4,viernes,0
20,718000,160000,2.0,0,0,jueves,1
24,1754000,765000,3.3,0,2,martes,1
31,922000,143000,2.3,0,1,miércoles,1
64,747000,135000,2.7,0,0,martes,1
61,1010000,268000,15.5,0,2,lunes,1
62,2796000,1052000,3.9,0,1,martes,1
42,1227000,317000,2.2,1,2,miércoles,0
45,1100000,49000,1.5,0,2,viernes,1
54,447000,29000,2.6,0,0,martes,1
47,2161000,111000,5.6,0,0,viernes,1
40,546000,175000,5.4,1,1,martes,0
38,1050000,345000,1.0,0,0,viernes,1
20,897000,137000,2.0,1,3,lunes,0
32,991000,133000,7.7,0,2,viernes,1
47,1002000,339000,8.2,0,1,jueves,1
27,520000,129000,4.6,0,2,viernes,1
33,924000,374000,5.2,0,0,viernes,1
56,634000,43000,7.4,0,1,lunes,1
26,563000,111000,0.7,1,1,martes,0
49,887000,240000,2.5,1,1,miércoles,1
51,1584000,508000,3.5,0,0,martes,1
51,1134000,383000,2.7,0,1,jueves,1
48,700000,134000,3.5,0,0,viernes,1
59,1555000,119000,1.0,1,1,lunes,1
31,2205000,764000,8.7,0,1,miércoles,1
45,531000,159000,9.4,0,3,viernes,1
22,522000,122000,2.9,0,1,lunes,1
35,2235000,359000,5.2,0,1,martes,1
57,752000,260000,4.3,0,2,miércoles,1
60,1483000,88000,3.6,0,0,lunes,1
52,714000,180000,0.6,0,1,lunes,1
64,1179000,215000,9.4,0,0,miércoles,1
25,1355000,170000,7.0,0,2,jueves,1
28,535000,35000,1.8,0,0,viernes,1
55,1743000,233000,7.4,1,1,viernes,0
51,709000,227000,4.0,1,1,jueves,0
37,999000,104000,5.8,1,0,martes,1
40,823000,217000,1.7,0,1,jueves,1
56,1218000,143000,16.3,0,1,jueves,1
55,1280000,208000,5.6,0,3,lunes,1
59,676000,253000,0.3,1,1,miércoles,0
23,1721000,645000,1.1,0,1,viernes,1
27,887000,266000,1.9,0,0,lunes,1
35,1193000,192000,5.0,0,1,martes,1
42,1353000,369000,4.9,0,2,jueves,1
25,852000,257000,4.4,0,0,jueves,1
55,1001000,296000,9.0,1,1,lunes,0
40,1491000,139000,1.0,0,0,jueves,1
64,529000,82000,15.5,0,0,martes,1
62,888000,139000,1.8,0,0,jueves,1
50,2628000,403000,0.4,1,2,lunes,1
58,765000,293000,12.9,0,0,viernes,1
50,2099000,670000,2.0,1,2,miércoles,0
24,1771000,465000,0.3,0,1,martes,1
63,1728000,286000,24.0,0,0,lunes,1
50,1581000,663000,9.5,1,0,martes,1
25,960000,144000,6.5,0,2,viernes,1
46,1160000,275000,2.9,1,0,martes,1
48,2070000,153000,0.4,0,4,miércoles,1
37,512000,69000,8.0,0,0,jueves,1
52,1916000,277000,1.7,0,1,viernes,1
57,894000,263000,1.6,0,0,lunes,1
37,2239000,380000,9.1,1,0,lunes,1
42,2184000,177000,2.4,0,1,martes,1
46,1451000,102000,14.2,0,1,martes,1
48,1629000,277000,9.3,0,2,miércoles,1
40,759000,124000,8.1,0,4,martes,1
45,1436000,255000,2.1,0,0,miércoles,1
23,1256000,450000,2.8,1,1,lunes,0
39,1509000,377000,0.9,0,1,martes,1
37,2086000,423000,1.7,0,2,viernes,1
32,997000,204000,0.3,0,2,miércoles,1
20,749000,304000,0.3,0,0,viernes,0
55,988000,142000,0.8,0,2,miércoles,1
52,1139000,34000,2.1,0,1,jueves,1
55,849000,108000,3.5,1,0,jueves,1
61,1236000,350000,12.2,0,0,viernes,1
61,1241000,51000,6.4,1,1,lunes,1
28,915000,171000,10.0,0,0,martes,1
53,1891000,143000,7.1,0,2,jueves,1
60,668000,53000,2.4,0,3,viernes,1
47,1422000,266000,4.8,0,1,martes,1
31,1204000,165000,0.7,0,4,miércoles,1
37,853000,297000,12.4,0,1,lunes,1
21,1292000,375000,3.0,1,1,viernes,0
58,375000,133000,7.2,0,0,viernes,1
34,1189000,243000,3.4,1,0,miércoles,0
23,1264000,387000,3.4,0,0,miércoles,1
40,968000,51000,0.7,0,0,jueves,1
49,992000,319000,2.6,0,2,martes,1
58,652000,181000,1.2,0,2,lunes,0
26,575000,43000,0.1,0,1,miércoles,1
46,589000,118000,2.1,0,0,lunes,1
40,893000,118000,5.1,0,1,jueves,1
23,465000,64000,1.5,0,3,viernes,1
51,704000,38000,2.2,1,0,miércoles,1
29,1506000,456000,4.5,0,1,miércoles,1
32,835000,127000,2.2,0,1,lunes,1
53,541000,114000,6.1,1,3,miércoles,0
52,1779000,133000,11.3,0,0,miércoles,1
42,738000,87000,1.1,0,2,jueves,1
47,628000,44000,4.4,0,0,viernes,1
47,638000,56000,2.0,1,1,viernes,1
61,1615000,284000,2.4,0,0,viernes,1
26,1003000,190000,7.4,0,3,lunes,1
20,949000,167000,2.0,0,3,jueves,1
46,1298000,157000,13.0,0,1,viernes,1
34,958000,223000,0.0,0,1,miércoles,1
34,1088000,163000,1.3,0,0,miércoles,1
51,670000,118000,5.3,0,3,martes,1
22,1166000,167000,4.0,0,2,martes,1
42,631000,36000,8.0,0,1,miércoles,1
37,1031000,233000,5.7,0,1,miércoles,1
58,467000,84000,0.1,0,0,lunes,1
47,1097000,416000,2.3,1,0,lunes,0
63,1646000,361000,4.9,0,1,lunes,1
46,1203000,135000,6.4,0,0,lunes,1
20,972000,99000,2.0,0,2,miércoles,1
34,975000,64000,5.8,0,0,martes,1
42,878000,224000,5.6,0,3,martes,1
40,336000,54000,14.9,0,1,lunes,1
22,1503000,215000,3.5,1,2,martes,1
35,1247000,253000,0.2,0,1,viernes,1
29,647000,138000,11.0,0,1,lunes,1
41,962000,135000,6.1,0,1,martes,1
36,1707000,245000,10.0,0,0,jueves,1
56,570000,114000,0.5,1,1,miércoles,0
49,1002000,151000,3.1,0,2,viernes,1
49,1303000,304000,11.7,0,0,martes,1
51,708000,81000,3.7,0,1,miércoles,1
40,1282000,263000,3.1,0,0,miércoles,1
35,664000,203000,2.9,0,1,viernes,1
28,1684000,220000,0.6,1,0,jueves,1
37,834000,134000,0.9,0,1,lunes,1
30,678000,246000,4.1,1,1,martes,0
39,1143000,389000,3.5,0,2,lunes,1
54,444000,52000,0.8,0,0,lunes,1
62,915000,115000,6.0,0,2,martes,1
33,916000,38000,5.6,0,1,miércoles,1
36,2440000,440000,2.1,0,0,lunes,1
52,1308000,393000,0.7,0,0,jueves,1
61,1647000,395000,1.4,0,0,viernes,1
26,708000,99000,2.0,0,1,viernes,1
41,596000,147000,0.5,0,1,jueves,1
26,503000,40000,0.2,0,0,lunes,1
34,1356000,742000,1.8,0,0,viernes,0
58,642000,190000,0.2,0,1,lunes,1
39,552000,240000,5.9,0,1,miércoles,1
50,1595000,391000,0.9,0,1,miércoles,1
42,1529000,198000,0.4,0,0,jueves,1
26,814000,147000,8.0,0,2,viernes,1
44,842000,88000,8.6,1,0,jueves,1
61,926000,165000,17.0,0,2,viernes,1
58,691000,129000,22.5,0,4,miércoles,1
59,647000,90000,7.0,0,1,miércoles,1
28,1069000,231000,1.5,0,3,lunes,1
45,991000,199000,2.6,1,2,martes,0
20,668000,105000,2.0,0,1,miércoles,1
37,1533000,241000,3.2,0,1,lunes,1
46,2494000,526000,13.8,0,0,martes,1
30,646000,56000,2.5,0,1,miércoles,1
65,877000,87000,1.3,0,0,miércoles,1
35,369000,79000,17.0,0,0,viernes,1
48,1582000,636000,5.6,0,4,viernes,1
52,528000,136000,2.6,0,0,miércoles,1
33,982000,55000,14.9,0,1,miércoles,1
29,1289000,106000,2.6,1,1,viernes,1
20,1410000,347000,2.0,0,2,jueves,1
54,574000,86000,8.7,1,1,martes,1
30,696000,162000,1.1,0,0,miércoles,1
64,866000,395000,1.6,0,1,lunes,0
42,470000,39000,2.3,0,0,lunes,1
53,718000,27000,9.1,0,3,viernes,1
27,1265000,313000,1.6,0,0,miércoles,1
23,1535000,312000,2.9,0,0,miércoles,1
64,547000,70000,4.3,0,2,lunes,1
31,646000,71000,1.2,0,1,miércoles,1
21,692000,33000,0.1,1,1,martes,0
25,1744000,157000,1.2,0,2,lunes,1
60,736000,187000,2.7,0,2,viernes,1
46,1025000,54000,2.9,0,0,martes,1
48,1618000,380000,4.2,1,2,lunes,1
31,1324000,553000,0.4,0,3,jueves,0
59,1340000,274000,5.3,0,1,jueves,1
33,1693000,229000,2.1,0,2,miércoles,1
21,449000,250000,0.9,0,2,miércoles,0
21,1137000,146000,3.0,0,0,viernes,1
56,1072000,189000,0.5,0,3,viernes,1
49,733000,114000,3.5,0,0,lunes,1
28,1551000,97000,10.0,1,1,viernes,1
51,1706000,562000,6.2,0,0,viernes,1
54,752000,169000,11.6,0,1,jueves,1
45,500000,95000,0.9,0,0,lunes,1
49,279000,72000,1.7,0,1,miércoles,1
24,2436000,633000,0.7,0,0,jueves,1
57,759000,134000,2.1,0,0,jueves,1
52,1123000,345000,0.9,0,0,jueves,1
25,1003000,203000,7.0,1,0,miércoles,1
62,1973000,151000,0.0,0,2,lunes,1
64,516000,90000,5.5,0,0,lunes,1
61,886000,231000,11.5,0,0,miércoles,1
37,677000,127000,2.9,0,1,viernes,1
64,794000,83000,0.4,0,2,viernes,1
46,597000,89000,14.8,1,3,lunes,1
60,610000,193000,1.0,0,2,martes,1
59,1081000,342000,0.9,0,1,miércoles,1
52,1051000,157000,1.6,0,1,lunes,1
22,571000,91000,3.9,0,0,martes,1
28,907000,244000,10.0,0,1,martes,1
53,609000,177000,6.2,0,1,miércoles,1
65,1363000,345000,7.1,0,1,martes,1
25,1411000,581000,0.2,1,1,jueves,0
30,1645000,204000,2.5,0,1,martes,1
26,872000,214000,1.6,0,1,martes,1
37,755000,59000,2.4,0,0,lunes,1
52,985000,167000,8.6,0,1,jueves,1
63,783000,39000,6.1,0,0,martes,1
32,993000,47000,8.7,1,0,jueves,1
65,784000,78000,2.8,1,1,martes,1
40,581000,17000,9.1,0,1,jueves,1
34,1115000,353000,6.1,0,0,martes,1
56,1450000,243000,8.5,0,1,jueves,1
63,1340000,137000,2.4,0,2,lunes,1
33,581000,23000,0.4,1,1,jueves,1
27,1807000,806000,1.6,0,0,jueves,1
37,460000,51000,3.6,0,0,jueves,1
30,735000,70000,1.6,0,1,jueves,1
29,1045000,183000,11.0,0,2,miércoles,1
22,1017000,455000,4.0,0,1,jueves,1
32,871000,163000,2.8,0,2,martes,1
51,799000,284000,3.9,0,0,miércoles,1
57,835000,311000,6.7,0,0,viernes,1
23,1578000,421000,0.3,0,0,jueves,1
24,1625000,593000,3.5,0,2,miércoles,1
45,1050000,342000,5.2,0,1,viernes,1
56,632000,169000,7.3,0,1,martes,1
40,1325000,203000,1.1,1,2,miércoles,1
52,1907000,625000,1.3,0,0,viernes,1
34,1383000,368000,3.2,0,0,miércoles,1
25,742000,207000,0.0,0,1,lunes,1
53,844000,136000,2.3,0,4,jueves,1
59,1849000,279000,1.9,0,1,miércoles,1
49,1147000,485000,3.7,0,0,miércoles,1
58,634000,132000,4.7,0,1,jueves,1
36,1772000,248000,2.7,0,0,martes,1
48,796000,128000,3.8,0,0,lunes,1
29,2168000,473000,9.8,0,0,lunes,1
39,3031000,256000,6.1,0,0,miércoles,1
58,2048000,220000,11.7,0,1,miércoles,1
38,1454000,83000,5.0,0,1,lunes,1
49,1044000,68000,2.0,0,1,jueves,1
62,543000,147000,3.0,0,1,lunes,1
65,745000,285000,7.7,0,0,jueves,1
43,614000,130000,11.8,0,0,martes,1
28,793000,65000,9.2,0,0,miércoles,1
29,1182000,61000,11.0,0,0,jueves,1
64,803000,284000,1.1,0,1,lunes,0
61,1503000,254000,2.1,0,1,lunes,1
63,709000,28000,1.1,0,2,martes,1
27,1260000,69000,2.8,0,2,martes,1
62,1707000,627000,0.0,0,0,martes,1
47,735000,188000,21.1,0,2,martes,1
39,946000,28000,3.1,0,0,miércoles,1
45,646000,158000,4.5,0,2,jueves,1
56,722000,129000,3.1,0,1,miércoles,1
51,1104000,87000,2.2,0,1,viernes,1
42,1101000,94000,0.3,1,2,viernes,1
27,1456000,342000,0.8,0,2,viernes,0
57,716000,88000,4.6,0,0,miércoles,1
34,1098000,194000,10.1,0,1,martes,1
32,1354000,246000,2.0,0,0,lunes,1
26,950000,151000,0.2,0,2,miércoles,1
55,1126000,40000,2.6,0,0,viernes,1
49,507000,121000,5.9,0,0,viernes,1
27,651000,102000,4.0,1,0,miércoles,1
54,1682000,342000,0.8,0,0,miércoles,1
33,453000,95000,10.5,0,0,martes,1
51,432000,16000,4.0,0,1,jueves,1
39,1052000,63000,9.8,0,0,viernes,1
46,496000,157000,1.1,0,1,jueves,1
26,1963000,331000,8.0,0,1,miércoles,1
29,1762000,315000,11.0,0,1,lunes,1
32,716000,81000,12.5,0,0,martes,1
41,1048000,81000,0.1,0,1,viernes,1
52,652000,95000,5.6,0,2,jueves,1
41,404000,176000,2.3,1,2,lunes,0
52,1120000,356000,2.8,0,1,lunes,1
42,498000,52000,1.3,0,1,jueves,1
58,1307000,610000,0.1,0,1,jueves,0
20,1934000,265000,2.0,0,0,viernes,1
61,1154000,239000,10.2,0,0,miércoles,1
27,1924000,578000,5.8,1,0,jueves,0
31,951000,154000,7.7,1,3,viernes,0
55,1438000,317000,3.0,0,2,miércoles,1
54,1511000,278000,2.5,1,2,jueves,0
49,828000,254000,3.2,0,0,viernes,1
27,1289000,125000,2.7,0,1,lunes,1
27,1062000,69000,1.8,0,1,lunes,1
51,495000,142000,5.0,0,0,martes,1
50,699000,323000,7.1,0,1,viernes,0
20,722000,98000,2.0,0,4,lunes,1
36,643000,251000,11.1,0,0,lunes,1
21,702000,266000,3.0,1,0,martes,0
58,1718000,90000,1.3,0,0,jueves,1
58,736000,220000,0.4,0,0,jueves,1
25,1245000,184000,1.7,0,1,viernes,1
53,2149000,64000,0.4,0,0,martes,1
23,954000,174000,0.0,0,1,viernes,1
33,799000,230000,0.7,0,0,viernes,1
54,1159000,143000,0.2,0,1,viernes,1
54,446000,145000,1.6,1,1,jueves,0
61,692000,113000,0.3,0,2,martes,1
34,1061000,88000,3.8,0,1,lunes,1
44,370000,106000,4.5,0,1,miércoles,1
45,1755000,1316000,1.9,0,0,lunes,0
35,1283000,389000,1.1,0,0,viernes,1
55,1772000,1052000,2.3,1,1,miércoles,0
42,812000,206000,2.2,0,1,martes,1
28,969000,164000,5.3,0,2,martes,1
39,1523000,139000,2.0,0,2,miércoles,1
36,2301000,819000,0.0,0,1,viernes,1
60,1506000,100000,4.7,0,1,martes,1
36,1263000,243000,6.9,0,1,jueves,1
62,2176000,429000,1.9,0,1,miércoles,1
50,1498000,73000,1.7,0,1,martes,1
40,395000,50000,7.2,0,2,jueves,1
29,1161000,298000,0.7,0,2,lunes,1
63,1071000,365000,1.3,1,1,lunes,0
48,1347000,225000,4.5,0,3,martes,1
60,1336000,40000,0.7,0,2,viernes,1
54,893000,110000,3.1,0,0,viernes,1
40,1075000,152000,4.3,0,3,viernes,1
30,649000,234000,6.8,0,3,martes,1
41,1387000,102000,6.0,1,1,jueves,1
36,1014000,414000,8.9,0,1,miércoles,1
36,962000,45000,1.9,1,0,viernes,1
22,1836000,341000,4.0,0,1,lunes,1
45,1294000,272000,3.6,0,1,lunes,1
44,1426000,69000,11.0,0,1,martes,1
22,960000,280000,3.5,0,0,jueves,1
43,827000,216000,2.2,0,3,lunes,1
38,1067000,333000,10.5,0,0,jueves,1
51,1145000,204000,11.8,0,2,martes,1
62,1052000,192000,4.7,0,0,jueves,1
44,1108000,193000,2.9,0,1,viernes,1
61,1269000,191000,3.3,0,0,martes,1
59,1662000,512000,6.4,0,2,miércoles,1
27,625000,93000,0.3,0,2,viernes,1
58,673000,20000,9.3,0,3,lunes,1
28,272000,88000,8.4,0,0,jueves,1
25,1056000,153000,4.5,1,0,jueves,1
28,579000,26000,10.0,0,1,martes,1
47,422000,85000,1.3,0,0,martes,1
22,930000,142000,2.9,0,1,jueves,1
51,648000,33000,6.5,0,0,jueves,1
49,1564000,224000,0.7,0,3,miércoles,1
41,1766000,167000,1.4,0,3,viernes,1
21,1336000,575000,0.6,0,2,jueves,0
32,828000,169000,1.2,0,0,jueves,1
46,533000,132000,4.2,0,1,martes,1
26,666000,166000,0.7,0,3,martes,1
47,645000,83000,0.8,0,1,jueves,1
54,833000,165000,2.4,0,0,lunes,1
55,863000,124000,22.0,1,0,viernes,1
20,2193000,401000,0.4,1,0,viernes,1
42,1452000,368000,1.3,0,0,miércoles,1
44,2332000,131000,13.2,0,0,viernes,1
34,1110000,54000,4.5,0,0,lunes,1
65,673000,32000,10.5,0,1,jueves,1
36,750000,216000,1.0,0,0,jueves,1
53,985000,187000,1.4,0,2,miércoles,1
50,1190000,110000,5.3,0,0,martes,1
27,1677000,509000,9.0,1,0,miércoles,1
22,769000,130000,4.0,0,0,viernes,1
59,841000,108000,1.5,0,0,martes,1
31,1087000,85000,4.2,0,3,martes,1
50,1817000,276000,1.0,0,0,martes,1
39,821000,25000,3.9,0,0,martes,1
55,1259000,122000,3.6,0,0,miércoles,1
43,610000,113000,4.4,0,0,miércoles,1
32,1201000,548000,5.8,0,1,martes,0
29,1244000,337000,0.5,1,0,martes,0
63,1296000,414000,0.4,0,2,lunes,1
51,1811000,393000,1.1,0,1,jueves,1
51,975000,214000,2.7,0,1,lunes,1
46,1347000,388000,7.7,1,2,miércoles,0
30,669000,261000,5.4,0,0,lunes,1
31,586000,195000,6.5,0,1,lunes,1
35,975000,210000,3.2,0,1,miércoles,1
62,891000,176000,1.1,0,2,lunes,1
28,2150000,149000,0.9,0,0,miércoles,1
41,1369000,520000,0.8,0,0,jueves,1
20,1879000,408000,2.0,1,1,viernes,0
25,1192000,227000,3.4,1,1,miércoles,0
23,1459000,382000,5.0,0,1,jueves,1
54,883000,244000,1.9,0,4,jueves,0
27,1354000,245000,0.7,0,1,miércoles,1
29,791000,256000,1.4,0,3,jueves,0
60,800000,433000,2.6,0,0,lunes,0
53,348000,111000,11.8,1,1,jueves,1
48,1188000,876000,0.4,0,1,viernes,0
61,1499000,45000,0.4,1,0,viernes,1
40,1353000,313000,0.1,0,1,viernes,1
45,1127000,657000,7.2,0,1,jueves,0
43,820000,58000,9.2,0,1,martes,1
59,351000,47000,10.9,0,0,miércoles,1
63,592000,91000,1.9,0,0,miércoles,1
33,943000,255000,1.8,0,3,jueves,1
38,1371000,135000,8.2,0,1,viernes,1
49,1724000,246000,6.2,0,3,miércoles,1
38,1669000,438000,5.9,0,1,lunes,1
27,744000,84000,4.0,0,0,miércoles,1
28,911000,186000,10.0,0,3,miércoles,1
24,562000,99000,4.5,0,2,lunes,1
26,436000,79000,3.5,0,2,miércoles,1
56,682000,180000,0.2,0,0,miércoles,1
21,700000,72000,3.0,0,0,miércoles,1
52,668000,105000,7.4,0,0,lunes,1
45,1431000,804000,4.6,0,0,lunes,0
62,1951000,155000,6.4,0,1,miércoles,1
46,696000,63000,11.4,0,0,lunes,1
62,2140000,179000,5.9,0,1,jueves,1
44,465000,152000,0.5,0,0,miércoles,1
60,1211000,203000,4.6,0,4,martes,1
53,1301000,56000,3.4,1,0,jueves,1
48,533000,123000,14.6,0,1,jueves,1
26,1562000,543000,3.9,0,0,martes,1
45,844000,127000,12.3,0,0,miércoles,1
46,1128000,69000,5.0,0,3,jueves,1
31,1671000,761000,3.0,0,0,viernes,0
63,1356000,487000,9.5,0,2,lunes,1
28,817000,144000,8.4,1,1,jueves,1
47,976000,204000,0.4,0,2,jueves,1
40,2191000,1136000,9.4,1,0,martes,0
55,459000,97000,12.6,0,1,viernes,1
47,1533000,359000,0.3,0,0,viernes,1
43,1542000,440000,1.6,0,1,lunes,1
38,2341000,141000,2.6,0,1,viernes,1
25,1831000,308000,2.8,0,0,miércoles,1
64,503000,29000,1.4,0,1,viernes,1
65,1312000,636000,2.5,0,1,martes,0
58,1182000,283000,11.5,0,0,martes,1
36,1470000,341000,3.4,0,0,viernes,1
48,2285000,414000,3.4,0,1,viernes,1
27,1177000,182000,9.0,0,2,jueves,1
38,919000,106000,3.0,0,0,martes,1
46,913000,125000,3.8,0,0,lunes,1
22,1638000,308000,1.4,1,1,jueves,1
25,625000,59000,0.7,1,0,miércoles,0
61,1354000,283000,5.9,0,0,miércoles,1
37,1183000,168000,14.3,0,1,miércoles,1
55,445000,60000,3.5,0,2,lunes,1
45,1254000,215000,0.7,0,3,lunes,1
35,609000,86000,4.4,0,0,miércoles,1
20,2465000,349000,2.0,0,1,viernes,1
27,661000,88000,0.2,0,1,jueves,1
60,1559000,235000,8.2,0,0,martes,1
55,896000,139000,3.9,0,4,viernes,1
31,625000,144000,2.7,1,4,miércoles,0
44,1223000,349000,12.9,0,1,miércoles,1
46,555000,163000,2.9,0,4,martes,1
51,915000,107000,11.5,0,1,miércoles,1
50,1899000,340000,0.9,0,1,miércoles,1
49,860000,149000,1.4,1,0,martes,1
38,2728000,255000,0.0,0,0,martes,1
49,1622000,298000,7.5,1,4,jueves,0
61,506000,114000,14.5,1,0,viernes,1
25,2710000,233000,2.0,0,0,miércoles,1
55,2165000,356000,6.8,1,2,lunes,1
39,414000,64000,1.0,1,2,miércoles,1
50,878000,139000,0.6,1,0,martes,1
42,2304000,138000,2.9,1,0,jueves,1
47,967000,153000,1.9,0,1,martes,1
49,1021000,206000,0.4,0,1,martes,1
56,667000,86000,11.4,0,0,viernes,1
41,1023000,436000,5.1,0,1,miércoles,1
24,1272000,190000,6.0,0,2,lunes,1
22,2385000,212000,4.0,0,1,miércoles,1
60,742000,195000,1.1,0,1,lunes,1
60,1074000,339000,1.3,0,0,viernes,1
34,2184000,667000,1.5,1,0,miércoles,0
62,1305000,381000,8.0,1,3,viernes,0
22,571000,95000,1.9,0,1,viernes,1
58,1480000,389000,4.4,0,0,martes,1
36,1212000,36000,0.8,0,0,martes,1
32,468000,72000,13.8,0,0,miércoles,1
35,1917000,516000,17.0,0,0,martes,1
56,546000,262000,5.9,0,1,lunes,1
65,1754000,672000,9.9,0,0,lunes,1
28,1131000,165000,0.8,0,2,viernes,1
33,1380000,290000,7.2,1,0,martes,0
30,579000,42000,1.5,0,3,viernes,1
35,720000,432000,5.8,0,1,lunes,0
32,1066000,219000,0.7,0,3,jueves,1
58,765000,174000,7.3,0,0,lunes,1
60,613000,39000,0.5,0,1,lunes,1
57,814000,82000,4.9,0,2,lunes,1
62,659000,107000,11.5,0,2,jueves,1
41,1058000,220000,4.1,0,1,miércoles,1
56,695000,142000,1.7,0,0,miércoles,1
60,229000,67000,1.4,1,0,viernes,1
40,2244000,497000,5.3,1,1,lunes,0
20,1010000,174000,1.8,0,0,viernes,1
58,1335000,447000,0.9,0,0,miércoles,1
53,391000,69000,0.5,1,1,martes,1
60,588000,134000,9.6,0,0,martes,1
23,1007000,102000,5.0,0,0,miércoles,1
64,2793000,84000,3.1,0,0,martes,1
27,1205000,338000,9.0,0,2,miércoles,1
51,813000,260000,6.4,0,1,jueves,1
64,1085000,180000,1.8,0,0,viernes,1
62,506000,38000,3.0,0,0,lunes,1
65,600000,285000,5.0,0,1,lunes,0
63,1459000,217000,3.4,0,1,jueves,1
49,1027000,199000,19.9,0,3,viernes,1
51,1097000,108000,1.7,0,1,viernes,1
40,1756000,455000,5.5,0,0,lunes,1
39,1096000,44000,4.3,0,1,lunes,1
60,482000,75000,0.9,0,1,lunes,1
38,2139000,166000,5.1,0,0,jueves,1
39,1371000,494000,2.0,0,0,martes,1
30,1639000,155000,2.7,0,0,viernes,1
45,771000,75000,1.7,0,1,miércoles,1
63,1251000,38000,3.6,1,2,martes,1
25,2097000,617000,4.9,0,0,lunes,1
49,753000,141000,2.9,1,0,viernes,1
43,1484000,297000,6.9,1,1,miércoles,1
53,1960000,177000,4.5,0,1,viernes,1
26,2432000,280000,2.2,0,1,viernes,1
23,575000,100000,5.0,0,1,viernes,1
34,604000,56000,2.4,0,2,miércoles,1
44,689000,137000,1.2,0,0,jueves,1
31,999000,257000,1.3,0,0,jueves,1
46,945000,179000,0.5,0,2,miércoles,0
53,1067000,149000,7.8,0,0,martes,1
20,1254000,101000,1.3,0,0,martes,1
49,695000,198000,1.7,0,0,miércoles,1
36,1315000,184000,2.7,0,0,viernes,1
58,599000,190000,3.6,0,0,lunes,1
63,916000,96000,9.4,1,1,viernes,1
60,509000,132000,6.1,0,2,viernes,1
27,2185000,66000,4.0,0,1,viernes,1
25,290000,33000,1.7,0,1,lunes,1
56,767000,72000,11.6,0,0,miércoles,1
65,494000,17000,6.2,0,1,viernes,1
31,1301000,565000,0.1,0,1,martes,1
59,1368000,154000,10.1,0,1,martes,1
46,907000,72000,1.0,0,2,miércoles,1
36,598000,30000,6.3,0,0,jueves,1
22,498000,60000,4.0,0,1,jueves,1
46,684000,21000,1.3,0,1,viernes,1
48,1017000,182000,4.6,0,1,lunes,1
23,1793000,121000,0.7,0,0,jueves,1
37,1251000,187000,9.5,0,1,martes,1
29,1707000,263000,1.8,0,1,miércoles,1
25,979000,208000,3.2,0,1,martes,1
34,950000,339000,1.9,0,1,viernes,1
24,1209000,128000,4.3,1,1,miércoles,1
43,1153000,490000,2.5,0,2,viernes,1
57,735000,236000,12.7,0,1,viernes,1
24,1391000,361000,0.4,0,0,jueves,1
54,1182000,136000,0.7,0,0,jueves,1
65,766000,65000,0.9,0,1,lunes,1
28,1323000,237000,10.0,0,1,martes,1
61,792000,159000,4.0,0,0,viernes,1
64,928000,32000,6.6,0,0,jueves,1
37,820000,187000,1.6,1,0,jueves,1
23,1032000,216000,5.0,0,2,jueves,1
57,1490000,70000,1.5,1,1,miércoles,1
22,560000,52000,1.4,0,2,jueves,1
43,1231000,589000,1.5,0,1,martes,1
35,906000,48000,16.6,0,2,martes,1
31,728000,169000,0.5,0,0,jueves,1
41,578000,142000,14.1,0,2,jueves,1
45,1368000,277000,2.7,1,0,martes,1
26,861000,159000,4.4,0,2,viernes,1
26,1137000,42000,0.0,0,2,jueves,1
64,1174000,38000,9.6,0,0,martes,1
49,2034000,454000,0.4,0,2,jueves,1
52,1995000,458000,24.4,0,0,lunes,1
58,1545000,344000,2.3,0,2,viernes,1
28,1584000,554000,7.5,1,1,jueves,0
21,2793000,635000,3.0,0,0,martes,1
38,1242000,241000,4.3,0,0,miércoles,1
23,1408000,757000,5.0,0,1,miércoles,0
29,1351000,228000,3.0,0,0,viernes,1
31,775000,149000,1.2,0,2,viernes,1
26,1069000,324000,3.9,0,1,miércoles,1
27,1109000,151000,4.9,0,0,viernes,1
63,1138000,365000,2.7,1,2,miércoles,0
24,1139000,109000,4.5,0,1,martes,1
31,1007000,222000,4.1,1,0,lunes,1
54,1445000,78000,2.2,0,1,miércoles,1
29,618000,227000,11.0,0,0,lunes,1
31,1277000,145000,1.3,0,0,viernes,1
34,745000,350000,0.1,0,1,viernes,0
54,406000,93000,1.3,0,2,martes,1
60,530000,163000,3.3,0,2,lunes,1
33,1006000,190000,2.7,1,2,viernes,1
57,1410000,48000,9.3,0,1,miércoles,1
40,821000,308000,0.6,0,0,viernes,1
53,980000,244000,5.0,0,0,lunes,1
53,1280000,146000,11.8,0,2,jueves,1
41,879000,146000,1.2,1,1,jueves,1
61,1346000,371000,0.5,1,0,jueves,0
20,1962000,59000,0.6,0,1,lunes,1
41,1736000,338000,2.1,1,0,viernes,1
32,741000,52000,5.0,0,0,miércoles,1
35,640000,88000,14.1,0,1,miércoles,1
35,2469000,197000,5.6,1,0,viernes,1
50,1776000,53000,0.5,0,0,viernes,1
55,1998000,71000,1.7,1,1,martes,1
31,1201000,208000,0.0,1,3,jueves,0
33,804000,282000,0.9,1,2,lunes,0
30,1442000,145000,8.5,0,0,viernes,1
61,647000,34000,5.0,0,2,martes,1
26,935000,316000,4.0,0,2,martes,1
61,1346000,649000,12.2,0,2,miércoles,1
33,1160000,116000,0.5,0,1,jueves,1
55,729000,51000,0.3,0,0,martes,1
45,1341000,214000,1.1,0,1,lunes,1
20,935000,143000,2.0,0,2,miércoles,0
49,1446000,164000,16.2,1,1,martes,1
42,931000,123000,2.0,0,1,martes,1
62,1008000,279000,15.2,0,1,martes,1
35,669000,128000,0.2,0,0,jueves,1
33,2421000,710000,10.1,0,1,martes,1
35,2124000,354000,6.5,0,2,jueves,1
54,724000,91000,4.1,0,0,lunes,1
23,853000,59000,5.0,1,1,miércoles,1
48,1820000,813000,1.6,0,0,miércoles,1
38,630000,301000,0.3,0,1,miércoles,0
63,1661000,188000,9.1,0,1,lunes,1
41,1529000,471000,0.6,0,3,miércoles,1
64,866000,266000,5.8,0,0,jueves,1
63,1726000,268000,9.8,0,1,viernes,1
41,1243000,289000,2.3,0,3,viernes,1
30,1131000,101000,1.7,0,1,viernes,1
38,1207000,254000,0.2,1,1,miércoles,0
32,1174000,170000,0.4,0,2,martes,1
58,635000,171000,10.0,0,3,viernes,1
65,1088000,269000,5.5,0,1,viernes,1
21,964000,159000,3.0,0,0,viernes,1
36,938000,369000,5.4,1,2,viernes,0
53,1277000,348000,4.8,0,0,lunes,1
60,898000,81000,12.0,0,1,miércoles,1
58,1130000,278000,0.3,0,0,miércoles,1
40,1376000,450000,13.4,0,0,martes,1
60,755000,260000,2.2,0,0,lunes,1
52,998000,63000,0.4,0,0,martes,1
20,692000,45000,2.0,0,0,martes,1
59,931000,148000,0.8,0,0,miércoles,1
48,1477000,263000,10.8,0,2,lunes,1
64,1276000,289000,14.7,0,0,jueves,1
38,473000,93000,0.0,0,1,martes,1
31,685000,347000,11.0,0,3,jueves,1
23,1219000,526000,0.0,0,1,miércoles,1
25,309000,36000,7.0,0,1,martes,1
56,841000,165000,2.1,0,3,jueves,1
50,618000,51000,0.9,0,0,lunes,1
38,997000,82000,0.2,0,0,viernes,1
49,379000,171000,13.0,0,0,viernes,1
46,851000,260000,0.1,0,2,jueves,0
34,953000,263000,0.6,0,2,martes,1
36,448000,45000,18.0,0,0,viernes,1
25,1242000,205000,2.8,0,1,viernes,1
33,1164000,479000,11.2,1,3,jueves,0
62,1364000,565000,2.5,0,0,viernes,1
56,618000,101000,7.5,0,2,martes,1
39,1131000,375000,12.6,0,0,viernes,1
58,949000,211000,9.1,0,1,viernes,1
33,1429000,261000,2.3,0,0,jueves,1
26,1323000,40000,6.3,0,0,martes,1
27,777000,36000,2.1,1,2,jueves,1
43,1044000,237000,0.7,0,2,viernes,1
53,1316000,180000,1.2,0,2,miércoles,1
26,932000,300000,1.3,0,0,martes,1
65,1413000,111000,1.3,0,1,viernes,1
25,1178000,71000,1.1,1,1,lunes,1
29,1097000,130000,7.4,1,1,lunes,1
25,782000,23000,6.7,0,5,viernes,1
50,693000,158000,2.1,0,2,jueves,1
56,409000,35000,16.5,0,4,miércoles,1
31,414000,69000,6.0,1,2,jueves,1
56,542000,41000,0.6,0,2,lunes,1
27,1028000,102000,0.4,0,3,jueves,1
40,708000,267000,2.8,0,2,martes,1
36,857000,216000,4.8,0,0,miércoles,1
28,1082000,322000,1.0,0,0,martes,1
54,341000,47000,2.0,0,0,viernes,1
21,898000,163000,3.0,0,2,lunes,1
22,2384000,682000,4.0,0,2,martes,1
23,938000,403000,5.0,0,1,miércoles,1
22,680000,29000,4.0,0,1,martes,1
62,793000,395000,4.0,0,1,lunes,0
29,579000,104000,6.0,0,0,miércoles,1
35,1111000,301000,5.6,1,1,martes,0
52,2494000,209000,13.2,0,2,lunes,1
25,2404000,153000,6.0,0,3,lunes,1
29,427000,95000,0.9,1,0,martes,1
62,791000,255000,8.9,0,1,jueves,1
63,1387000,503000,0.5,0,1,viernes,1
62,781000,23000,7.0,0,2,jueves,1
30,2466000,499000,5.2,1,1,lunes,1
39,629000,131000,5.8,0,4,lunes,1
46,1394000,469000,18.6,0,0,lunes,1
35,861000,211000,5.3,0,2,lunes,1
23,698000,185000,3.4,1,2,miércoles,1
30,394000,12000,0.8,0,1,viernes,1
21,1056000,55000,0.5,0,2,martes,1
46,1458000,317000,1.8,0,1,jueves,1
65,1334000,191000,7.3,0,1,martes,1
30,1408000,109000,7.7,1,0,martes,1
22,1075000,149000,4.0,1,2,viernes,0
31,1113000,73000,1.8,0,2,lunes,1
47,1756000,157000,2.2,0,1,martes,1
62,413000,57000,5.4,0,2,viernes,1
64,1613000,398000,2.5,0,1,lunes,1
22,1009000,73000,2.3,0,1,jueves,1
24,547000,68000,4.0,0,2,lunes,1
28,1128000,412000,5.8,0,0,martes,1
34,429000,61000,3.8,1,0,lunes,1
23,1361000,41000,1.2,0,2,martes,1
40,902000,134000,2.1,0,3,viernes,1
21,663000,165000,0.8,0,0,miércoles,1
65,2103000,183000,1.6,0,2,jueves,1
24,407000,40000,0.8,0,0,jueves,1
47,1978000,416000,4.5,0,0,martes,1
62,1500000,58000,2.8,0,2,jueves,1
44,568000,83000,2.2,0,1,viernes,1
63,871000,279000,2.1,0,0,viernes,1
35,567000,287000,3.3,0,1,martes,0
65,589000,160000,1.4,0,1,viernes,1
24,2953000,1102000,0.9,0,1,jueves,1
35,659000,77000,1.6,0,0,martes,1
47,1042000,51000,0.8,0,2,lunes,1
64,1503000,349000,4.5,1,3,viernes,0
60,851000,137000,4.9,0,0,miércoles,1
62,721000,28000,17.2,0,2,lunes,1
39,1057000,226000,0.5,0,3,viernes,1
34,978000,484000,1.2,0,1,martes,0
60,630000,329000,2.0,1,1,jueves,0
46,1029000,153000,3.4,0,0,martes,1
22,613000,94000,0.0,0,0,martes,1
49,830000,89000,4.8,0,0,martes,1
48,1079000,343000,0.5,0,0,viernes,1
28,1602000,339000,0.6,1,1,martes,0
45,764000,23000,3.9,1,0,lunes,1
55,549000,187000,1.9,0,0,lunes,1
48,942000,231000,3.7,0,0,martes,1
48,1191000,239000,15.7,0,2,martes,1
23,1510000,305000,5.0,0,1,jueves,1
34,971000,130000,5.9,0,2,lunes,1
47,615000,169000,1.1,0,2,lunes,1
53,605000,133000,14.7,0,2,lunes,1
48,529000,149000,1.9,0,1,martes,1
40,980000,264000,7.2,0,2,viernes,1
57,602000,23000,13.0,0,2,martes,1
25,787000,147000,3.3,0,0,viernes,1
33,1426000,112000,4.7,0,2,lunes,1
39,791000,337000,0.7,0,0,jueves,1
65,999000,351000,18.1,0,2,miércoles,1
25,1039000,294000,7.0,1,1,jueves,0
46,623000,126000,1.7,0,0,jueves,1
38,753000,152000,5.6,0,0,martes,1
29,1271000,115000,2.1,0,1,martes,1
31,570000,165000,12.6,0,0,viernes,1
41,1726000,607000,13.2,0,2,martes,1
23,1259000,558000,5.0,0,2,martes,1
46,1355000,384000,1.1,1,3,viernes,0
26,804000,182000,2.7,1,1,miércoles,1
54,677000,99000,1.5,1,0,jueves,1
24,1250000,55000,0.3,0,1,martes,1
28,2538000,692000,0.7,0,2,miércoles,1
54,1427000,573000,2.3,0,2,miércoles,0
52,726000,332000,5.9,0,2,martes,0
60,424000,133000,9.8,0,0,martes,1
30,843000,274000,2.6,0,0,miércoles,1
31,779000,167000,2.4,0,1,viernes,1
33,584000,94000,0.2,0,3,lunes,1
39,721000,85000,5.7,0,2,jueves,1
64,1773000,335000,4.9,0,1,miércoles,1
61,703000,73000,7.3,0,0,martes,1
64,1081000,176000,2.0,0,1,lunes,1
35,1603000,345000,17.0,0,0,martes,1
64,1500000,495000,1.0,0,1,lunes,1
48,1395000,63000,3.5,0,0,lunes,1
60,614000,140000,12.4,1,2,lunes,1
53,1242000,395000,3.9,0,0,miércoles,1
56,367000,25000,2.0,0,0,jueves,1
47,550000,116000,11.7,0,0,miércoles,1
63,1299000,129000,0.7,0,0,viernes,1
65,1433000,158000,6.9,0,0,miércoles,1
47,1473000,161000,7.0,0,0,lunes,1
22,1068000,105000,4.0,0,1,viernes,1
35,1336000,190000,6.7,1,2,martes,0
24,828000,99000,1.1,0,0,jueves,1
64,574000,31000,6.9,0,1,jueves,1
65,1091000,64000,6.8,0,0,jueves,1
25,1789000,784000,6.8,0,0,miércoles,1
46,2125000,290000,3.4,0,0,jueves,1
47,1272000,278000,8.1,0,0,martes,1
37,522000,273000,4.7,0,1,jueves,0
41,1056000,144000,1.0,0,1,lunes,1
63,927000,72000,18.5,0,1,martes,1
28,730000,64000,6.2,0,1,viernes,1
61,1067000,37000,7.7,1,1,lunes,1
40,685000,139000,15.2,0,0,miércoles,1
60,866000,116000,4.0,1,0,miércoles,1
62,1471000,182000,6.3,0,2,martes,1
21,573000,156000,0.8,1,1,miércoles,0
37,1435000,199000,7.0,0,2,viernes,1
38,784000,121000,7.0,0,1,miércoles,1
33,1103000,118000,2.3,0,0,lunes,1
58,2211000,709000,4.9,0,1,martes,1
30,738000,56000,6.4,0,1,lunes,1
39,902000,397000,3.8,0,1,martes,1
52,1467000,502000,12.5,0,1,jueves,1
51,1277000,235000,3.0,0,0,viernes,1
22,2952000,684000,4.0,0,0,miércoles,1
57,1444000,229000,10.6,0,2,lunes,1
64,1015000,141000,0.7,1,2,viernes,1
51,659000,145000,6.8,0,0,martes,1
45,1129000,109000,6.0,0,0,jueves,1
32,2663000,419000,1.9,0,1,viernes,1
22,1186000,99000,0.7,0,3,jueves,1
53,576000,24000,8.2,1,1,lunes,1
31,877000,310000,2.7,0,0,lunes,1
63,749000,56000,4.0,0,1,viernes,1
42,1128000,255000,2.7,0,2,miércoles,1
39,891000,100000,7.6,0,2,miércoles,1
29,749000,125000,0.9,0,1,miércoles,1
34,618000,104000,1.7,0,2,lunes,1
64,881000,294000,7.5,0,2,lunes,1
49,1217000,545000,3.8,0,2,martes,1
44,1569000,223000,1.5,0,1,lunes,1
31,793000,392000,1.1,0,1,jueves,0
37,1663000,201000,1.7,0,1,lunes,1
35,393000,92000,1.7,1,1,lunes,0
56,2075000,400000,2.5,0,1,viernes,1
37,467000,108000,1.6,0,5,lunes,1
41,725000,92000,1.0,1,0,viernes,1
58,919000,35000,3.7,0,1,miércoles,1
31,754000,115000,1.2,0,2,lunes,1
54,2449000,446000,16.8,1,1,viernes,1
30,746000,166000,7.8,0,1,miércoles,1
59,2377000,1450000,14.0,0,0,miércoles,1
35,166000,66000,0.3,0,5,viernes,0
20,371000,208000,2.0,0,0,lunes,0
40,1028000,432000,0.8,0,0,jueves,1
28,574000,77000,9.9,0,0,lunes,1
41,479000,168000,5.7,0,2,viernes,1
62,815000,26000,5.2,1,1,viernes,1
38,758000,158000,3.7,0,1,martes,1
47,707000,151000,2.2,0,1,lunes,1
37,736000,108000,4.7,0,1,jueves,1
63,975000,222000,8.6,0,0,miércoles,1
41,1252000,95000,5.5,0,0,lunes,1
37,1403000,579000,3.9,0,1,jueves,1
32,977000,396000,4.7,1,1,martes,0
29,516000,77000,6.9,0,1,viernes,1
42,644000,152000,4.2,0,0,jueves,1
49,745000,89000,5.6,0,2,miércoles,1
59,1333000,313000,5.9,0,0,miércoles,1
29,587000,103000,6.6,0,0,martes,1
29,1500000,336000,2.9,0,1,viernes,1
32,516000,136000,3.1,0,1,jueves,1
42,1010000,176000,1.3,1,2,martes,1
38,827000,225000,13.7,1,1,lunes,1
26,1316000,371000,0.3,0,1,jueves,1
54,1547000,126000,2.6,0,1,jueves,1
46,906000,192000,4.0,1,2,lunes,0
44,768000,234000,3.1,0,1,viernes,1
22,1424000,355000,4.0,0,0,miércoles,1
46,722000,179000,7.2,0,0,viernes,1
47,1114000,243000,0.6,1,1,jueves,0
42,1056000,32000,5.5,0,0,miércoles,1
32,797000,277000,1.3,1,0,martes,0
63,710000,67000,0.4,0,0,martes,1
50,1412000,266000,4.5,0,2,jueves,1
65,1148000,71000,7.3,0,0,martes,1
50,609000,220000,0.5,0,1,miércoles,1
43,552000,17000,1.7,1,3,miércoles,1
29,1593000,635000,9.4,1,1,jueves,0
44,2393000,871000,3.4,0,0,martes,1
47,940000,422000,3.5,0,2,jueves,0
20,916000,356000,0.2,0,0,martes,1
42,1436000,246000,6.8,0,0,viernes,1
55,755000,183000,0.5,0,2,miércoles,1
29,554000,174000,3.2,0,0,miércoles,1
52,1363000,393000,1.5,0,1,martes,1
63,906000,139000,19.0,0,4,viernes,1
23,1778000,552000,5.0,1,1,viernes,1
61,1089000,188000,7.6,0,0,lunes,1
25,1406000,215000,3.4,1,1,jueves,1
37,742000,239000,2.1,0,2,martes,1
22,1272000,111000,4.0,0,0,martes,1
57,829000,247000,8.1,1,1,miércoles,1
39,1519000,710000,3.4,0,1,lunes,0
42,1920000,293000,3.2,0,0,jueves,1
46,938000,71000,0.1,0,0,martes,1
46,899000,180000,8.4,0,1,miércoles,1
23,445000,110000,4.8,0,2,jueves,1
26,2276000,742000,2.2,0,0,martes,1
63,2488000,369000,16.2,0,1,miércoles,1
46,1766000,372000,3.1,0,4,lunes,1
22,572000,46000,4.0,0,0,jueves,1
27,967000,560000,1.8,1,0,jueves,0
27,677000,71000,4.1,0,2,lunes,1
29,1074000,268000,2.6,0,1,lunes,1
56,846000,50000,21.4,0,1,viernes,1
26,888000,251000,8.0,0,2,martes,1
50,378000,32000,3.7,0,0,jueves,1
51,975000,120000,1.9,0,1,martes,1
59,1498000,457000,4.8,0,1,viernes,1
51,820000,274000,0.3,0,2,viernes,1
61,622000,89000,3.3,0,1,viernes,1
28,653000,20000,3.9,0,3,viernes,1
65,746000,233000,6.7,0,0,viernes,1
40,776000,118000,1.1,0,1,jueves,1
47,769000,269000,7.4,0,1,viernes,1
37,2624000,234000,1.7,0,1,viernes,1
46,737000,77000,5.2,0,1,miércoles,1
47,889000,182000,4.9,1,2,viernes,1
20,1422000,116000,2.0,0,0,jueves,1
27,1073000,68000,2.2,0,1,miércoles,1
41,641000,146000,1.4,0,0,lunes,1
61,769000,52000,2.1,0,2,jueves,1
32,953000,36000,0.6,0,0,viernes,1
26,1165000,232000,3.5,0,2,jueves,1
22,570000,58000,4.0,0,1,lunes,1
64,1464000,372000,20.7,0,1,miércoles,1
48,1516000,92000,5.6,0,3,viernes,1
52,718000,121000,4.8,0,2,jueves,1
22,937000,72000,4.0,0,1,viernes,1
41,1348000,144000,1.4,0,1,lunes,1
48,819000,244000,0.4,0,1,miércoles,1
64,350000,107000,1.9,0,0,miércoles,1
64,666000,313000,0.1,0,1,lunes,1
62,3264000,518000,10.6,0,1,jueves,1
39,664000,253000,0.7,0,1,martes,0
39,886000,70000,5.9,0,2,jueves,1
50,2449000,707000,5.2,0,1,martes,1
65,776000,177000,3.6,0,3,miércoles,1
20,752000,35000,2.0,0,1,martes,1
38,645000,132000,9.0,0,1,jueves,1
36,1254000,483000,14.3,1,1,jueves,0
62,648000,76000,1.2,0,0,lunes,1
25,1507000,260000,2.7,0,2,viernes,1
30,1698000,457000,5.4,0,0,viernes,1
31,2029000,132000,13.0,0,1,lunes,1
25,1771000,221000,3.0,1,2,lunes,1
21,882000,58000,0.4,0,1,jueves,1
41,494000,59000,4.6,1,1,miércoles,1
42,654000,198000,4.3,0,2,jueves,1
20,2827000,124000,2.0,0,2,martes,1
55,995000,246000,11.0,0,0,lunes,1
33,1340000,120000,5.5,0,0,martes,1
53,515000,22000,0.2,0,0,lunes,1
61,1688000,683000,2.4,0,1,viernes,0
65,1116000,246000,9.8,0,0,jueves,1
52,707000,106000,0.9,0,0,jueves,1
61,1565000,286000,0.1,0,0,martes,1
41,1217000,103000,6.6,0,3,jueves,1
52,373000,91000,7.1,0,1,lunes,1
57,1352000,143000,9.7,0,1,miércoles,1
54,1113000,418000,8.8,0,2,viernes,1
44,577000,296000,16.0,0,1,jueves,1
46,835000,173000,7.1,1,0,jueves,0
54,730000,92000,5.2,0,0,lunes,1
20,1809000,109000,2.0,0,2,miércoles,1
65,1358000,76000,5.2,0,0,viernes,1
55,974000,96000,6.6,0,1,lunes,1
63,1026000,102000,2.9,0,3,lunes,1
48,1222000,295000,5.0,0,2,lunes,1
48,1360000,185000,17.1,0,1,viernes,1
62,1748000,386000,0.8,0,2,jueves,1
40,2142000,163000,3.3,0,2,viernes,1
28,689000,139000,4.6,0,2,viernes,1
41,775000,139000,1.7,0,1,lunes,1
62,974000,173000,2.9,0,0,martes,1
31,813000,174000,2.3,1,1,lunes,0
27,1514000,236000,2.0,0,0,martes,1
46,743000,184000,1.8,0,1,martes,1
22,954000,81000,0.4,0,1,miércoles,1
48,880000,223000,5.9,0,1,lunes,1
49,1470000,375000,4.2,0,1,jueves,1
36,1835000,580000,1.6,0,5,lunes,1
34,731000,60000,0.8,0,0,jueves,1
29,745000,447000,2.2,0,1,miércoles,0
44,1665000,251000,0.8,0,1,viernes,1
20,1539000,724000,0.4,1,2,miércoles,0
37,1376000,84000,15.0,0,1,viernes,1
24,2318000,615000,2.9,0,0,viernes,1
28,1335000,148000,1.4,0,0,jueves,1
31,1069000,243000,4.2,0,0,jueves,1
59,716000,60000,1.4,0,0,miércoles,1
40,952000,57000,0.8,0,1,miércoles,1
56,1513000,241000,3.6,0,0,martes,1
58,1510000,550000,1.9,0,1,lunes,1
33,705000,36000,15.0,0,2,jueves,1
26,598000,172000,8.0,0,2,viernes,1
35,382000,104000,0.5,0,2,viernes,1
50,895000,51000,11.5,0,1,miércoles,1
55,1479000,379000,3.9,0,1,viernes,1
56,1358000,151000,1.3,0,1,lunes,1
40,991000,244000,1.8,0,0,jueves,1
39,670000,20000,2.5,0,1,viernes,1
52,2332000,485000,0.8,0,0,viernes,1
52,1019000,85000,1.1,0,2,martes,1
62,987000,124000,0.9,0,3,martes,1
53,1877000,160000,2.0,0,0,miércoles,1
58,1849000,387000,5.1,0,4,viernes,1
42,1140000,273000,3.5,0,1,miércoles,1
47,578000,85000,0.1,0,2,viernes,1
30,1406000,240000,11.2,1,3,jueves,1
56,1517000,219000,0.4,0,2,viernes,1
50,916000,134000,7.0,0,3,viernes,1
28,2169000,359000,10.0,0,1,martes,1
39,844000,128000,3.3,0,1,martes,1
58,1295000,129000,5.2,0,2,martes,1
52,745000,336000,4.9,1,1,miércoles,0
31,812000,111000,7.1,1,1,miércoles,1
58,1362000,207000,4.7,0,2,miércoles,1
39,2117000,1301000,4.8,0,2,jueves,0
49,462000,16000,1.9,0,1,viernes,1
48,2186000,1284000,8.0,0,1,viernes,0
28,1287000,45000,0.9,0,0,martes,1
34,434000,13000,7.9,0,2,martes,1
61,735000,89000,2.7,0,0,viernes,1
58,1657000,192000,10.5,0,1,jueves,1
24,456000,191000,1.8,1,0,viernes,0
47,709000,299000,16.2,0,1,martes,1
54,1645000,598000,8.4,0,1,lunes,1
63,2541000,113000,5.0,0,0,jueves,1
44,494000,59000,17.5,0,2,jueves,1
32,1226000,59000,7.0,1,1,jueves,1
58,1747000,453000,2.3,0,3,miércoles,1
52,902000,72000,8.6,1,1,martes,1
62,888000,155000,13.0,0,0,jueves,1
27,786000,113000,5.8,0,0,lunes,1
40,1185000,118000,7.7,0,2,miércoles,1
27,1022000,196000,1.6,0,2,miércoles,1
23,816000,232000,3.2,0,0,martes,1
43,666000,285000,4.7,0,3,viernes,1
51,1657000,92000,2.7,0,3,martes,1
61,619000,78000,2.6,0,1,martes,1
41,988000,377000,6.2,0,3,martes,1
41,846000,269000,1.7,0,1,miércoles,1
45,1401000,336000,0.2,0,2,martes,1
45,1632000,289000,6.6,0,2,lunes,1
34,1035000,265000,3.1,0,0,jueves,1
63,1264000,318000,27.2,1,0,martes,1
57,784000,167000,5.3,0,1,lunes,1
29,2231000,480000,4.9,0,2,miércoles,1
64,740000,81000,3.9,0,1,miércoles,1
58,2860000,860000,4.2,0,0,miércoles,1
49,521000,113000,5.6,1,1,martes,1
55,838000,397000,4.0,0,0,miércoles,1
52,1106000,197000,4.7,0,0,viernes,1
50,910000,168000,11.1,0,1,martes,1
45,318000,20000,4.8,0,1,jueves,1
37,1727000,129000,0.4,0,2,viernes,1
23,818000,144000,4.3,0,1,martes,1
59,1779000,125000,5.9,0,2,lunes,1
38,802000,283000,2.8,0,1,martes,1
64,1240000,175000,2.0,0,1,miércoles,1
62,1591000,448000,2.6,0,0,martes,1
37,684000,159000,3.9,0,0,martes,1
57,1563000,192000,2.9,0,1,viernes,1
39,1110000,428000,3.6,0,1,miércoles,1
41,914000,219000,4.3,0,1,jueves,1
53,2369000,526000,0.4,0,2,miércoles,1
62,2311000,578000,2.0,0,2,martes,1
44,2720000,372000,3.9,1,2,miércoles,1
59,1075000,63000,5.9,1,0,lunes,1
29,526000,148000,2.0,0,2,jueves,1
35,481000,94000,11.3,0,1,jueves,1
60,1146000,247000,1.4,0,1,jueves,1
63,766000,83000,8.8,0,2,viernes,1
51,1204000,186000,4.5,1,0,miércoles,1
31,838000,76000,13.0,0,1,jueves,1
40,492000,168000,1.4,0,2,viernes,1
44,1042000,355000,1.9,1,2,lunes,0
38,1830000,706000,1.1,0,0,viernes,1
45,866000,182000,2.5,0,2,miércoles,1
49,765000,154000,0.9,0,1,martes,1
27,559000,25000,1.9,0,2,miércoles,1
34,1093000,475000,3.7,0,0,jueves,1
55,1211000,211000,2.4,0,3,miércoles,1
48,965000,346000,18.8,0,0,martes,1
24,1233000,160000,1.6,0,1,miércoles,1
25,1746000,99000,1.4,0,0,miércoles,1
44,1297000,422000,11.1,1,0,lunes,1
38,297000,88000,2.3,0,2,martes,1
35,1750000,117000,0.1,0,0,martes,1
57,1082000,403000,6.4,0,0,martes,1
51,537000,50000,0.2,0,1,lunes,1
26,1290000,616000,3.9,0,0,viernes,1
21,690000,181000,3.0,0,3,viernes,1
52,608000,72000,7.5,0,1,lunes,1
57,1164000,427000,5.5,1,0,martes,0
52,1532000,286000,2.3,0,2,lunes,1
54,1880000,502000,9.9,0,0,miércoles,1
54,934000,168000,17.7,0,0,jueves,1
43,1149000,326000,3.0,1,2,miércoles,0
21,845000,140000,1.0,0,1,lunes,1
35,634000,189000,7.9,0,0,lunes,1
58,308000,82000,4.8,0,1,jueves,1
40,1548000,582000,1.1,0,1,viernes,1
31,1152000,95000,2.7,0,1,miércoles,1
49,1285000,189000,0.8,0,2,lunes,1
27,971000,191000,3.5,0,0,viernes,1
26,1325000,117000,0.6,1,1,jueves,1
24,741000,425000,2.9,0,1,jueves,0
60,1796000,482000,4.5,0,1,jueves,1
47,1715000,721000,0.8,0,0,jueves,1
30,1990000,547000,7.4,0,4,jueves,1
53,657000,22000,5.4,0,0,miércoles,1
23,1337000,139000,5.0,0,1,miércoles,1
49,821000,46000,16.4,0,0,jueves,1
42,831000,114000,1.6,1,1,lunes,1
62,1075000,121000,13.6,0,0,miércoles,1
44,912000,133000,1.3,0,2,martes,1
37,483000,119000,4.4,1,0,miércoles,0
48,1318000,40000,5.8,0,0,viernes,1
24,1337000,119000,0.8,0,0,lunes,1
44,1053000,259000,4.8,0,0,jueves,1
33,1040000,262000,1.8,0,0,viernes,1
31,635000,52000,0.8,0,3,martes,1
29,1216000,273000,0.7,1,0,martes,0
41,2240000,529000,6.7,0,0,miércoles,1
53,600000,60000,0.1,1,1,viernes,1
29,811000,105000,11.0,0,0,martes,1
55,738000,210000,2.0,0,1,viernes,1
47,743000,156000,1.2,1,0,viernes,1
42,1370000,612000,4.1,0,0,martes,1
60,2039000,411000,4.1,0,1,lunes,1
32,2016000,520000,8.2,0,0,jueves,1
23,548000,204000,1.4,1,1,miércoles,0
40,988000,144000,0.8,0,2,martes,1
23,838000,59000,1.4,0,1,viernes,1
50,1691000,105000,1.4,0,1,lunes,1
27,1971000,284000,9.0,1,0,miércoles,1
27,816000,253000,9.0,0,0,lunes,1
62,446000,96000,2.5,1,0,martes,1
44,1305000,427000,5.8,0,1,martes,1
46,983000,225000,2.1,0,1,viernes,1
30,1491000,123000,0.9,0,1,viernes,1
46,1263000,125000,6.4,0,2,miércoles,1
55,1079000,269000,0.2,0,1,miércoles,1
46,734000,39000,1.6,0,1,miércoles,1
44,611000,291000,16.9,0,1,viernes,1
34,1408000,539000,3.9,0,0,lunes,1
42,665000,187000,5.1,0,1,jueves,1
27,1018000,46000,2.0,0,0,viernes,1
43,817000,147000,2.5,0,3,miércoles,1
36,678000,208000,3.3,0,1,martes,1
35,426000,65000,3.4,0,2,miércoles,1
37,1392000,676000,9.3,0,1,jueves,0
59,2124000,212000,2.4,0,1,martes,1
57,467000,59000,1.2,0,2,lunes,1
21,1797000,618000,1.9,0,0,viernes,1
48,336000,66000,11.5,1,0,martes,1
32,1548000,235000,1.6,0,0,martes,1
31,823000,269000,1.7,0,1,jueves,1
34,1074000,290000,0.5,0,1,lunes,1
36,818000,113000,18.0,0,2,miércoles,1
28,3221000,686000,7.0,0,0,martes,1
51,920000,215000,16.5,0,2,viernes,1
51,411000,122000,0.5,0,0,miércoles,1
62,1181000,215000,4.2,0,0,martes,1
21,2022000,536000,3.0,0,1,viernes,1
24,628000,79000,1.1,0,2,martes,1
48,1677000,317000,2.1,0,0,lunes,1
40,377000,212000,1.6,0,0,viernes,0
54,2002000,538000,4.0,0,1,lunes,1
43,603000,58000,3.9,0,1,martes,1
32,1481000,511000,2.3,1,0,jueves,0
22,1415000,299000,4.0,1,0,miércoles,1
32,1698000,536000,2.8,0,0,miércoles,1
20,1898000,152000,0.2,0,1,miércoles,1
40,1446000,292000,2.6,0,3,jueves,1
34,648000,104000,5.1,0,0,viernes,1
35,785000,58000,2.7,0,0,lunes,1
58,752000,226000,9.6,0,1,jueves,1
32,1130000,159000,6.3,0,3,viernes,1
60,731000,130000,2.4,0,2,martes,1
49,829000,95000,0.4,0,5,miércoles,1
50,1365000,272000,8.4,1,0,miércoles,1
32,2081000,312000,3.0,0,4,miércoles,1
60,903000,55000,3.6,0,1,jueves,1
51,1073000,193000,0.2,0,0,martes,1
56,1014000,30000,4.7,0,0,jueves,1
36,1062000,193000,0.8,0,1,jueves,1
25,1415000,343000,6.4,0,3,viernes,1
58,1095000,73000,3.7,0,2,jueves,1
25,1336000,443000,4.6,1,0,lunes,0
63,1019000,332000,30.7,0,3,miércoles,1
58,421000,35000,0.9,0,1,martes,1
53,991000,65000,0.5,0,1,martes,1
40,1389000,277000,9.9,0,2,jueves,1
36,727000,23000,2.2,0,0,lunes,1
44,1537000,366000,4.0,0,0,miércoles,1
47,628000,128000,5.9,0,0,lunes,1
30,887000,143000,7.7,0,1,viernes,1
55,936000,65000,5.1,0,1,martes,1
54,396000,162000,7.5,1,1,jueves,0
36,676000,42000,0.9,0,2,miércoles,1
58,555000,105000,2.6,0,2,martes,1
45,865000,217000,5.2,1,0,viernes,1
30,1185000,311000,1.7,0,0,miércoles,1
25,404000,98000,1.3,1,1,jueves,0
40,696000,84000,8.1,0,2,miércoles,1
42,1143000,88000,12.1,0,1,miércoles,1
57,1608000,510000,5.2,1,0,viernes,0
38,1638000,302000,4.3,0,0,miércoles,1
44,915000,162000,1.0,0,0,viernes,1
32,932000,237000,0.5,0,1,martes,1
59,1427000,379000,3.4,0,3,miércoles,1
30,1250000,291000,5.5,1,2,jueves,0
41,1754000,571000,4.6,0,0,viernes,1
25,563000,187000,2.0,0,0,martes,1
54,1226000,37000,1.9,0,2,jueves,1
24,1276000,204000,0.7,0,3,jueves,1
31,1490000,532000,13.0,0,0,lunes,1
20,353000,75000,0.4,0,0,miércoles,1
29,1008000,306000,1.4,0,1,miércoles,1
25,1459000,400000,1.7,0,0,jueves,1
43,1523000,389000,17.6,0,1,martes,1
64,1492000,92000,8.0,0,1,martes,1
46,375000,20000,3.6,1,1,martes,1
28,721000,190000,5.7,0,0,lunes,1
30,1287000,241000,3.8,1,1,miércoles,1
37,756000,23000,7.4,0,2,viernes,1
38,530000,41000,0.6,0,0,martes,1
65,668000,183000,0.1,1,1,jueves,0
38,892000,37000,2.4,0,4,jueves,1
38,1209000,118000,12.6,0,0,martes,1
51,914000,150000,2.4,0,3,lunes,1
59,705000,47000,5.7,1,3,viernes,1
22,1434000,233000,0.8,0,0,miércoles,1
32,605000,105000,0.8,1,1,viernes,1
54,1885000,380000,6.5,0,0,miércoles,1
64,776000,342000,3.6,1,0,viernes,0
33,1427000,55000,6.2,0,0,miércoles,1
40,847000,80000,2.1,0,0,miércoles,1
31,3223000,696000,0.4,0,0,martes,1
50,1714000,929000,5.5,0,1,viernes,0
